{"_id":"init-package-json","_rev":"88-7c063afcef725e00b1387be28f277617","name":"init-package-json","description":"A node module to get your node module started","dist-tags":{"latest":"1.10.3"},"versions":{"0.0.1":{"name":"init-package-json","version":"0.0.1","main":"init-package-json.js","scripts":{"test":"tap test/*.js"},"repository":{"type":"git","url":"git://github.com/isaacs/init-package-json"},"author":{"name":"Isaac Z. Schlueter","email":"i@izs.me","url":"http://blog.izs.me/"},"license":"BSD","description":"A node module to get your node module started","dependencies":{"promzard":"~0.1.5","read":"~0.1.0","read-package-json":"0.0.6","semver":"~1.0.14"},"devDependencies":{"tap":"~0.2.5","rimraf":"~2.0.2"},"keywords":["init","package.json","package","helper","wizard","wizerd","prompt","start"],"_id":"init-package-json@0.0.1","dist":{"shasum":"e6815c1e1160f8f2a0bdb821b25c197f51994183","tarball":"https://registry.npmjs.org/init-package-json/-/init-package-json-0.0.1.tgz"},"maintainers":[{"name":"isaacs","email":"i@izs.me"}],"directories":{}},"0.0.2":{"name":"init-package-json","version":"0.0.2","main":"init-package-json.js","scripts":{"test":"tap test/*.js"},"repository":{"type":"git","url":"git://github.com/isaacs/init-package-json"},"author":{"name":"Isaac Z. Schlueter","email":"i@izs.me","url":"http://blog.izs.me/"},"license":"BSD","description":"A node module to get your node module started","dependencies":{"promzard":"~0.1.5","read":"~0.1.0","read-package-json":"0.0.6","semver":"~1.0.14"},"devDependencies":{"tap":"~0.2.5","rimraf":"~2.0.2"},"keywords":["init","package.json","package","helper","wizard","wizerd","prompt","start"],"_id":"init-package-json@0.0.2","dist":{"shasum":"c23351cb8e633cf5015ba3a4649631f6999a3892","tarball":"https://registry.npmjs.org/init-package-json/-/init-package-json-0.0.2.tgz"},"maintainers":[{"name":"isaacs","email":"i@izs.me"}],"directories":{}},"0.0.3":{"name":"init-package-json","version":"0.0.3","main":"init-package-json.js","scripts":{"test":"tap test/*.js"},"repository":{"type":"git","url":"git://github.com/isaacs/init-package-json"},"author":{"name":"Isaac Z. Schlueter","email":"i@izs.me","url":"http://blog.izs.me/"},"license":"BSD","description":"A node module to get your node module started.","dependencies":{"promzard":"~0.1.5","read":"~0.1.0","read-package-json":"0.0.6","semver":"~1.0.14"},"devDependencies":{"tap":"~0.2.5","rimraf":"~2.0.2"},"keywords":["init","package.json","package","helper","wizard","wizerd","prompt","start"],"_id":"init-package-json@0.0.3","dist":{"shasum":"2f8ef81242bc950db92e092dcfe4a62f456ed2f9","tarball":"https://registry.npmjs.org/init-package-json/-/init-package-json-0.0.3.tgz"},"maintainers":[{"name":"isaacs","email":"i@izs.me"}],"directories":{}},"0.0.4":{"name":"init-package-json","version":"0.0.4","main":"init-package-json.js","scripts":{"test":"tap test/*.js"},"repository":{"type":"git","url":"git://github.com/isaacs/init-package-json"},"author":{"name":"Isaac Z. Schlueter","email":"i@izs.me","url":"http://blog.izs.me/"},"license":"BSD","description":"A node module to get your node module started.","dependencies":{"promzard":"~0.1.5","read":"~0.1.0","read-package-json":"0","semver":"~1.0.14"},"devDependencies":{"tap":"~0.2.5","rimraf":"~2.0.2"},"keywords":["init","package.json","package","helper","wizard","wizerd","prompt","start"],"_id":"init-package-json@0.0.4","dist":{"shasum":"60e8e61e3fd31866733d0a541ef36f43325eb269","tarball":"https://registry.npmjs.org/init-package-json/-/init-package-json-0.0.4.tgz"},"maintainers":[{"name":"isaacs","email":"i@izs.me"}],"directories":{}},"0.0.5":{"name":"init-package-json","version":"0.0.5","main":"init-package-json.js","scripts":{"test":"tap test/*.js"},"repository":{"type":"git","url":"git://github.com/isaacs/init-package-json"},"author":{"name":"Isaac Z. Schlueter","email":"i@izs.me","url":"http://blog.izs.me/"},"license":"BSD","description":"A node module to get your node module started","dependencies":{"promzard":"~0.2.0","read":"~1.0.1","read-package-json":"0","semver":"~1.0.14"},"devDependencies":{"tap":"~0.2.5","rimraf":"~2.0.2"},"keywords":["init","package.json","package","helper","wizard","wizerd","prompt","start"],"_id":"init-package-json@0.0.5","dist":{"shasum":"0e5b016ced6f7d24d5bb786a7615397abe3cab83","tarball":"https://registry.npmjs.org/init-package-json/-/init-package-json-0.0.5.tgz"},"maintainers":[{"name":"isaacs","email":"i@izs.me"}],"directories":{}},"0.0.6":{"name":"init-package-json","version":"0.0.6","main":"init-package-json.js","scripts":{"test":"tap test/*.js"},"repository":{"type":"git","url":"git://github.com/isaacs/init-package-json"},"author":{"name":"Isaac Z. Schlueter","email":"i@izs.me","url":"http://blog.izs.me/"},"license":"BSD","description":"A node module to get your node module started","dependencies":{"promzard":"~0.2.0","read":"~1.0.1","read-package-json":"0","semver":"1.x"},"devDependencies":{"tap":"~0.2.5","rimraf":"~2.0.2"},"keywords":["init","package.json","package","helper","wizard","wizerd","prompt","start"],"_id":"init-package-json@0.0.6","dist":{"shasum":"3d16465b07d401b8ec2a5df1bd379dccc2dd6a37","tarball":"https://registry.npmjs.org/init-package-json/-/init-package-json-0.0.6.tgz"},"_npmVersion":"1.1.62","_npmUser":{"name":"isaacs","email":"i@izs.me"},"maintainers":[{"name":"isaacs","email":"i@izs.me"}],"directories":{}},"0.0.7":{"name":"init-package-json","version":"0.0.7","main":"init-package-json.js","scripts":{"test":"tap test/*.js"},"repository":{"type":"git","url":"git://github.com/isaacs/init-package-json"},"author":{"name":"Isaac Z. Schlueter","email":"i@izs.me","url":"http://blog.izs.me/"},"license":"BSD","description":"A node module to get your node module started","dependencies":{"promzard":"~0.2.0","read":"~1.0.1","read-package-json":"0","semver":"1.x"},"devDependencies":{"tap":"~0.2.5","rimraf":"~2.0.2"},"keywords":["init","package.json","package","helper","wizard","wizerd","prompt","start"],"_id":"init-package-json@0.0.7","dist":{"shasum":"fdd54db1c23ec2171c72fdb8630da390d619c830","tarball":"https://registry.npmjs.org/init-package-json/-/init-package-json-0.0.7.tgz"},"_npmVersion":"1.1.65","_npmUser":{"name":"isaacs","email":"i@izs.me"},"maintainers":[{"name":"isaacs","email":"i@izs.me"}],"directories":{}},"0.0.8":{"name":"init-package-json","version":"0.0.8","main":"init-package-json.js","scripts":{"test":"tap test/*.js"},"repository":{"type":"git","url":"git://github.com/isaacs/init-package-json"},"author":{"name":"Isaac Z. Schlueter","email":"i@izs.me","url":"http://blog.izs.me/"},"license":"BSD","description":"A node module to get your node module started","dependencies":{"promzard":"~0.2.0","read":"~1.0.1","read-package-json":"0","semver":"1.x"},"devDependencies":{"tap":"~0.2.5","rimraf":"~2.0.2"},"keywords":["init","package.json","package","helper","wizard","wizerd","prompt","start"],"bugs":{"url":"https://github.com/isaacs/init-package-json/issues"},"_id":"init-package-json@0.0.8","dist":{"shasum":"b0639d4595fd59256386f9980fbb91910412c87c","tarball":"https://registry.npmjs.org/init-package-json/-/init-package-json-0.0.8.tgz"},"_from":".","_npmVersion":"1.2.18","_npmUser":{"name":"isaacs","email":"i@izs.me"},"maintainers":[{"name":"isaacs","email":"i@izs.me"}],"directories":{}},"0.0.9":{"name":"init-package-json","version":"0.0.9","main":"init-package-json.js","scripts":{"test":"tap test/*.js"},"repository":{"type":"git","url":"git://github.com/isaacs/init-package-json"},"author":{"name":"Isaac Z. Schlueter","email":"i@izs.me","url":"http://blog.izs.me/"},"license":"BSD","description":"A node module to get your node module started","dependencies":{"promzard":"~0.2.0","read":"~1.0.1","read-package-json":"0","semver":"1.x"},"devDependencies":{"tap":"~0.2.5","rimraf":"~2.0.2"},"keywords":["init","package.json","package","helper","wizard","wizerd","prompt","start"],"bugs":{"url":"https://github.com/isaacs/init-package-json/issues"},"_id":"init-package-json@0.0.9","dist":{"shasum":"b3aae726482005101b4e9e67756907cb47a5b9e4","tarball":"https://registry.npmjs.org/init-package-json/-/init-package-json-0.0.9.tgz"},"_from":".","_npmVersion":"1.2.30","_npmUser":{"name":"isaacs","email":"i@izs.me"},"maintainers":[{"name":"isaacs","email":"i@izs.me"}],"directories":{}},"0.0.10":{"name":"init-package-json","version":"0.0.10","main":"init-package-json.js","scripts":{"test":"tap test/*.js"},"repository":{"type":"git","url":"git://github.com/isaacs/init-package-json"},"author":{"name":"Isaac Z. Schlueter","email":"i@izs.me","url":"http://blog.izs.me/"},"license":"BSD","description":"A node module to get your node module started","dependencies":{"promzard":"~0.2.0","read":"~1.0.1","read-package-json":"1","semver":"2.x"},"devDependencies":{"tap":"~0.2.5","rimraf":"~2.0.2"},"keywords":["init","package.json","package","helper","wizard","wizerd","prompt","start"],"bugs":{"url":"https://github.com/isaacs/init-package-json/issues"},"_id":"init-package-json@0.0.10","dist":{"shasum":"7baf10535227e0878105a04e44b78f132475da6a","tarball":"https://registry.npmjs.org/init-package-json/-/init-package-json-0.0.10.tgz"},"_from":".","_npmVersion":"1.2.32","_npmUser":{"name":"isaacs","email":"i@izs.me"},"maintainers":[{"name":"isaacs","email":"i@izs.me"}],"directories":{}},"0.0.11":{"name":"init-package-json","version":"0.0.11","main":"init-package-json.js","scripts":{"test":"tap test/*.js"},"repository":{"type":"git","url":"git://github.com/isaacs/init-package-json"},"author":{"name":"Isaac Z. Schlueter","email":"i@izs.me","url":"http://blog.izs.me/"},"license":"BSD","description":"A node module to get your node module started","dependencies":{"promzard":"~0.2.0","read":"~1.0.1","read-package-json":"1","semver":"2.x"},"devDependencies":{"tap":"~0.2.5","rimraf":"~2.0.2"},"keywords":["init","package.json","package","helper","wizard","wizerd","prompt","start"],"bugs":{"url":"https://github.com/isaacs/init-package-json/issues"},"_id":"init-package-json@0.0.11","dist":{"shasum":"71914631d091bb1f73a4bddbe6d7985e929859ce","tarball":"https://registry.npmjs.org/init-package-json/-/init-package-json-0.0.11.tgz"},"_from":".","_npmVersion":"1.3.6","_npmUser":{"name":"isaacs","email":"i@izs.me"},"maintainers":[{"name":"isaacs","email":"i@izs.me"}],"directories":{}},"0.0.13":{"name":"init-package-json","version":"0.0.13","main":"init-package-json.js","scripts":{"test":"tap test/*.js"},"repository":{"type":"git","url":"git://github.com/isaacs/init-package-json"},"author":{"name":"Isaac Z. Schlueter","email":"i@izs.me","url":"http://blog.izs.me/"},"license":"BSD","description":"A node module to get your node module started","dependencies":{"promzard":"~0.2.0","read":"~1.0.1","read-package-json":"1","semver":"2.x","glob":"~3.2.7"},"devDependencies":{"tap":"~0.2.5","rimraf":"~2.0.2"},"keywords":["init","package.json","package","helper","wizard","wizerd","prompt","start"],"bugs":{"url":"https://github.com/isaacs/init-package-json/issues"},"homepage":"https://github.com/isaacs/init-package-json","_id":"init-package-json@0.0.13","dist":{"shasum":"ce58dd49dc54b4ce516775ab8f9a43066d685bcb","tarball":"https://registry.npmjs.org/init-package-json/-/init-package-json-0.0.13.tgz"},"_from":".","_npmVersion":"1.3.14","_npmUser":{"name":"isaacs","email":"i@izs.me"},"maintainers":[{"name":"isaacs","email":"i@izs.me"}],"directories":{}},"0.0.14":{"name":"init-package-json","version":"0.0.14","main":"init-package-json.js","scripts":{"test":"tap test/*.js"},"repository":{"type":"git","url":"git://github.com/isaacs/init-package-json"},"author":{"name":"Isaac Z. Schlueter","email":"i@izs.me","url":"http://blog.izs.me/"},"license":"BSD","description":"A node module to get your node module started","dependencies":{"promzard":"~0.2.0","read":"~1.0.1","read-package-json":"1","semver":"2.x","glob":"~3.2.7"},"devDependencies":{"tap":"~0.2.5","rimraf":"~2.0.2"},"keywords":["init","package.json","package","helper","wizard","wizerd","prompt","start"],"bugs":{"url":"https://github.com/isaacs/init-package-json/issues"},"homepage":"https://github.com/isaacs/init-package-json","_id":"init-package-json@0.0.14","dist":{"shasum":"bd5f7b2d73b54957388cca3ce61190340c8a05b7","tarball":"https://registry.npmjs.org/init-package-json/-/init-package-json-0.0.14.tgz"},"_from":".","_npmVersion":"1.3.15","_npmUser":{"name":"isaacs","email":"i@izs.me"},"maintainers":[{"name":"isaacs","email":"i@izs.me"}],"directories":{}},"0.0.15":{"name":"init-package-json","version":"0.0.15","main":"init-package-json.js","scripts":{"test":"tap test/*.js"},"repository":{"type":"git","url":"git://github.com/isaacs/init-package-json"},"author":{"name":"Isaac Z. Schlueter","email":"i@izs.me","url":"http://blog.izs.me/"},"license":"ISC","description":"A node module to get your node module started","dependencies":{"promzard":"~0.2.0","read":"~1.0.1","read-package-json":"1","semver":"2.x","glob":"~3.2.7"},"devDependencies":{"tap":"~0.2.5","rimraf":"~2.0.2"},"keywords":["init","package.json","package","helper","wizard","wizerd","prompt","start"],"bugs":{"url":"https://github.com/isaacs/init-package-json/issues"},"homepage":"https://github.com/isaacs/init-package-json","_id":"init-package-json@0.0.15","dist":{"shasum":"d40f0201e4de6aa2b3fdc4208ae162766703ebed","tarball":"https://registry.npmjs.org/init-package-json/-/init-package-json-0.0.15.tgz"},"_from":".","_npmVersion":"1.4.3","_npmUser":{"name":"isaacs","email":"i@izs.me"},"maintainers":[{"name":"isaacs","email":"i@izs.me"}],"directories":{}},"0.0.16":{"name":"init-package-json","version":"0.0.16","main":"init-package-json.js","scripts":{"test":"tap test/*.js"},"repository":{"type":"git","url":"git://github.com/isaacs/init-package-json"},"author":{"name":"Isaac Z. Schlueter","email":"i@izs.me","url":"http://blog.izs.me/"},"license":"ISC","description":"A node module to get your node module started","dependencies":{"promzard":"~0.2.0","read":"~1.0.1","read-package-json":"1","semver":"2.x","glob":"~3.2.7"},"devDependencies":{"tap":"~0.2.5","rimraf":"~2.0.2"},"keywords":["init","package.json","package","helper","wizard","wizerd","prompt","start"],"bugs":{"url":"https://github.com/isaacs/init-package-json/issues"},"homepage":"https://github.com/isaacs/init-package-json","_id":"init-package-json@0.0.16","_shasum":"f7bb96fcb0a2c8061d15a2c3180323b17a65aa16","_from":".","_npmVersion":"1.4.7","_npmUser":{"name":"isaacs","email":"i@izs.me"},"maintainers":[{"name":"isaacs","email":"i@izs.me"}],"dist":{"shasum":"f7bb96fcb0a2c8061d15a2c3180323b17a65aa16","tarball":"https://registry.npmjs.org/init-package-json/-/init-package-json-0.0.16.tgz"},"directories":{}},"0.0.17":{"name":"init-package-json","version":"0.0.17","main":"init-package-json.js","scripts":{"test":"tap test/*.js"},"repository":{"type":"git","url":"git://github.com/isaacs/init-package-json"},"author":{"name":"Isaac Z. Schlueter","email":"i@izs.me","url":"http://blog.izs.me/"},"license":"ISC","description":"A node module to get your node module started","dependencies":{"promzard":"~0.2.0","read":"~1.0.1","read-package-json":"1","semver":"2.x","glob":"~3.2.7"},"devDependencies":{"tap":"~0.2.5","rimraf":"~2.0.2"},"keywords":["init","package.json","package","helper","wizard","wizerd","prompt","start"],"gitHead":"cbc53fbedd4246d62ec99ea3a61a113a07d21629","bugs":{"url":"https://github.com/isaacs/init-package-json/issues"},"homepage":"https://github.com/isaacs/init-package-json","_id":"init-package-json@0.0.17","_shasum":"395f2cb8d1c5af93ba6ec19dafa64717047f90c3","_from":".","_npmVersion":"1.4.10","_npmUser":{"name":"isaacs","email":"i@izs.me"},"maintainers":[{"name":"isaacs","email":"i@izs.me"}],"dist":{"shasum":"395f2cb8d1c5af93ba6ec19dafa64717047f90c3","tarball":"https://registry.npmjs.org/init-package-json/-/init-package-json-0.0.17.tgz"},"directories":{}},"0.1.0":{"name":"init-package-json","version":"0.1.0","main":"init-package-json.js","scripts":{"test":"tap test/*.js"},"repository":{"type":"git","url":"git://github.com/isaacs/init-package-json"},"author":{"name":"Isaac Z. Schlueter","email":"i@izs.me","url":"http://blog.izs.me/"},"license":"ISC","description":"A node module to get your node module started","dependencies":{"glob":"^4.0.2","promzard":"~0.2.0","read":"~1.0.1","read-package-json":"1","semver":"2.x"},"devDependencies":{"tap":"~0.2.5","rimraf":"~2.0.2"},"keywords":["init","package.json","package","helper","wizard","wizerd","prompt","start"],"gitHead":"378bf828106a56e340d3017258ae372a12f0efe7","bugs":{"url":"https://github.com/isaacs/init-package-json/issues"},"homepage":"https://github.com/isaacs/init-package-json","_id":"init-package-json@0.1.0","_shasum":"249c982759a102556f294f2592c14a2dad855f52","_from":".","_npmVersion":"1.4.14","_npmUser":{"name":"isaacs","email":"i@izs.me"},"maintainers":[{"name":"isaacs","email":"i@izs.me"}],"dist":{"shasum":"249c982759a102556f294f2592c14a2dad855f52","tarball":"https://registry.npmjs.org/init-package-json/-/init-package-json-0.1.0.tgz"},"directories":{}},"0.1.1":{"name":"init-package-json","version":"0.1.1","main":"init-package-json.js","scripts":{"test":"tap test/*.js"},"repository":{"type":"git","url":"git://github.com/isaacs/init-package-json"},"author":{"name":"Isaac Z. Schlueter","email":"i@izs.me","url":"http://blog.izs.me/"},"license":"ISC","description":"A node module to get your node module started","dependencies":{"glob":"^4.0.2","promzard":"~0.2.0","read":"~1.0.1","read-package-json":"1","semver":"2.x"},"devDependencies":{"tap":"~0.2.5","rimraf":"~2.0.2"},"keywords":["init","package.json","package","helper","wizard","wizerd","prompt","start"],"gitHead":"7b37987583b1bfda997818be09f9c0cc9132f4fd","bugs":{"url":"https://github.com/isaacs/init-package-json/issues"},"homepage":"https://github.com/isaacs/init-package-json","_id":"init-package-json@0.1.1","_shasum":"2b37bd82ca9ebdbf9df50238b850385e898a35c1","_from":".","_npmVersion":"1.5.0-alpha-1","_npmUser":{"name":"isaacs","email":"i@izs.me"},"maintainers":[{"name":"isaacs","email":"i@izs.me"}],"dist":{"shasum":"2b37bd82ca9ebdbf9df50238b850385e898a35c1","tarball":"https://registry.npmjs.org/init-package-json/-/init-package-json-0.1.1.tgz"},"directories":{}},"0.1.2":{"name":"init-package-json","version":"0.1.2","main":"init-package-json.js","scripts":{"test":"tap test/*.js"},"repository":{"type":"git","url":"git://github.com/isaacs/init-package-json"},"author":{"name":"Isaac Z. Schlueter","email":"i@izs.me","url":"http://blog.izs.me/"},"license":"ISC","description":"A node module to get your node module started","dependencies":{"glob":"^4.0.2","promzard":"~0.2.0","read":"~1.0.1","read-package-json":"1","semver":"2.x || 3.x"},"devDependencies":{"tap":"~0.2.5","rimraf":"~2.0.2"},"keywords":["init","package.json","package","helper","wizard","wizerd","prompt","start"],"gitHead":"fb789da2e92adc77c7161e442c716577f662fc08","bugs":{"url":"https://github.com/isaacs/init-package-json/issues"},"homepage":"https://github.com/isaacs/init-package-json","_id":"init-package-json@0.1.2","_shasum":"9e232ccae0d5cf712cd7773b0f1fcd59b7edc2da","_from":".","_npmVersion":"2.0.0-alpha-5","_npmUser":{"name":"isaacs","email":"i@izs.me"},"maintainers":[{"name":"isaacs","email":"i@izs.me"}],"dist":{"shasum":"9e232ccae0d5cf712cd7773b0f1fcd59b7edc2da","tarball":"https://registry.npmjs.org/init-package-json/-/init-package-json-0.1.2.tgz"},"directories":{}},"1.0.0":{"name":"init-package-json","version":"1.0.0","main":"init-package-json.js","scripts":{"test":"tap test/*.js"},"repository":{"type":"git","url":"git://github.com/isaacs/init-package-json"},"author":{"name":"Isaac Z. Schlueter","email":"i@izs.me","url":"http://blog.izs.me/"},"license":"ISC","description":"A node module to get your node module started","dependencies":{"glob":"^4.0.2","promzard":"~0.2.0","read":"~1.0.1","read-package-json":"1","semver":"2.x || 3.x"},"devDependencies":{"tap":"~0.2.5","rimraf":"~2.0.2"},"keywords":["init","package.json","package","helper","wizard","wizerd","prompt","start"],"gitHead":"e8c42e4be8877195e0ef2cd0b50d806afd2eec08","bugs":{"url":"https://github.com/isaacs/init-package-json/issues"},"homepage":"https://github.com/isaacs/init-package-json","_id":"init-package-json@1.0.0","_shasum":"8985a99ef11589695d6d3a5d03300b1eab0dd47a","_from":".","_npmVersion":"1.4.21","_npmUser":{"name":"isaacs","email":"i@izs.me"},"maintainers":[{"name":"isaacs","email":"i@izs.me"}],"dist":{"shasum":"8985a99ef11589695d6d3a5d03300b1eab0dd47a","tarball":"https://registry.npmjs.org/init-package-json/-/init-package-json-1.0.0.tgz"},"directories":{}},"1.0.1":{"name":"init-package-json","version":"1.0.1","main":"init-package-json.js","scripts":{"test":"tap test/*.js"},"repository":{"type":"git","url":"git://github.com/isaacs/init-package-json"},"author":{"name":"Isaac Z. Schlueter","email":"i@izs.me","url":"http://blog.izs.me/"},"license":"ISC","description":"A node module to get your node module started","dependencies":{"glob":"^4.0.2","promzard":"~0.2.0","read":"~1.0.1","read-package-json":"1","semver":"2.x || 3.x || 4"},"devDependencies":{"tap":"~0.2.5","rimraf":"~2.0.2"},"keywords":["init","package.json","package","helper","wizard","wizerd","prompt","start"],"gitHead":"e1a5917ba1723ab5dcedacbffb5b10208d203e2f","bugs":{"url":"https://github.com/isaacs/init-package-json/issues"},"homepage":"https://github.com/isaacs/init-package-json","_id":"init-package-json@1.0.1","_shasum":"c01b08cc90504ebc448d57b468e66fc08293e8a8","_from":".","_npmVersion":"2.0.0-beta.3","_npmUser":{"name":"isaacs","email":"i@izs.me"},"maintainers":[{"name":"isaacs","email":"i@izs.me"}],"dist":{"shasum":"c01b08cc90504ebc448d57b468e66fc08293e8a8","tarball":"https://registry.npmjs.org/init-package-json/-/init-package-json-1.0.1.tgz"},"directories":{}},"1.1.0":{"name":"init-package-json","version":"1.1.0","main":"init-package-json.js","scripts":{"test":"tap test/*.js"},"repository":{"type":"git","url":"git://github.com/isaacs/init-package-json"},"author":{"name":"Isaac Z. Schlueter","email":"i@izs.me","url":"http://blog.izs.me/"},"license":"ISC","description":"A node module to get your node module started","dependencies":{"glob":"^4.0.2","promzard":"~0.2.0","read":"~1.0.1","read-package-json":"1","semver":"2.x || 3.x || 4"},"devDependencies":{"tap":"~0.2.5","rimraf":"~2.0.2"},"keywords":["init","package.json","package","helper","wizard","wizerd","prompt","start"],"gitHead":"f6ced3cecbee6b4717624a6a905db3566100c90a","bugs":{"url":"https://github.com/isaacs/init-package-json/issues"},"homepage":"https://github.com/isaacs/init-package-json","_id":"init-package-json@1.1.0","_shasum":"fea80c641974421ddd4c6169c3a911118b116d5c","_from":".","_npmVersion":"2.0.0","_nodeVersion":"0.10.32","_npmUser":{"name":"othiym23","email":"ogd@aoaioxxysz.net"},"maintainers":[{"name":"isaacs","email":"i@izs.me"},{"name":"othiym23","email":"ogd@aoaioxxysz.net"}],"dist":{"shasum":"fea80c641974421ddd4c6169c3a911118b116d5c","tarball":"https://registry.npmjs.org/init-package-json/-/init-package-json-1.1.0.tgz"},"directories":{}},"1.1.1":{"name":"init-package-json","version":"1.1.1","main":"init-package-json.js","scripts":{"test":"tap test/*.js"},"repository":{"type":"git","url":"git://github.com/isaacs/init-package-json"},"author":{"name":"Isaac Z. Schlueter","email":"i@izs.me","url":"http://blog.izs.me/"},"license":"ISC","description":"A node module to get your node module started","dependencies":{"glob":"^4.0.2","promzard":"~0.2.0","read":"~1.0.1","read-package-json":"1","semver":"2.x || 3.x || 4"},"devDependencies":{"npm":"^2.1.4","rimraf":"^2.1.4","tap":"^0.4.13"},"keywords":["init","package.json","package","helper","wizard","wizerd","prompt","start"],"gitHead":"a4df4e57f9b6a2bf906ad50612dbed7dcb2f2c2b","bugs":{"url":"https://github.com/isaacs/init-package-json/issues"},"homepage":"https://github.com/isaacs/init-package-json","_id":"init-package-json@1.1.1","_shasum":"e09e9f1fb541e0fddc9175c5ce1736fd45ff4bf8","_from":".","_npmVersion":"2.1.5","_nodeVersion":"0.10.32","_npmUser":{"name":"othiym23","email":"ogd@aoaioxxysz.net"},"maintainers":[{"name":"isaacs","email":"i@izs.me"},{"name":"othiym23","email":"ogd@aoaioxxysz.net"}],"dist":{"shasum":"e09e9f1fb541e0fddc9175c5ce1736fd45ff4bf8","tarball":"https://registry.npmjs.org/init-package-json/-/init-package-json-1.1.1.tgz"},"directories":{}},"1.1.2":{"name":"init-package-json","version":"1.1.2","main":"init-package-json.js","scripts":{"test":"tap test/*.js"},"repository":{"type":"git","url":"git://github.com/isaacs/init-package-json"},"author":{"name":"Isaac Z. Schlueter","email":"i@izs.me","url":"http://blog.izs.me/"},"license":"ISC","description":"A node module to get your node module started","dependencies":{"glob":"^4.0.2","promzard":"~0.2.0","read":"~1.0.1","read-package-json":"1","semver":"2.x || 3.x || 4"},"devDependencies":{"npm":"^2.1.4","rimraf":"^2.1.4","tap":"^0.4.13"},"keywords":["init","package.json","package","helper","wizard","wizerd","prompt","start"],"gitHead":"3c72949ef6a776e0ce963fb13560a1b810f371c8","bugs":{"url":"https://github.com/isaacs/init-package-json/issues"},"homepage":"https://github.com/isaacs/init-package-json","_id":"init-package-json@1.1.2","_shasum":"bc6c02d1da87253141600972f0d6bdcdd016990e","_from":".","_resolved":"file:","_npmVersion":"2.1.7","_nodeVersion":"0.10.33","_npmUser":{"name":"othiym23","email":"ogd@aoaioxxysz.net"},"maintainers":[{"name":"isaacs","email":"i@izs.me"},{"name":"othiym23","email":"ogd@aoaioxxysz.net"}],"dist":{"shasum":"bc6c02d1da87253141600972f0d6bdcdd016990e","tarball":"https://registry.npmjs.org/init-package-json/-/init-package-json-1.1.2.tgz"},"directories":{}},"1.1.3":{"name":"init-package-json","version":"1.1.3","main":"init-package-json.js","scripts":{"test":"tap test/*.js"},"repository":{"type":"git","url":"git://github.com/isaacs/init-package-json"},"author":{"name":"Isaac Z. Schlueter","email":"i@izs.me","url":"http://blog.izs.me/"},"license":"ISC","description":"A node module to get your node module started","dependencies":{"glob":"^4.0.2","promzard":"~0.2.0","read":"~1.0.1","read-package-json":"1","semver":"2.x || 3.x || 4"},"devDependencies":{"npm":"^2.1.4","rimraf":"^2.1.4","tap":"^0.4.13"},"keywords":["init","package.json","package","helper","wizard","wizerd","prompt","start"],"gitHead":"b766900b2d615ddc43c452e251b8c5543538e832","bugs":{"url":"https://github.com/isaacs/init-package-json/issues"},"homepage":"https://github.com/isaacs/init-package-json","_id":"init-package-json@1.1.3","_shasum":"1d633c151a4909891afc8ee13cace8b336c0c9c2","_from":".","_npmVersion":"2.1.12","_nodeVersion":"0.10.33","_npmUser":{"name":"othiym23","email":"ogd@aoaioxxysz.net"},"maintainers":[{"name":"isaacs","email":"i@izs.me"},{"name":"othiym23","email":"ogd@aoaioxxysz.net"}],"dist":{"shasum":"1d633c151a4909891afc8ee13cace8b336c0c9c2","tarball":"https://registry.npmjs.org/init-package-json/-/init-package-json-1.1.3.tgz"},"directories":{}},"1.2.0":{"name":"init-package-json","version":"1.2.0","main":"init-package-json.js","scripts":{"test":"tap test/*.js"},"repository":{"type":"git","url":"git://github.com/isaacs/init-package-json"},"author":{"name":"Isaac Z. Schlueter","email":"i@izs.me","url":"http://blog.izs.me/"},"license":"ISC","description":"A node module to get your node module started","dependencies":{"glob":"^4.0.2","promzard":"~0.2.0","read":"~1.0.1","read-package-json":"1","semver":"2.x || 3.x || 4"},"devDependencies":{"npm":"^2.1.4","rimraf":"^2.1.4","tap":"^0.4.13"},"keywords":["init","package.json","package","helper","wizard","wizerd","prompt","start"],"gitHead":"6c0743199706494a190c0b47d2e2567dc86055a3","bugs":{"url":"https://github.com/isaacs/init-package-json/issues"},"homepage":"https://github.com/isaacs/init-package-json","_id":"init-package-json@1.2.0","_shasum":"b9f027514403b3b3f582c148592ab75214003348","_from":".","_npmVersion":"2.3.0","_nodeVersion":"0.10.35","_npmUser":{"name":"othiym23","email":"ogd@aoaioxxysz.net"},"maintainers":[{"name":"isaacs","email":"i@izs.me"},{"name":"othiym23","email":"ogd@aoaioxxysz.net"}],"dist":{"shasum":"b9f027514403b3b3f582c148592ab75214003348","tarball":"https://registry.npmjs.org/init-package-json/-/init-package-json-1.2.0.tgz"},"directories":{}},"1.3.0":{"name":"init-package-json","version":"1.3.0","main":"init-package-json.js","scripts":{"test":"tap test/*.js"},"repository":{"type":"git","url":"git://github.com/isaacs/init-package-json"},"author":{"name":"Isaac Z. Schlueter","email":"i@izs.me","url":"http://blog.izs.me/"},"license":"ISC","description":"A node module to get your node module started","dependencies":{"glob":"^4.0.2","promzard":"~0.2.0","read":"~1.0.1","read-package-json":"1","semver":"2.x || 3.x || 4"},"devDependencies":{"npm":"^2.1.4","rimraf":"^2.1.4","tap":"^0.4.13"},"keywords":["init","package.json","package","helper","wizard","wizerd","prompt","start"],"gitHead":"53273513f3fbaa017435ca6254d717cc27a85ddc","bugs":{"url":"https://github.com/isaacs/init-package-json/issues"},"homepage":"https://github.com/isaacs/init-package-json","_id":"init-package-json@1.3.0","_shasum":"6bb76ed69dd1359581a6f1507d37d309658074d6","_from":".","_npmVersion":"2.6.1","_nodeVersion":"1.2.0","_npmUser":{"name":"othiym23","email":"ogd@aoaioxxysz.net"},"maintainers":[{"name":"isaacs","email":"i@izs.me"},{"name":"othiym23","email":"ogd@aoaioxxysz.net"}],"dist":{"shasum":"6bb76ed69dd1359581a6f1507d37d309658074d6","tarball":"https://registry.npmjs.org/init-package-json/-/init-package-json-1.3.0.tgz"},"directories":{}},"1.3.1":{"name":"init-package-json","version":"1.3.1","main":"init-package-json.js","scripts":{"test":"tap test/*.js"},"repository":{"type":"git","url":"git://github.com/isaacs/init-package-json"},"author":{"name":"Isaac Z. Schlueter","email":"i@izs.me","url":"http://blog.izs.me/"},"license":"ISC","description":"A node module to get your node module started","dependencies":{"glob":"^5.0.3","promzard":"^0.3.0","read":"~1.0.1","read-package-json":"1","semver":"2.x || 3.x || 4","validate-npm-package-name":"^2.0.1"},"devDependencies":{"npm":"^2","rimraf":"^2.1.4","tap":"^0.7.1"},"keywords":["init","package.json","package","helper","wizard","wizerd","prompt","start"],"gitHead":"c09029cc866877f3d39304434acb70fa384540b1","bugs":{"url":"https://github.com/isaacs/init-package-json/issues"},"homepage":"https://github.com/isaacs/init-package-json","_id":"init-package-json@1.3.1","_shasum":"893a34c4774b5404e5d17483de537fff69f7081a","_from":".","_npmVersion":"2.7.5","_nodeVersion":"1.6.3","_npmUser":{"name":"othiym23","email":"ogd@aoaioxxysz.net"},"maintainers":[{"name":"isaacs","email":"i@izs.me"},{"name":"othiym23","email":"ogd@aoaioxxysz.net"}],"dist":{"shasum":"893a34c4774b5404e5d17483de537fff69f7081a","tarball":"https://registry.npmjs.org/init-package-json/-/init-package-json-1.3.1.tgz"},"directories":{}},"1.3.2":{"name":"init-package-json","version":"1.3.2","main":"init-package-json.js","scripts":{"test":"tap test/*.js"},"repository":{"type":"git","url":"git://github.com/isaacs/init-package-json"},"author":{"name":"Isaac Z. Schlueter","email":"i@izs.me","url":"http://blog.izs.me/"},"license":"ISC","description":"A node module to get your node module started","dependencies":{"glob":"^5.0.3","promzard":"^0.3.0","read":"~1.0.1","read-package-json":"1","semver":"2.x || 3.x || 4","validate-npm-package-name":"^2.0.1"},"devDependencies":{"npm":"^2","rimraf":"^2.1.4","tap":"^0.7.1"},"keywords":["init","package.json","package","helper","wizard","wizerd","prompt","start"],"gitHead":"4aaccb745ecba65676ae4bf105039928e697d65c","bugs":{"url":"https://github.com/isaacs/init-package-json/issues"},"homepage":"https://github.com/isaacs/init-package-json","_id":"init-package-json@1.3.2","_shasum":"9ad3038b52e50838d78739f16b4dfb1418909d18","_from":".","_npmVersion":"2.7.5","_nodeVersion":"1.6.3","_npmUser":{"name":"othiym23","email":"ogd@aoaioxxysz.net"},"maintainers":[{"name":"isaacs","email":"i@izs.me"},{"name":"othiym23","email":"ogd@aoaioxxysz.net"}],"dist":{"shasum":"9ad3038b52e50838d78739f16b4dfb1418909d18","tarball":"https://registry.npmjs.org/init-package-json/-/init-package-json-1.3.2.tgz"},"directories":{}},"1.4.0":{"name":"init-package-json","version":"1.4.0","main":"init-package-json.js","scripts":{"test":"tap test/*.js"},"repository":{"type":"git","url":"git://github.com/isaacs/init-package-json"},"author":{"name":"Isaac Z. Schlueter","email":"i@izs.me","url":"http://blog.izs.me/"},"license":"ISC","description":"A node module to get your node module started","dependencies":{"glob":"^5.0.3","promzard":"^0.3.0","read":"~1.0.1","read-package-json":"1 || 2","semver":"2.x || 3.x || 4","validate-npm-package-name":"^2.0.1"},"devDependencies":{"npm":"^2","rimraf":"^2.1.4","tap":"^0.7.1"},"keywords":["init","package.json","package","helper","wizard","wizerd","prompt","start"],"gitHead":"c422f6b38ab02d0859d757ec381e473657d4d195","bugs":{"url":"https://github.com/isaacs/init-package-json/issues"},"homepage":"https://github.com/isaacs/init-package-json","_id":"init-package-json@1.4.0","_shasum":"50b49cbe284cb7a48e037f36d03817af1022f070","_from":".","_npmVersion":"2.7.5","_nodeVersion":"1.6.2","_npmUser":{"name":"iarna","email":"me@re-becca.org"},"maintainers":[{"name":"isaacs","email":"i@izs.me"},{"name":"othiym23","email":"ogd@aoaioxxysz.net"},{"name":"iarna","email":"me@re-becca.org"}],"dist":{"shasum":"50b49cbe284cb7a48e037f36d03817af1022f070","tarball":"https://registry.npmjs.org/init-package-json/-/init-package-json-1.4.0.tgz"},"directories":{}},"1.4.1":{"name":"init-package-json","version":"1.4.1","main":"init-package-json.js","scripts":{"test":"tap test/*.js"},"repository":{"type":"git","url":"git://github.com/isaacs/init-package-json.git"},"author":{"name":"Isaac Z. Schlueter","email":"i@izs.me","url":"http://blog.izs.me/"},"license":"ISC","description":"A node module to get your node module started","dependencies":{"glob":"^5.0.3","npm-package-arg":"^4.0.0","promzard":"^0.3.0","read":"~1.0.1","read-package-json":"1 || 2","semver":"2.x || 3.x || 4","validate-npm-package-name":"^2.0.1"},"devDependencies":{"npm":"^2","rimraf":"^2.1.4","tap":"^0.7.1"},"keywords":["init","package.json","package","helper","wizard","wizerd","prompt","start"],"gitHead":"037635311227464c4e512e79792616288683c3b9","bugs":{"url":"https://github.com/isaacs/init-package-json/issues"},"homepage":"https://github.com/isaacs/init-package-json#readme","_id":"init-package-json@1.4.1","_shasum":"6f68a14e181941849d84f6861f946e0028716cee","_from":".","_npmVersion":"2.8.3","_nodeVersion":"1.7.1","_npmUser":{"name":"othiym23","email":"ogd@aoaioxxysz.net"},"dist":{"shasum":"6f68a14e181941849d84f6861f946e0028716cee","tarball":"https://registry.npmjs.org/init-package-json/-/init-package-json-1.4.1.tgz"},"maintainers":[{"name":"isaacs","email":"i@izs.me"},{"name":"othiym23","email":"ogd@aoaioxxysz.net"},{"name":"iarna","email":"me@re-becca.org"}],"directories":{}},"1.4.2":{"name":"init-package-json","version":"1.4.2","main":"init-package-json.js","scripts":{"test":"tap test/*.js"},"repository":{"type":"git","url":"git://github.com/isaacs/init-package-json.git"},"author":{"name":"Isaac Z. Schlueter","email":"i@izs.me","url":"http://blog.izs.me/"},"license":"ISC","description":"A node module to get your node module started","dependencies":{"glob":"^5.0.3","npm-package-arg":"^4.0.0","promzard":"^0.3.0","read":"~1.0.1","read-package-json":"1 || 2","semver":"2.x || 3.x || 4","validate-npm-package-name":"^2.0.1"},"devDependencies":{"npm":"^2","rimraf":"^2.1.4","tap":"^0.7.1"},"keywords":["init","package.json","package","helper","wizard","wizerd","prompt","start"],"gitHead":"99bddf908a582daeacf27cf05bd46ec5b0ec5e42","bugs":{"url":"https://github.com/isaacs/init-package-json/issues"},"homepage":"https://github.com/isaacs/init-package-json#readme","_id":"init-package-json@1.4.2","_shasum":"66e606c5ab458340fb229fa4c25f9062879ffa88","_from":".","_npmVersion":"3.0.0-pre.6","_nodeVersion":"1.8.1","_npmUser":{"name":"othiym23","email":"ogd@aoaioxxysz.net"},"dist":{"shasum":"66e606c5ab458340fb229fa4c25f9062879ffa88","tarball":"https://registry.npmjs.org/init-package-json/-/init-package-json-1.4.2.tgz"},"maintainers":[{"name":"isaacs","email":"i@izs.me"},{"name":"othiym23","email":"ogd@aoaioxxysz.net"},{"name":"iarna","email":"me@re-becca.org"}],"directories":{}},"1.5.0":{"name":"init-package-json","version":"1.5.0","main":"init-package-json.js","scripts":{"test":"tap test/*.js"},"repository":{"type":"git","url":"git://github.com/isaacs/init-package-json.git"},"author":{"name":"Isaac Z. Schlueter","email":"i@izs.me","url":"http://blog.izs.me/"},"license":"ISC","description":"A node module to get your node module started","dependencies":{"glob":"^5.0.3","npm-package-arg":"^4.0.0","promzard":"^0.3.0","read":"~1.0.1","read-package-json":"1 || 2","semver":"2.x || 3.x || 4","validate-npm-package-license":"1.0.0-prerelease-2","validate-npm-package-name":"^2.0.1"},"devDependencies":{"npm":"^2","rimraf":"^2.1.4","tap":"^0.7.1"},"keywords":["init","package.json","package","helper","wizard","wizerd","prompt","start"],"gitHead":"17721cb55112690da3dc41b21d58354e89836067","bugs":{"url":"https://github.com/isaacs/init-package-json/issues"},"homepage":"https://github.com/isaacs/init-package-json#readme","_id":"init-package-json@1.5.0","_shasum":"85b701b81463593d61da8bb66b46e352f4f2e298","_from":".","_npmVersion":"2.9.1","_nodeVersion":"1.8.1","_npmUser":{"name":"othiym23","email":"ogd@aoaioxxysz.net"},"dist":{"shasum":"85b701b81463593d61da8bb66b46e352f4f2e298","tarball":"https://registry.npmjs.org/init-package-json/-/init-package-json-1.5.0.tgz"},"maintainers":[{"name":"isaacs","email":"i@izs.me"},{"name":"othiym23","email":"ogd@aoaioxxysz.net"},{"name":"iarna","email":"me@re-becca.org"}],"directories":{}},"1.6.0":{"name":"init-package-json","version":"1.6.0","main":"init-package-json.js","scripts":{"test":"tap test/*.js"},"repository":{"type":"git","url":"git://github.com/isaacs/init-package-json"},"author":{"name":"Isaac Z. Schlueter","email":"i@izs.me","url":"http://blog.izs.me/"},"license":"ISC","description":"A node module to get your node module started","dependencies":{"glob":"^5.0.3","npm-package-arg":"^4.0.0","promzard":"^0.3.0","read":"~1.0.1","read-package-json":"1 || 2","semver":"2.x || 3.x || 4","validate-npm-package-license":"1.0.0-prerelease-2","validate-npm-package-name":"^2.0.1"},"devDependencies":{"npm":"^2","rimraf":"^2.1.4","tap":"^0.7.1"},"keywords":["init","package.json","package","helper","wizard","wizerd","prompt","start"],"gitHead":"b747e9f71eb65b22bb9139e5252bf8efb23571e1","bugs":{"url":"https://github.com/isaacs/init-package-json/issues"},"homepage":"https://github.com/isaacs/init-package-json","_id":"init-package-json@1.6.0","_shasum":"8c4c2561abca1ad30d88f5594ddb4159211a36ff","_from":".","_npmVersion":"2.7.6","_nodeVersion":"1.6.2","_npmUser":{"name":"iarna","email":"me@re-becca.org"},"dist":{"shasum":"8c4c2561abca1ad30d88f5594ddb4159211a36ff","tarball":"https://registry.npmjs.org/init-package-json/-/init-package-json-1.6.0.tgz"},"maintainers":[{"name":"isaacs","email":"i@izs.me"},{"name":"othiym23","email":"ogd@aoaioxxysz.net"},{"name":"iarna","email":"me@re-becca.org"}],"directories":{}},"1.6.1":{"name":"init-package-json","version":"1.6.1","main":"init-package-json.js","scripts":{"test":"tap test/*.js"},"repository":{"type":"git","url":"git://github.com/isaacs/init-package-json.git"},"author":{"name":"Isaac Z. Schlueter","email":"i@izs.me","url":"http://blog.izs.me/"},"license":"ISC","description":"A node module to get your node module started","dependencies":{"glob":"^5.0.3","npm-package-arg":"^4.0.0","promzard":"^0.3.0","read":"~1.0.1","read-package-json":"1 || 2","semver":"2.x || 3.x || 4","validate-npm-package-license":"1.0.0-prerelease-2","validate-npm-package-name":"^2.0.1"},"devDependencies":{"npm":"^2","rimraf":"^2.1.4","tap":"^1.2.0"},"keywords":["init","package.json","package","helper","wizard","wizerd","prompt","start"],"gitHead":"e761e176ce31f34b5768d0b6422ad61c902f14d2","bugs":{"url":"https://github.com/isaacs/init-package-json/issues"},"homepage":"https://github.com/isaacs/init-package-json#readme","_id":"init-package-json@1.6.1","_shasum":"454094e40a13032d2cb23de6ace2b9e0b351e5d4","_from":".","_npmVersion":"2.11.3","_nodeVersion":"2.0.2","_npmUser":{"name":"othiym23","email":"ogd@aoaioxxysz.net"},"dist":{"shasum":"454094e40a13032d2cb23de6ace2b9e0b351e5d4","tarball":"https://registry.npmjs.org/init-package-json/-/init-package-json-1.6.1.tgz"},"maintainers":[{"name":"isaacs","email":"i@izs.me"},{"name":"othiym23","email":"ogd@aoaioxxysz.net"},{"name":"iarna","email":"me@re-becca.org"}],"directories":{}},"1.7.0":{"name":"init-package-json","version":"1.7.0","main":"init-package-json.js","scripts":{"test":"tap test/*.js"},"repository":{"type":"git","url":"git://github.com/isaacs/init-package-json.git"},"author":{"name":"Isaac Z. Schlueter","email":"i@izs.me","url":"http://blog.izs.me/"},"license":"ISC","description":"A node module to get your node module started","dependencies":{"glob":"^5.0.3","npm-package-arg":"^4.0.0","promzard":"^0.3.0","read":"~1.0.1","read-package-json":"1 || 2","semver":"2.x || 3.x || 4","validate-npm-package-license":"^2.0.0","validate-npm-package-name":"^2.0.1"},"devDependencies":{"npm":"^2","rimraf":"^2.1.4","tap":"^1.2.0"},"keywords":["init","package.json","package","helper","wizard","wizerd","prompt","start"],"gitHead":"04acc558503c6a133a1704aeec276d817617fa12","bugs":{"url":"https://github.com/isaacs/init-package-json/issues"},"homepage":"https://github.com/isaacs/init-package-json#readme","_id":"init-package-json@1.7.0","_shasum":"dc573523777fa4f83eca808976735ce5d7cfac77","_from":".","_npmVersion":"2.11.3","_nodeVersion":"2.0.2","_npmUser":{"name":"othiym23","email":"ogd@aoaioxxysz.net"},"dist":{"shasum":"dc573523777fa4f83eca808976735ce5d7cfac77","tarball":"https://registry.npmjs.org/init-package-json/-/init-package-json-1.7.0.tgz"},"maintainers":[{"name":"isaacs","email":"i@izs.me"},{"name":"othiym23","email":"ogd@aoaioxxysz.net"},{"name":"iarna","email":"me@re-becca.org"}],"directories":{}},"1.7.1":{"name":"init-package-json","version":"1.7.1","main":"init-package-json.js","scripts":{"test":"tap test/*.js"},"repository":{"type":"git","url":"git://github.com/isaacs/init-package-json.git"},"author":{"name":"Isaac Z. Schlueter","email":"i@izs.me","url":"http://blog.izs.me/"},"license":"ISC","description":"A node module to get your node module started","dependencies":{"glob":"^5.0.3","npm-package-arg":"^4.0.0","promzard":"^0.3.0","read":"~1.0.1","read-package-json":"1 || 2","semver":"2.x || 3.x || 4 || 5","validate-npm-package-license":"^2.0.0","validate-npm-package-name":"^2.0.1"},"devDependencies":{"npm":"^2","rimraf":"^2.1.4","tap":"^1.2.0"},"keywords":["init","package.json","package","helper","wizard","wizerd","prompt","start"],"gitHead":"443031e837c81bb10548212a7b3700b5dde94cfb","bugs":{"url":"https://github.com/isaacs/init-package-json/issues"},"homepage":"https://github.com/isaacs/init-package-json#readme","_id":"init-package-json@1.7.1","_shasum":"32a8643779c91732d901a6fdc7505de7119fb7ad","_from":".","_npmVersion":"2.13.1","_nodeVersion":"2.3.1","_npmUser":{"name":"othiym23","email":"ogd@aoaioxxysz.net"},"dist":{"shasum":"32a8643779c91732d901a6fdc7505de7119fb7ad","tarball":"https://registry.npmjs.org/init-package-json/-/init-package-json-1.7.1.tgz"},"maintainers":[{"name":"isaacs","email":"i@izs.me"},{"name":"othiym23","email":"ogd@aoaioxxysz.net"},{"name":"iarna","email":"me@re-becca.org"}],"directories":{}},"1.8.0":{"name":"init-package-json","version":"1.8.0","main":"init-package-json.js","scripts":{"test":"tap test/*.js"},"repository":{"type":"git","url":"git://github.com/isaacs/init-package-json.git"},"author":{"name":"Isaac Z. Schlueter","email":"i@izs.me","url":"http://blog.izs.me/"},"license":"ISC","description":"A node module to get your node module started","dependencies":{"glob":"^5.0.3","npm-package-arg":"^4.0.0","promzard":"^0.3.0","read":"~1.0.1","read-package-json":"1 || 2","semver":"2.x || 3.x || 4 || 5","validate-npm-package-license":"^2.0.0","validate-npm-package-name":"^2.0.1"},"devDependencies":{"npm":"^2","rimraf":"^2.1.4","tap":"^1.2.0"},"keywords":["init","package.json","package","helper","wizard","wizerd","prompt","start"],"gitHead":"7f79195a15c74711928f50e301ae996e835cfec5","bugs":{"url":"https://github.com/isaacs/init-package-json/issues"},"homepage":"https://github.com/isaacs/init-package-json#readme","_id":"init-package-json@1.8.0","_shasum":"b868fcb698a993a00e70d8eb008b64e3c9bb3097","_from":".","_npmVersion":"2.13.3","_nodeVersion":"3.0.0","_npmUser":{"name":"iarna","email":"me@re-becca.org"},"dist":{"shasum":"b868fcb698a993a00e70d8eb008b64e3c9bb3097","tarball":"https://registry.npmjs.org/init-package-json/-/init-package-json-1.8.0.tgz"},"maintainers":[{"name":"isaacs","email":"i@izs.me"},{"name":"othiym23","email":"ogd@aoaioxxysz.net"},{"name":"iarna","email":"me@re-becca.org"}],"directories":{}},"1.9.0":{"name":"init-package-json","version":"1.9.0","main":"init-package-json.js","scripts":{"test":"tap test/*.js"},"repository":{"type":"git","url":"git://github.com/isaacs/init-package-json.git"},"author":{"name":"Isaac Z. Schlueter","email":"i@izs.me","url":"http://blog.izs.me/"},"license":"ISC","description":"A node module to get your node module started","dependencies":{"glob":"^5.0.3","npm-package-arg":"^4.0.0","promzard":"^0.3.0","read":"~1.0.1","read-package-json":"1 || 2","semver":"2.x || 3.x || 4 || 5","validate-npm-package-license":"^2.0.0","validate-npm-package-name":"^2.0.1"},"devDependencies":{"npm":"^2","rimraf":"^2.1.4","tap":"^1.2.0"},"keywords":["init","package.json","package","helper","wizard","wizerd","prompt","start"],"gitHead":"2dd2274413b155905f1913c90228508d50ca0efd","bugs":{"url":"https://github.com/isaacs/init-package-json/issues"},"homepage":"https://github.com/isaacs/init-package-json#readme","_id":"init-package-json@1.9.0","_shasum":"849e4cd8cb4af76a5866b4eb1a2cbed9d4e19c8b","_from":".","_npmVersion":"2.14.1","_nodeVersion":"2.2.2","_npmUser":{"name":"zkat","email":"kat@sykosomatic.org"},"dist":{"shasum":"849e4cd8cb4af76a5866b4eb1a2cbed9d4e19c8b","tarball":"https://registry.npmjs.org/init-package-json/-/init-package-json-1.9.0.tgz"},"maintainers":[{"name":"isaacs","email":"isaacs@npmjs.com"},{"name":"othiym23","email":"ogd@aoaioxxysz.net"},{"name":"iarna","email":"me@re-becca.org"},{"name":"zkat","email":"kat@sykosomatic.org"}],"directories":{}},"1.9.1":{"name":"init-package-json","version":"1.9.1","main":"init-package-json.js","scripts":{"test":"tap test/*.js"},"repository":{"type":"git","url":"git://github.com/isaacs/init-package-json.git"},"author":{"name":"Isaac Z. Schlueter","email":"i@izs.me","url":"http://blog.izs.me/"},"license":"ISC","description":"A node module to get your node module started","dependencies":{"glob":"^5.0.3","npm-package-arg":"^4.0.0","promzard":"^0.3.0","read":"~1.0.1","read-package-json":"1 || 2","semver":"2.x || 3.x || 4 || 5","validate-npm-package-license":"^3.0.1","validate-npm-package-name":"^2.0.1"},"devDependencies":{"npm":"^2","rimraf":"^2.1.4","tap":"^1.2.0"},"keywords":["init","package.json","package","helper","wizard","wizerd","prompt","start"],"gitHead":"37c38b4e23189eb5645901fa6851f343fddd4b73","bugs":{"url":"https://github.com/isaacs/init-package-json/issues"},"homepage":"https://github.com/isaacs/init-package-json#readme","_id":"init-package-json@1.9.1","_shasum":"a28e05b5baeb3363cd473df68d30d3a80523a31c","_from":".","_npmVersion":"2.14.1","_nodeVersion":"2.2.2","_npmUser":{"name":"zkat","email":"kat@sykosomatic.org"},"dist":{"shasum":"a28e05b5baeb3363cd473df68d30d3a80523a31c","tarball":"https://registry.npmjs.org/init-package-json/-/init-package-json-1.9.1.tgz"},"maintainers":[{"name":"isaacs","email":"isaacs@npmjs.com"},{"name":"othiym23","email":"ogd@aoaioxxysz.net"},{"name":"iarna","email":"me@re-becca.org"},{"name":"zkat","email":"kat@sykosomatic.org"}],"directories":{}},"1.9.2":{"name":"init-package-json","version":"1.9.2","main":"init-package-json.js","scripts":{"test":"tap test/*.js"},"repository":{"type":"git","url":"git+https://github.com/npm/init-package-json.git"},"author":{"name":"Isaac Z. Schlueter","email":"i@izs.me","url":"http://blog.izs.me/"},"license":"ISC","description":"A node module to get your node module started","dependencies":{"glob":"^6.0.0","npm-package-arg":"^4.0.0","promzard":"^0.3.0","read":"~1.0.1","read-package-json":"1 || 2","semver":"2.x || 3.x || 4 || 5","validate-npm-package-license":"^3.0.1","validate-npm-package-name":"^2.0.1"},"devDependencies":{"npm":"^2","rimraf":"^2.1.4","tap":"^1.2.0"},"keywords":["init","package.json","package","helper","wizard","wizerd","prompt","start"],"gitHead":"0aeaf1acc9568d701718adaa87ac513aeb1a6288","bugs":{"url":"https://github.com/npm/init-package-json/issues"},"homepage":"https://github.com/npm/init-package-json#readme","_id":"init-package-json@1.9.2","_shasum":"a2224c322e64080e62e012975080b0b129b064ff","_from":".","_npmVersion":"3.5.4","_nodeVersion":"4.2.2","_npmUser":{"name":"iarna","email":"me@re-becca.org"},"dist":{"shasum":"a2224c322e64080e62e012975080b0b129b064ff","tarball":"https://registry.npmjs.org/init-package-json/-/init-package-json-1.9.2.tgz"},"maintainers":[{"name":"isaacs","email":"isaacs@npmjs.com"},{"name":"othiym23","email":"ogd@aoaioxxysz.net"},{"name":"iarna","email":"me@re-becca.org"},{"name":"zkat","email":"kat@sykosomatic.org"}],"directories":{}},"1.9.3":{"name":"init-package-json","version":"1.9.3","main":"init-package-json.js","scripts":{"test":"tap test/*.js"},"repository":{"type":"git","url":"git+https://github.com/npm/init-package-json.git"},"author":{"name":"Isaac Z. Schlueter","email":"i@izs.me","url":"http://blog.izs.me/"},"license":"ISC","description":"A node module to get your node module started","dependencies":{"glob":"^6.0.0","npm-package-arg":"^4.0.0","promzard":"^0.3.0","read":"~1.0.1","read-package-json":"1 || 2","semver":"2.x || 3.x || 4 || 5","validate-npm-package-license":"^3.0.1","validate-npm-package-name":"^2.0.1"},"devDependencies":{"npm":"^2","rimraf":"^2.1.4","tap":"^1.2.0"},"keywords":["init","package.json","package","helper","wizard","wizerd","prompt","start"],"gitHead":"12eb24ff2f75f84a4a27436bc6f6cb765cbd9ee2","bugs":{"url":"https://github.com/npm/init-package-json/issues"},"homepage":"https://github.com/npm/init-package-json#readme","_id":"init-package-json@1.9.3","_shasum":"ca2ff94709b6d9aaad66533c11a0aff645f15c7d","_from":".","_npmVersion":"3.5.4","_nodeVersion":"4.2.2","_npmUser":{"name":"iarna","email":"me@re-becca.org"},"dist":{"shasum":"ca2ff94709b6d9aaad66533c11a0aff645f15c7d","tarball":"https://registry.npmjs.org/init-package-json/-/init-package-json-1.9.3.tgz"},"maintainers":[{"name":"isaacs","email":"isaacs@npmjs.com"},{"name":"othiym23","email":"ogd@aoaioxxysz.net"},{"name":"iarna","email":"me@re-becca.org"},{"name":"zkat","email":"kat@sykosomatic.org"}],"directories":{}},"1.9.4":{"name":"init-package-json","version":"1.9.4","main":"init-package-json.js","scripts":{"test":"tap test/*.js"},"repository":{"type":"git","url":"git+https://github.com/npm/init-package-json.git"},"author":{"name":"Isaac Z. Schlueter","email":"i@izs.me","url":"http://blog.izs.me/"},"license":"ISC","description":"A node module to get your node module started","dependencies":{"glob":"^6.0.0","npm-package-arg":"^4.0.0","promzard":"^0.3.0","read":"~1.0.1","read-package-json":"1 || 2","semver":"2.x || 3.x || 4 || 5","validate-npm-package-license":"^3.0.1","validate-npm-package-name":"^2.0.1"},"devDependencies":{"npm":"^2","rimraf":"^2.1.4","tap":"^1.2.0"},"keywords":["init","package.json","package","helper","wizard","wizerd","prompt","start"],"gitHead":"3c34250fa58507056a94f3940ee2a28540f83592","bugs":{"url":"https://github.com/npm/init-package-json/issues"},"homepage":"https://github.com/npm/init-package-json#readme","_id":"init-package-json@1.9.4","_shasum":"b4053d0b40f0cf842a41966937cb3dc0f534e856","_from":".","_npmVersion":"3.9.1","_nodeVersion":"5.10.1","_npmUser":{"name":"zkat","email":"kat@sykosomatic.org"},"dist":{"shasum":"b4053d0b40f0cf842a41966937cb3dc0f534e856","tarball":"https://registry.npmjs.org/init-package-json/-/init-package-json-1.9.4.tgz"},"maintainers":[{"name":"isaacs","email":"isaacs@npmjs.com"},{"name":"othiym23","email":"ogd@aoaioxxysz.net"},{"name":"iarna","email":"me@re-becca.org"},{"name":"zkat","email":"kat@sykosomatic.org"}],"_npmOperationalInternal":{"host":"packages-16-east.internal.npmjs.com","tmp":"tmp/init-package-json-1.9.4.tgz_1463610982259_0.011722659226506948"},"directories":{}},"1.9.5":{"name":"init-package-json","version":"1.9.5","main":"init-package-json.js","scripts":{"test":"tap test/*.js"},"repository":{"type":"git","url":"git+https://github.com/npm/init-package-json.git"},"author":{"name":"Isaac Z. Schlueter","email":"i@izs.me","url":"http://blog.izs.me/"},"license":"ISC","description":"A node module to get your node module started","dependencies":{"glob":"^7.1.1","npm-package-arg":"^4.0.0","promzard":"^0.3.0","read":"~1.0.1","read-package-json":"1 || 2","semver":"2.x || 3.x || 4 || 5","validate-npm-package-license":"^3.0.1","validate-npm-package-name":"^3.0.0"},"devDependencies":{"mkdirp":"^0.5.1","npm":"^4.3.0","rimraf":"^2.1.4","tap":"^10.3.0"},"keywords":["init","package.json","package","helper","wizard","wizerd","prompt","start"],"gitHead":"d83eb6cb36d17c6938b9f7a58ae6566f1c8fc869","bugs":{"url":"https://github.com/npm/init-package-json/issues"},"homepage":"https://github.com/npm/init-package-json#readme","_id":"init-package-json@1.9.5","_shasum":"7d4d64a264dc76c1f1f557cbbe824978bf10cd09","_from":".","_npmVersion":"4.1.2","_nodeVersion":"7.7.1","_npmUser":{"name":"zkat","email":"kat@sykosomatic.org"},"dist":{"shasum":"7d4d64a264dc76c1f1f557cbbe824978bf10cd09","tarball":"https://registry.npmjs.org/init-package-json/-/init-package-json-1.9.5.tgz"},"maintainers":[{"name":"isaacs","email":"isaacs@npmjs.com"},{"name":"othiym23","email":"ogd@aoaioxxysz.net"},{"name":"iarna","email":"me@re-becca.org"},{"name":"zkat","email":"kat@sykosomatic.org"}],"_npmOperationalInternal":{"host":"packages-18-east.internal.npmjs.com","tmp":"tmp/init-package-json-1.9.5.tgz_1488924630483_0.1780379111878574"},"directories":{}},"1.9.6":{"name":"init-package-json","version":"1.9.6","main":"init-package-json.js","scripts":{"test":"tap test/*.js"},"repository":{"type":"git","url":"git+https://github.com/npm/init-package-json.git"},"author":{"name":"Isaac Z. Schlueter","email":"i@izs.me","url":"http://blog.izs.me/"},"license":"ISC","description":"A node module to get your node module started","dependencies":{"glob":"^7.1.1","npm-package-arg":"^4.0.0 || ^5.0.0","promzard":"^0.3.0","read":"~1.0.1","read-package-json":"1 || 2","semver":"2.x || 3.x || 4 || 5","validate-npm-package-license":"^3.0.1","validate-npm-package-name":"^3.0.0"},"devDependencies":{"mkdirp":"^0.5.1","npm":"^4.3.0","rimraf":"^2.1.4","tap":"^10.3.0"},"keywords":["init","package.json","package","helper","wizard","wizerd","prompt","start"],"gitHead":"bcc338ef166aee58fc843c52b5225363d4668bf2","bugs":{"url":"https://github.com/npm/init-package-json/issues"},"homepage":"https://github.com/npm/init-package-json#readme","_id":"init-package-json@1.9.6","_shasum":"789fc2b74466a4952b9ea77c0575bc78ebd60a61","_from":".","_npmVersion":"4.5.0","_nodeVersion":"7.7.4","_npmUser":{"name":"iarna","email":"me@re-becca.org"},"dist":{"shasum":"789fc2b74466a4952b9ea77c0575bc78ebd60a61","tarball":"https://registry.npmjs.org/init-package-json/-/init-package-json-1.9.6.tgz"},"maintainers":[{"name":"isaacs","email":"isaacs@npmjs.com"},{"name":"othiym23","email":"ogd@aoaioxxysz.net"},{"name":"iarna","email":"me@re-becca.org"},{"name":"zkat","email":"kat@sykosomatic.org"}],"_npmOperationalInternal":{"host":"packages-18-east.internal.npmjs.com","tmp":"tmp/init-package-json-1.9.6.tgz_1492135231749_0.8497632052749395"},"directories":{}},"1.10.0":{"name":"init-package-json","version":"1.10.0","main":"init-package-json.js","scripts":{"test":"tap test/*.js"},"repository":{"type":"git","url":"git+https://github.com/npm/init-package-json.git"},"author":{"name":"Isaac Z. Schlueter","email":"i@izs.me","url":"http://blog.izs.me/"},"license":"ISC","description":"A node module to get your node module started","dependencies":{"glob":"^7.1.1","npm-package-arg":"^4.0.0 || ^5.0.0","promzard":"^0.3.0","read":"~1.0.1","read-package-json":"1 || 2","semver":"2.x || 3.x || 4 || 5","validate-npm-package-license":"^3.0.1","validate-npm-package-name":"^3.0.0"},"devDependencies":{"mkdirp":"^0.5.1","npm":"^4.3.0","rimraf":"^2.1.4","tap":"^10.3.0"},"keywords":["init","package.json","package","helper","wizard","wizerd","prompt","start"],"files":["default-input.js","init-package-json.js"],"gitHead":"08d1575cf2c2adae894980fca7df021fb44565f9","bugs":{"url":"https://github.com/npm/init-package-json/issues"},"homepage":"https://github.com/npm/init-package-json#readme","_id":"init-package-json@1.10.0","_npmVersion":"4.5.0","_nodeVersion":"4.6.1","_npmUser":{"name":"iarna","email":"me@re-becca.org"},"dist":{"shasum":"e8fc7c407a29bbf6d9aab522d103b9fbbafba5b6","tarball":"https://registry.npmjs.org/init-package-json/-/init-package-json-1.10.0.tgz"},"maintainers":[{"name":"isaacs","email":"isaacs@npmjs.com"},{"name":"othiym23","email":"ogd@aoaioxxysz.net"},{"name":"iarna","email":"me@re-becca.org"},{"name":"zkat","email":"kat@sykosomatic.org"}],"_npmOperationalInternal":{"host":"packages-12-west.internal.npmjs.com","tmp":"tmp/init-package-json-1.10.0.tgz_1492732545609_0.08608654444105923"},"directories":{}},"1.10.1":{"name":"init-package-json","version":"1.10.1","main":"init-package-json.js","scripts":{"test":"tap test/*.js"},"repository":{"type":"git","url":"git+https://github.com/npm/init-package-json.git"},"author":{"name":"Isaac Z. Schlueter","email":"i@izs.me","url":"http://blog.izs.me/"},"license":"ISC","description":"A node module to get your node module started","dependencies":{"glob":"^7.1.1","npm-package-arg":"^4.0.0 || ^5.0.0","promzard":"^0.3.0","read":"~1.0.1","read-package-json":"1 || 2","semver":"2.x || 3.x || 4 || 5","validate-npm-package-license":"^3.0.1","validate-npm-package-name":"^3.0.0"},"devDependencies":{"mkdirp":"^0.5.1","npm":"^4.3.0","rimraf":"^2.1.4","tap":"^10.3.0"},"keywords":["init","package.json","package","helper","wizard","wizerd","prompt","start"],"files":["default-input.js","init-package-json.js"],"gitHead":"b1501e048e2d6ae58d8e3b15967967f22f85122e","bugs":{"url":"https://github.com/npm/init-package-json/issues"},"homepage":"https://github.com/npm/init-package-json#readme","_id":"init-package-json@1.10.1","_npmVersion":"4.5.0","_nodeVersion":"4.6.1","_npmUser":{"name":"iarna","email":"me@re-becca.org"},"dist":{"shasum":"cd873a167796befb99612b28762a0b6393fd8f6a","tarball":"https://registry.npmjs.org/init-package-json/-/init-package-json-1.10.1.tgz"},"maintainers":[{"name":"isaacs","email":"isaacs@npmjs.com"},{"name":"othiym23","email":"ogd@aoaioxxysz.net"},{"name":"iarna","email":"me@re-becca.org"},{"name":"zkat","email":"kat@sykosomatic.org"}],"_npmOperationalInternal":{"host":"packages-12-west.internal.npmjs.com","tmp":"tmp/init-package-json-1.10.1.tgz_1492823965061_0.8588907306548208"},"directories":{}},"1.10.2":{"name":"init-package-json","version":"1.10.2","main":"init-package-json.js","scripts":{"prerelease":"npm t","postrelease":"npm publish && git push --follow-tags","release":"standard-version -s","test":"tap --nyc-arg=--all --coverage test"},"repository":{"type":"git","url":"git+https://github.com/npm/init-package-json.git"},"author":{"name":"Isaac Z. Schlueter","email":"i@izs.me","url":"http://blog.izs.me/"},"license":"ISC","description":"A node module to get your node module started","dependencies":{"glob":"^7.1.1","npm-package-arg":"^4.0.0 || ^5.0.0","promzard":"^0.3.0","read":"~1.0.1","read-package-json":"1 || 2","semver":"2.x || 3.x || 4 || 5","validate-npm-package-license":"^3.0.1","validate-npm-package-name":"^3.0.0"},"devDependencies":{"mkdirp":"^0.5.1","npm":"^4.3.0","rimraf":"^2.1.4","standard-version":"^4.3.0","tap":"^10.3.0"},"keywords":["init","package.json","package","helper","wizard","wizerd","prompt","start"],"files":["default-input.js","init-package-json.js"],"gitHead":"f853b3ede628f979bae6c1c6b92d667e6938c1ae","bugs":{"url":"https://github.com/npm/init-package-json/issues"},"homepage":"https://github.com/npm/init-package-json#readme","_id":"init-package-json@1.10.2","_npmVersion":"5.7.1-canary.13","_nodeVersion":"8.9.4","_npmUser":{"name":"zkat","email":"kzm@sykosomatic.org"},"dist":{"integrity":"sha512-svcu8dE1H7fFCuB5CCOHL5Hu14BnGfYtXjsag70m+FauklI1xclNJGxTvoSaEdiNdpCOSQQSoz3P9jWwXTz2Bw==","shasum":"777018d536dc8ae3f0e75755e44fe1a0c82bac9f","tarball":"https://registry.npmjs.org/init-package-json/-/init-package-json-1.10.2.tgz","fileCount":6,"unpackedSize":15044},"maintainers":[{"email":"me@re-becca.org","name":"iarna"},{"email":"i@izs.me","name":"isaacs"},{"email":"ogd@aoaioxxysz.net","name":"othiym23"},{"email":"kzm@sykosomatic.org","name":"zkat"}],"directories":{},"_npmOperationalInternal":{"host":"s3://npm-registry-packages","tmp":"tmp/init-package-json_1.10.2_1520464136486_0.14092678542711634"}},"1.10.3":{"name":"init-package-json","version":"1.10.3","main":"init-package-json.js","scripts":{"prerelease":"npm t","postrelease":"npm publish && git push --follow-tags","release":"standard-version -s","test":"tap --nyc-arg=--all --coverage test"},"repository":{"type":"git","url":"git+https://github.com/npm/init-package-json.git"},"author":{"name":"Isaac Z. Schlueter","email":"i@izs.me","url":"http://blog.izs.me/"},"license":"ISC","description":"A node module to get your node module started","dependencies":{"glob":"^7.1.1","npm-package-arg":"^4.0.0 || ^5.0.0 || ^6.0.0","promzard":"^0.3.0","read":"~1.0.1","read-package-json":"1 || 2","semver":"2.x || 3.x || 4 || 5","validate-npm-package-license":"^3.0.1","validate-npm-package-name":"^3.0.0"},"devDependencies":{"mkdirp":"^0.5.1","npm":"^5.7.1","rimraf":"^2.1.4","standard-version":"^4.3.0","tap":"^11.1.2"},"keywords":["init","package.json","package","helper","wizard","wizerd","prompt","start"],"files":["default-input.js","init-package-json.js"],"gitHead":"b30d345bd50ed34d33db384bc2b645e7d47d6183","bugs":{"url":"https://github.com/npm/init-package-json/issues"},"homepage":"https://github.com/npm/init-package-json#readme","_id":"init-package-json@1.10.3","_npmVersion":"5.7.1","_nodeVersion":"8.9.4","_npmUser":{"name":"zkat","email":"kzm@sykosomatic.org"},"dist":{"integrity":"sha512-zKSiXKhQveNteyhcj1CoOP8tqp1QuxPIPBl8Bid99DGLFqA1p87M6lNgfjJHSBoWJJlidGOv5rWjyYKEB3g2Jw==","shasum":"45ffe2f610a8ca134f2bd1db5637b235070f6cbe","tarball":"https://registry.npmjs.org/init-package-json/-/init-package-json-1.10.3.tgz","fileCount":6,"unpackedSize":15172},"maintainers":[{"email":"me@re-becca.org","name":"iarna"},{"email":"i@izs.me","name":"isaacs"},{"email":"ogd@aoaioxxysz.net","name":"othiym23"},{"email":"kzm@sykosomatic.org","name":"zkat"}],"directories":{},"_npmOperationalInternal":{"host":"s3://npm-registry-packages","tmp":"tmp/init-package-json_1.10.3_1520464294615_0.46646458318643647"}}},"readme":"# init-package-json\n\nA node module to get your node module started.\n\n[![Build Status](https://secure.travis-ci.org/npm/init-package-json.svg)](http://travis-ci.org/npm/init-package-json)\n\n## Usage\n\n```javascript\nvar init = require('init-package-json')\nvar path = require('path')\n\n// a path to a promzard module.  In the event that this file is\n// not found, one will be provided for you.\nvar initFile = path.resolve(process.env.HOME, '.npm-init')\n\n// the dir where we're doin stuff.\nvar dir = process.cwd()\n\n// extra stuff that gets put into the PromZard module's context.\n// In npm, this is the resolved config object.  Exposed as 'config'\n// Optional.\nvar configData = { some: 'extra stuff' }\n\n// Any existing stuff from the package.json file is also exposed in the\n// PromZard module as the `package` object.  There will also be free\n// vars for:\n// * `filename` path to the package.json file\n// * `basename` the tip of the package dir\n// * `dirname` the parent of the package dir\n\ninit(dir, initFile, configData, function (er, data) {\n  // the data's already been written to {dir}/package.json\n  // now you can do stuff with it\n})\n```\n\nOr from the command line:\n\n```\n$ npm-init\n```\n\nSee [PromZard](https://github.com/npm/promzard) for details about\nwhat can go in the config file.\n","maintainers":[{"email":"me@re-becca.org","name":"iarna"},{"email":"i@izs.me","name":"isaacs"},{"email":"ogd@aoaioxxysz.net","name":"othiym23"},{"email":"kzm@sykosomatic.org","name":"zkat"}],"time":{"modified":"2018-03-07T23:11:36.017Z","created":"2012-06-17T04:43:24.707Z","0.0.1":"2012-06-17T04:43:26.281Z","0.0.2":"2012-06-17T05:10:40.768Z","0.0.3":"2012-06-18T23:30:10.730Z","0.0.4":"2012-06-18T23:31:35.304Z","0.0.5":"2012-07-24T08:16:41.845Z","0.0.6":"2012-10-02T19:56:40.399Z","0.0.7":"2012-11-07T23:00:20.498Z","0.0.8":"2013-04-29T16:04:12.892Z","0.0.9":"2013-06-17T01:00:00.175Z","0.0.10":"2013-06-20T04:56:19.622Z","0.0.11":"2013-08-02T01:42:32.057Z","0.0.13":"2013-11-19T04:40:16.756Z","0.0.14":"2013-11-26T19:48:18.232Z","0.0.15":"2014-02-18T15:57:54.011Z","0.0.16":"2014-04-17T23:32:25.273Z","0.0.17":"2014-05-16T18:20:30.766Z","0.1.0":"2014-06-06T06:21:19.424Z","0.1.1":"2014-07-11T23:56:18.267Z","0.1.2":"2014-07-23T21:15:53.237Z","1.0.0":"2014-07-30T22:38:32.872Z","1.0.1":"2014-09-11T07:08:36.846Z","1.1.0":"2014-09-19T06:05:29.177Z","1.1.1":"2014-10-23T19:01:34.099Z","1.1.2":"2014-11-05T02:19:59.041Z","1.1.3":"2014-12-12T08:55:22.275Z","1.2.0":"2015-01-20T06:46:56.448Z","1.3.0":"2015-02-27T11:14:37.990Z","1.3.1":"2015-04-03T06:37:42.742Z","1.3.2":"2015-04-03T07:08:42.354Z","1.4.0":"2015-04-07T06:39:46.580Z","1.4.1":"2015-04-17T05:22:45.844Z","1.4.2":"2015-04-23T23:07:18.417Z","1.5.0":"2015-05-06T21:26:05.210Z","1.6.0":"2015-05-21T21:12:15.623Z","1.6.1":"2015-06-19T07:29:29.871Z","1.7.0":"2015-06-19T07:46:42.739Z","1.7.1":"2015-07-16T23:35:00.633Z","1.8.0":"2015-08-13T21:30:56.055Z","1.9.0":"2015-08-27T00:48:23.947Z","1.9.1":"2015-08-27T21:41:42.024Z","1.9.2":"2016-01-12T22:32:35.645Z","1.9.3":"2016-01-12T22:56:29.441Z","1.9.4":"2016-05-18T22:36:26.616Z","1.9.5":"2017-03-07T22:10:32.282Z","1.9.6":"2017-04-14T02:00:33.594Z","1.10.0":"2017-04-20T23:55:45.919Z","1.10.1":"2017-04-22T01:19:25.295Z","1.10.2":"2018-03-07T23:08:56.607Z","1.10.3":"2018-03-07T23:11:34.768Z"},"author":{"name":"Isaac Z. Schlueter","email":"i@izs.me","url":"http://blog.izs.me/"},"repository":{"type":"git","url":"git+https://github.com/npm/init-package-json.git"},"users":{"fgribreau":true,"lestad":true},"readmeFilename":"README.md","homepage":"https://github.com/npm/init-package-json#readme","keywords":["init","package.json","package","helper","wizard","wizerd","prompt","start"],"bugs":{"url":"https://github.com/npm/init-package-json/issues"},"license":"ISC","_attachments":{},"_etag":"W/\"f22e394d0fb435c6d232501b036ba8b0\"","_lastModified":"Sun, 27 May 2018 04:40:17 GMT"}