{"_id":"editor","_rev":"26-640d9021376acfadd505e7fe607653bc","name":"editor","description":"launch $EDITOR in your program","dist-tags":{"latest":"1.0.0"},"versions":{"0.0.0":{"name":"editor","version":"0.0.0","description":"launch $EDITOR in your program","main":"index.js","bin":{},"directories":{"example":"example","test":"test"},"dependencies":{},"devDependencies":{"tap":"~0.2.5"},"scripts":{"test":"tap test/*.js"},"repository":{"type":"git","url":"git://github.com/substack/node-editor.git"},"homepage":"https://github.com/substack/node-editor","keywords":["text","edit","shell"],"author":{"name":"James Halliday","email":"mail@substack.net","url":"http://substack.net"},"license":"MIT","engine":{"node":">=0.6"},"_npmUser":{"name":"substack","email":"mail@substack.net"},"_id":"editor@0.0.0","optionalDependencies":{},"engines":{"node":"*"},"_engineSupported":true,"_npmVersion":"1.1.19","_nodeVersion":"v0.6.11","_defaultsLoaded":true,"dist":{"shasum":"83fe7d13e808125b51a92db935fed672a5ae6386","tarball":"https://registry.npmjs.org/editor/-/editor-0.0.0.tgz"},"maintainers":[{"name":"substack","email":"mail@substack.net"}]},"0.0.1":{"name":"editor","version":"0.0.1","description":"launch $EDITOR in your program","main":"index.js","bin":{},"directories":{"example":"example","test":"test"},"dependencies":{},"devDependencies":{"tap":"~0.2.5"},"scripts":{"test":"tap test/*.js"},"repository":{"type":"git","url":"git://github.com/substack/node-editor.git"},"homepage":"https://github.com/substack/node-editor","keywords":["text","edit","shell"],"author":{"name":"James Halliday","email":"mail@substack.net","url":"http://substack.net"},"license":"MIT","engine":{"node":">=0.6"},"_npmUser":{"name":"substack","email":"mail@substack.net"},"_id":"editor@0.0.1","optionalDependencies":{},"engines":{"node":"*"},"_engineSupported":true,"_npmVersion":"1.1.19","_nodeVersion":"v0.6.11","_defaultsLoaded":true,"dist":{"shasum":"4b60e105dda2e8b1bb6d398697afc0458a1ad71b","tarball":"https://registry.npmjs.org/editor/-/editor-0.0.1.tgz"},"maintainers":[{"name":"substack","email":"mail@substack.net"}]},"0.0.2":{"name":"editor","version":"0.0.2","description":"launch $EDITOR in your program","main":"index.js","bin":{},"directories":{"example":"example","test":"test"},"dependencies":{},"devDependencies":{"tap":"~0.2.5"},"scripts":{"test":"tap test/*.js"},"repository":{"type":"git","url":"git://github.com/substack/node-editor.git"},"homepage":"https://github.com/substack/node-editor","keywords":["text","edit","shell"],"author":{"name":"James Halliday","email":"mail@substack.net","url":"http://substack.net"},"license":"MIT","engine":{"node":">=0.6"},"_npmUser":{"name":"substack","email":"mail@substack.net"},"_id":"editor@0.0.2","optionalDependencies":{},"engines":{"node":"*"},"_engineSupported":true,"_npmVersion":"1.1.19","_nodeVersion":"v0.6.11","_defaultsLoaded":true,"dist":{"shasum":"0354169b148d14f58c07a8a418eab3b154128fd9","tarball":"https://registry.npmjs.org/editor/-/editor-0.0.2.tgz"},"maintainers":[{"name":"substack","email":"mail@substack.net"}]},"0.0.3":{"name":"editor","version":"0.0.3","description":"launch $EDITOR in your program","main":"index.js","bin":{},"directories":{"example":"example","test":"test"},"dependencies":{},"devDependencies":{"tap":"~0.2.5"},"scripts":{"test":"tap test/*.js"},"repository":{"type":"git","url":"git://github.com/substack/node-editor.git"},"homepage":"https://github.com/substack/node-editor","keywords":["text","edit","shell"],"author":{"name":"James Halliday","email":"mail@substack.net","url":"http://substack.net"},"license":"MIT","engine":{"node":">=0.6"},"_id":"editor@0.0.3","dist":{"shasum":"eee719b546d9409b317205a6c6fdf521d7e83426","tarball":"https://registry.npmjs.org/editor/-/editor-0.0.3.tgz"},"maintainers":[{"name":"substack","email":"mail@substack.net"}]},"0.0.4":{"name":"editor","version":"0.0.4","description":"launch $EDITOR in your program","main":"index.js","bin":{},"directories":{"example":"example","test":"test"},"dependencies":{},"devDependencies":{"tap":"~0.2.5"},"scripts":{"test":"tap test/*.js"},"repository":{"type":"git","url":"git://github.com/substack/node-editor.git"},"homepage":"https://github.com/substack/node-editor","keywords":["text","edit","shell"],"author":{"name":"James Halliday","email":"mail@substack.net","url":"http://substack.net"},"license":"MIT","engine":{"node":">=0.6"},"_id":"editor@0.0.4","dist":{"shasum":"478920f77bca6c1c1749d5e3edde4bd5966efda8","tarball":"https://registry.npmjs.org/editor/-/editor-0.0.4.tgz"},"_npmVersion":"1.1.59","_npmUser":{"name":"substack","email":"mail@substack.net"},"maintainers":[{"name":"substack","email":"mail@substack.net"}]},"0.0.5":{"name":"editor","version":"0.0.5","description":"launch $EDITOR in your program","main":"index.js","directories":{"example":"example","test":"test"},"dependencies":{},"devDependencies":{"tap":"~0.4.4"},"scripts":{"test":"tap test/*.js"},"repository":{"type":"git","url":"git://github.com/substack/node-editor.git"},"homepage":"https://github.com/substack/node-editor","keywords":["text","edit","shell"],"author":{"name":"James Halliday","email":"mail@substack.net","url":"http://substack.net"},"license":"MIT","engine":{"node":">=0.6"},"bugs":{"url":"https://github.com/substack/node-editor/issues"},"_id":"editor@0.0.5","dist":{"shasum":"8c38877781f2547011c1aeffdbe50cafcc59794a","tarball":"https://registry.npmjs.org/editor/-/editor-0.0.5.tgz"},"_from":".","_npmVersion":"1.3.7","_npmUser":{"name":"substack","email":"mail@substack.net"},"maintainers":[{"name":"substack","email":"mail@substack.net"}]},"0.0.6":{"name":"editor","version":"0.0.6","description":"launch $EDITOR in your program","main":"index.js","directories":{"example":"example","test":"test"},"dependencies":{},"devDependencies":{"tap":"~0.4.4"},"scripts":{"test":"tap test/*.js"},"repository":{"type":"git","url":"git://github.com/substack/node-editor.git"},"homepage":"https://github.com/substack/node-editor","keywords":["text","edit","shell"],"author":{"name":"James Halliday","email":"mail@substack.net","url":"http://substack.net"},"license":"MIT","engine":{"node":">=0.6"},"bugs":{"url":"https://github.com/substack/node-editor/issues"},"_id":"editor@0.0.6","dist":{"shasum":"f25a2bc76b875f27f1f65ec5239fc2fdb5e3422a","tarball":"https://registry.npmjs.org/editor/-/editor-0.0.6.tgz"},"_from":".","_npmVersion":"1.3.21","_npmUser":{"name":"substack","email":"mail@substack.net"},"maintainers":[{"name":"substack","email":"mail@substack.net"}]},"0.1.0":{"name":"editor","version":"0.1.0","description":"launch $EDITOR in your program","main":"index.js","directories":{"example":"example","test":"test"},"dependencies":{},"devDependencies":{"tap":"~0.4.4"},"scripts":{"test":"tap test/*.js"},"repository":{"type":"git","url":"git://github.com/substack/node-editor.git"},"homepage":"https://github.com/substack/node-editor","keywords":["text","edit","shell"],"author":{"name":"James Halliday","email":"mail@substack.net","url":"http://substack.net"},"license":"MIT","engine":{"node":">=0.6"},"bugs":{"url":"https://github.com/substack/node-editor/issues"},"_id":"editor@0.1.0","dist":{"shasum":"542f4662c6a8c88e862fc11945e204e51981b9a1","tarball":"https://registry.npmjs.org/editor/-/editor-0.1.0.tgz"},"_from":".","_npmVersion":"1.3.21","_npmUser":{"name":"substack","email":"mail@substack.net"},"maintainers":[{"name":"substack","email":"mail@substack.net"}]},"1.0.0":{"name":"editor","version":"1.0.0","description":"launch $EDITOR in your program","main":"index.js","directories":{"example":"example","test":"test"},"dependencies":{},"devDependencies":{"tap":"~0.4.4"},"scripts":{"test":"tap test/*.js"},"repository":{"type":"git","url":"git://github.com/substack/node-editor.git"},"homepage":"https://github.com/substack/node-editor","keywords":["text","edit","shell"],"author":{"name":"James Halliday","email":"mail@substack.net","url":"http://substack.net"},"license":"MIT","engine":{"node":">=0.6"},"gitHead":"15200af2c417c65a4df153f39f32143dcd476375","bugs":{"url":"https://github.com/substack/node-editor/issues"},"_id":"editor@1.0.0","_shasum":"60c7f87bd62bcc6a894fa8ccd6afb7823a24f742","_from":".","_npmVersion":"2.7.5","_nodeVersion":"1.6.3","_npmUser":{"name":"substack","email":"substack@gmail.com"},"dist":{"shasum":"60c7f87bd62bcc6a894fa8ccd6afb7823a24f742","tarball":"https://registry.npmjs.org/editor/-/editor-1.0.0.tgz"},"maintainers":[{"name":"substack","email":"mail@substack.net"}]}},"readme":"editor\n======\n\nLaunch $EDITOR in your program.\n\nexample\n=======\n\n``` js\nvar editor = require('editor');\neditor('beep.json', function (code, sig) {\n    console.log('finished editing with code ' + code);\n});\n```\n\n***\n\n```\n$ node edit.js\n```\n\n![editor](http://substack.net/images/screenshots/editor.png)\n\n```\nfinished editing with code 0\n```\n\nmethods\n=======\n\n``` js\nvar editor = require('editor')\n```\n\neditor(file, opts={}, cb)\n-------------------------\n\nLaunch the `$EDITOR` (or `opts.editor`) for `file`.\n\nWhen the editor exits, `cb(code, sig)` fires.\n\ninstall\n=======\n\nWith [npm](http://npmjs.org) do:\n\n```\nnpm install editor\n```\n\nlicense\n=======\n\nMIT\n","maintainers":[{"name":"substack","email":"mail@substack.net"}],"time":{"modified":"2017-08-03T07:58:35.822Z","created":"2012-06-13T04:02:09.961Z","0.0.0":"2012-06-13T04:02:11.703Z","0.0.1":"2012-06-13T06:00:16.734Z","0.0.2":"2012-06-13T06:08:33.775Z","0.0.3":"2012-07-21T16:18:17.443Z","0.0.4":"2012-11-25T22:41:03.089Z","0.0.5":"2013-09-14T23:32:04.840Z","0.0.6":"2013-12-23T22:04:07.040Z","0.1.0":"2014-01-30T02:56:45.077Z","1.0.0":"2015-04-20T20:03:10.280Z"},"author":{"name":"James Halliday","email":"mail@substack.net","url":"http://substack.net"},"repository":{"type":"git","url":"git://github.com/substack/node-editor.git"},"users":{"trusktr":true,"fiveisprime":true,"j.su":true,"abhisekp":true,"max_devjs":true,"d-band":true},"readmeFilename":"README.markdown","homepage":"https://github.com/substack/node-editor","keywords":["text","edit","shell"],"bugs":{"url":"https://github.com/substack/node-editor/issues"},"license":"MIT","_attachments":{},"_etag":"W/\"7c83ca3510db94d52c3d0a84c77cac21\"","_lastModified":"Sat, 26 May 2018 22:46:10 GMT"}