{"_id":"json-parse-helpfulerror","_rev":"11-31dc5a97b6b41fbaf5d7bb3b01f23d33","name":"json-parse-helpfulerror","description":"A drop-in replacement for JSON.parse that uses `jju` to give helpful errors","dist-tags":{"latest":"1.0.3"},"versions":{"1.0.1":{"name":"json-parse-helpfulerror","version":"1.0.1","description":"A drop-in replacement for JSON.parse that uses `jju` to give helpful errors","main":"index.js","scripts":{"test":"lab -c","lint":"jslint --edition=latest --terse *.js"},"repository":{"type":"git","url":"https://github.com/smikes/json-parse-helpfulerror.git"},"keywords":["json","parse","line","doublequote","error"],"author":{"name":"Sam Mikes","email":"smikes@cubane.com"},"license":"MIT","bugs":{"url":"https://github.com/smikes/json-parse-helpfulerror/issues"},"homepage":"https://github.com/smikes/json-parse-helpfulerror","devDependencies":{"code":"^1.2.1","jslint":"^0.7.1","lab":"^5.1.1"},"gitHead":"c633769f865d4486a9e69f7aed5b19b54c93b8f7","_id":"json-parse-helpfulerror@1.0.1","_shasum":"e609307c9e70ff0a95d50ec92eca63952fde2a33","_from":".","_npmVersion":"2.1.16","_nodeVersion":"0.10.35","_npmUser":{"name":"smikes","email":"smikes@cubane.com"},"maintainers":[{"name":"smikes","email":"smikes@cubane.com"}],"dist":{"shasum":"e609307c9e70ff0a95d50ec92eca63952fde2a33","tarball":"https://registry.npmjs.org/json-parse-helpfulerror/-/json-parse-helpfulerror-1.0.1.tgz"},"directories":{}},"1.0.2":{"name":"json-parse-helpfulerror","version":"1.0.2","description":"A drop-in replacement for JSON.parse that uses `jju` to give helpful errors","main":"index.js","scripts":{"test":"lab -c","lint":"jslint --edition=latest --terse *.js"},"repository":{"type":"git","url":"https://github.com/smikes/json-parse-helpfulerror.git"},"keywords":["json","parse","line","doublequote","error"],"author":{"name":"Sam Mikes","email":"smikes@cubane.com"},"license":"MIT","bugs":{"url":"https://github.com/smikes/json-parse-helpfulerror/issues"},"homepage":"https://github.com/smikes/json-parse-helpfulerror","devDependencies":{"code":"^1.2.1","jslint":"^0.7.1","lab":"^5.1.1"},"dependencies":{"jju":"^1.1.0"},"gitHead":"c633769f865d4486a9e69f7aed5b19b54c93b8f7","_id":"json-parse-helpfulerror@1.0.2","_shasum":"4ef9a4f12b960fc4d6fe54a3ffaea2ae328b9736","_from":".","_npmVersion":"2.1.16","_nodeVersion":"0.10.35","_npmUser":{"name":"smikes","email":"smikes@cubane.com"},"maintainers":[{"name":"smikes","email":"smikes@cubane.com"}],"dist":{"shasum":"4ef9a4f12b960fc4d6fe54a3ffaea2ae328b9736","tarball":"https://registry.npmjs.org/json-parse-helpfulerror/-/json-parse-helpfulerror-1.0.2.tgz"},"directories":{}},"1.0.3":{"name":"json-parse-helpfulerror","version":"1.0.3","description":"A drop-in replacement for JSON.parse that uses `jju` to give helpful errors","main":"index.js","scripts":{"test":"lab -c","lint":"jslint --edition=latest --terse *.js"},"repository":{"type":"git","url":"https://github.com/smikes/json-parse-helpfulerror.git"},"keywords":["json","parse","line","doublequote","error"],"author":{"name":"Sam Mikes","email":"smikes@cubane.com"},"license":"MIT","bugs":{"url":"https://github.com/smikes/json-parse-helpfulerror/issues"},"homepage":"https://github.com/smikes/json-parse-helpfulerror","devDependencies":{"code":"^1.2.1","jslint":"^0.7.1","lab":"^5.1.1"},"dependencies":{"jju":"^1.1.0"},"gitHead":"eedb116ec96b5c479be3919b526d6de0a521be5e","_id":"json-parse-helpfulerror@1.0.3","_shasum":"13f14ce02eed4e981297b64eb9e3b932e2dd13dc","_from":".","_npmVersion":"2.1.16","_nodeVersion":"0.10.35","_npmUser":{"name":"smikes","email":"smikes@cubane.com"},"maintainers":[{"name":"smikes","email":"smikes@cubane.com"}],"dist":{"shasum":"13f14ce02eed4e981297b64eb9e3b932e2dd13dc","tarball":"https://registry.npmjs.org/json-parse-helpfulerror/-/json-parse-helpfulerror-1.0.3.tgz"},"directories":{}}},"readme":"# json-parse-helpfulerror\n\nA drop-in replacement for `JSON.parse` that uses\n<https://npmjs.org/jju> to provide more useful error messages in the\nevent of a parse error.\n\n# Example\n\n## Installation\n\n```\nnpm i -S json-parse-helpfulerror\n```\n\n## Use\n\n```js\nvar jph = require('json-parse-helpfulerror');\n\nvar notJSON = \"{'foo': 3}\";     // keys must be double-quoted in JSON\n\nJSON.parse(notJSON);            // throws unhelpful error\n\njph.parse(\"{'foo': 3}\")         // throws more helpful error: \"Unexpected token '\\''...\"\n```\n\n# License\n\nMIT","maintainers":[{"email":"smikes@cubane.com","name":"smikes"},{"email":"ogd@aoaioxxysz.net","name":"othiym23"},{"email":"i@izs.me","name":"isaacs"}],"time":{"modified":"2017-07-13T22:49:53.609Z","created":"2015-01-04T01:52:51.557Z","1.0.1":"2015-01-04T01:52:51.557Z","1.0.2":"2015-01-04T01:56:37.286Z","1.0.3":"2015-01-04T02:16:14.017Z"},"homepage":"https://github.com/smikes/json-parse-helpfulerror","keywords":["json","parse","line","doublequote","error"],"repository":{"type":"git","url":"https://github.com/smikes/json-parse-helpfulerror.git"},"author":{"name":"Sam Mikes","email":"smikes@cubane.com"},"bugs":{"url":"https://github.com/smikes/json-parse-helpfulerror/issues"},"license":"MIT","readmeFilename":"README.md","users":{"drveresh":true,"robmcguinness":true},"_attachments":{},"_etag":"W/\"185e5fdcd54d038e89a7140a396d4cbd\"","_lastModified":"Sun, 27 May 2018 05:39:58 GMT"}