{"_id":"es6-symbol","_rev":"22-e5e00df79630344645a0c09131adbffa","name":"es6-symbol","description":"ECMAScript 6 Symbol polyfill","dist-tags":{"latest":"3.1.1"},"versions":{"0.0.0":{"name":"es6-symbol","version":"0.0.0","description":"ECMAScript6 Symbol polyfill","author":{"name":"Mariusz Nowak","email":"medyk@medikoo.com","url":"http://www.medikoo.com/"},"keywords":["symbol","private","property","es6","ecmascript","harmony"],"repository":{"type":"git","url":"git://github.com/medikoo/es6-symbol.git"},"scripts":{"test":"node ./node_modules/tad/bin/tad"},"dependencies":{"d":"git://github.com/medikoo/d.git","es5-ext":"git://github.com/medikoo/es5-ext.git"},"devDependencies":{"tad":"~0.1.20"},"license":"MIT","bugs":{"url":"https://github.com/medikoo/es6-symbol/issues"},"homepage":"https://github.com/medikoo/es6-symbol","_id":"es6-symbol@0.0.0","dist":{"shasum":"eefb0875ccab201addb68f7a75efcf1b6dac9e14","tarball":"https://registry.npmjs.org/es6-symbol/-/es6-symbol-0.0.0.tgz"},"_from":".","_npmVersion":"1.3.14","_npmUser":{"name":"medikoo","email":"medikoo+npm@medikoo.com"},"maintainers":[{"name":"medikoo","email":"medikoo+npm@medikoo.com"}],"directories":{}},"0.1.0":{"name":"es6-symbol","version":"0.1.0","description":"ECMAScript6 Symbol polyfill","author":{"name":"Mariusz Nowak","email":"medyk@medikoo.com","url":"http://www.medikoo.com/"},"keywords":["symbol","private","property","es6","ecmascript","harmony"],"repository":{"type":"git","url":"git://github.com/medikoo/es6-symbol.git"},"dependencies":{"d":"~0.1.1","es5-ext":"~0.10.2"},"devDependencies":{"tad":"0.2.x"},"scripts":{"test":"node ./node_modules/tad/bin/tad"},"license":"MIT","bugs":{"url":"https://github.com/medikoo/es6-symbol/issues"},"homepage":"https://github.com/medikoo/es6-symbol","_id":"es6-symbol@0.1.0","dist":{"shasum":"ba5878f37a652f6c713244716fc7b24d61d2dc39","tarball":"https://registry.npmjs.org/es6-symbol/-/es6-symbol-0.1.0.tgz"},"_from":".","_npmVersion":"1.4.3","_npmUser":{"name":"medikoo","email":"medikoo+npm@medikoo.com"},"maintainers":[{"name":"medikoo","email":"medikoo+npm@medikoo.com"}],"directories":{}},"0.1.1":{"name":"es6-symbol","version":"0.1.1","description":"ECMAScript6 Symbol polyfill","author":{"name":"Mariusz Nowak","email":"medyk@medikoo.com","url":"http://www.medikoo.com/"},"keywords":["symbol","private","property","es6","ecmascript","harmony"],"repository":{"type":"git","url":"git://github.com/medikoo/es6-symbol.git"},"dependencies":{"d":"~0.1.1","es5-ext":"~0.10.4"},"devDependencies":{"tad":"0.2.x"},"scripts":{"test":"node ./node_modules/tad/bin/tad"},"license":"MIT","gitHead":"2ca76a05feafaa14c838337722562625fb5072b4","bugs":{"url":"https://github.com/medikoo/es6-symbol/issues"},"homepage":"https://github.com/medikoo/es6-symbol","_id":"es6-symbol@0.1.1","_shasum":"9cf7fab2edaff1b1da8fe8e68bfe3f5aca6ca218","_from":".","_npmVersion":"2.0.0","_npmUser":{"name":"medikoo","email":"medikoo+npm@medikoo.com"},"maintainers":[{"name":"medikoo","email":"medikoo+npm@medikoo.com"}],"dist":{"shasum":"9cf7fab2edaff1b1da8fe8e68bfe3f5aca6ca218","tarball":"https://registry.npmjs.org/es6-symbol/-/es6-symbol-0.1.1.tgz"},"directories":{}},"1.0.0":{"name":"es6-symbol","version":"1.0.0","description":"ECMAScript6 Symbol polyfill","author":{"name":"Mariusz Nowak","email":"medyk@medikoo.com","url":"http://www.medikoo.com/"},"keywords":["symbol","private","property","es6","ecmascript","harmony"],"repository":{"type":"git","url":"git://github.com/medikoo/es6-symbol.git"},"dependencies":{"d":"~0.1.1","es5-ext":"~0.10.5"},"devDependencies":{"tad":"~0.2.1","xlint":"~0.2.2","xlint-jslint-medikoo":"~0.1.2"},"scripts":{"lint":"node node_modules/xlint/bin/xlint --linter=node_modules/xlint-jslint-medikoo/index.js --no-cache --no-stream","lint-console":"node node_modules/xlint/bin/xlint --linter=node_modules/xlint-jslint-medikoo/index.js --watch","test":"node ./node_modules/tad/bin/tad"},"license":"MIT","gitHead":"6b33e3239fbbd2d948122691f06362df46044445","bugs":{"url":"https://github.com/medikoo/es6-symbol/issues"},"homepage":"https://github.com/medikoo/es6-symbol","_id":"es6-symbol@1.0.0","_shasum":"6213213537fc260f4688ce0f2be855b96391aaf1","_from":".","_npmVersion":"1.4.28","_npmUser":{"name":"medikoo","email":"medikoo+npm@medikoo.com"},"maintainers":[{"name":"medikoo","email":"medikoo+npm@medikoo.com"}],"dist":{"shasum":"6213213537fc260f4688ce0f2be855b96391aaf1","tarball":"https://registry.npmjs.org/es6-symbol/-/es6-symbol-1.0.0.tgz"},"directories":{}},"2.0.0":{"name":"es6-symbol","version":"2.0.0","description":"ECMAScript6 Symbol polyfill","author":{"name":"Mariusz Nowak","email":"medyk@medikoo.com","url":"http://www.medikoo.com/"},"keywords":["symbol","private","property","es6","ecmascript","harmony"],"repository":{"type":"git","url":"git://github.com/medikoo/es6-symbol.git"},"dependencies":{"d":"~0.1.1","es5-ext":"~0.10.5"},"devDependencies":{"tad":"~0.2.1","xlint":"~0.2.2","xlint-jslint-medikoo":"~0.1.2"},"scripts":{"lint":"node node_modules/xlint/bin/xlint --linter=node_modules/xlint-jslint-medikoo/index.js --no-cache --no-stream","lint-console":"node node_modules/xlint/bin/xlint --linter=node_modules/xlint-jslint-medikoo/index.js --watch","test":"node ./node_modules/tad/bin/tad"},"license":"MIT","gitHead":"9cd705f8a864b220721383fac6e0a9bff44803c1","bugs":{"url":"https://github.com/medikoo/es6-symbol/issues"},"homepage":"https://github.com/medikoo/es6-symbol","_id":"es6-symbol@2.0.0","_shasum":"e22d7e04596b7f0881fc274c37c20e84f7bf33a0","_from":".","_npmVersion":"1.4.28","_npmUser":{"name":"medikoo","email":"medikoo+npm@medikoo.com"},"maintainers":[{"name":"medikoo","email":"medikoo+npm@medikoo.com"}],"dist":{"shasum":"e22d7e04596b7f0881fc274c37c20e84f7bf33a0","tarball":"https://registry.npmjs.org/es6-symbol/-/es6-symbol-2.0.0.tgz"},"directories":{}},"2.0.1":{"name":"es6-symbol","version":"2.0.1","description":"ECMAScript6 Symbol polyfill","author":{"name":"Mariusz Nowak","email":"medyk@medikoo.com","url":"http://www.medikoo.com/"},"keywords":["symbol","private","property","es6","ecmascript","harmony"],"repository":{"type":"git","url":"git://github.com/medikoo/es6-symbol.git"},"dependencies":{"d":"~0.1.1","es5-ext":"~0.10.5"},"devDependencies":{"tad":"~0.2.1","xlint":"~0.2.2","xlint-jslint-medikoo":"~0.1.2"},"scripts":{"lint":"node node_modules/xlint/bin/xlint --linter=node_modules/xlint-jslint-medikoo/index.js --no-cache --no-stream","lint-console":"node node_modules/xlint/bin/xlint --linter=node_modules/xlint-jslint-medikoo/index.js --watch","test":"node ./node_modules/tad/bin/tad"},"license":"MIT","gitHead":"51f6938d7830269fefa38f02eb912f5472b3ccd7","bugs":{"url":"https://github.com/medikoo/es6-symbol/issues"},"homepage":"https://github.com/medikoo/es6-symbol","_id":"es6-symbol@2.0.1","_shasum":"761b5c67cfd4f1d18afb234f691d678682cb3bf3","_from":".","_npmVersion":"1.4.28","_npmUser":{"name":"medikoo","email":"medikoo+npm@medikoo.com"},"maintainers":[{"name":"medikoo","email":"medikoo+npm@medikoo.com"}],"dist":{"shasum":"761b5c67cfd4f1d18afb234f691d678682cb3bf3","tarball":"https://registry.npmjs.org/es6-symbol/-/es6-symbol-2.0.1.tgz"},"directories":{}},"3.0.0":{"name":"es6-symbol","version":"3.0.0","description":"ECMAScript 6 Symbol polyfill","author":{"name":"Mariusz Nowak","email":"medyk@medikoo.com","url":"http://www.medikoo.com/"},"keywords":["symbol","private","property","es6","ecmascript","harmony","ponyfill","polyfill"],"repository":{"type":"git","url":"git://github.com/medikoo/es6-symbol.git"},"dependencies":{"d":"~0.1.1","es5-ext":"~0.10.7"},"devDependencies":{"tad":"~0.2.3","xlint":"~0.2.2","xlint-jslint-medikoo":"~0.1.4"},"scripts":{"lint":"node node_modules/xlint/bin/xlint --linter=node_modules/xlint-jslint-medikoo/index.js --no-cache --no-stream","lint-console":"node node_modules/xlint/bin/xlint --linter=node_modules/xlint-jslint-medikoo/index.js --watch","test":"node ./node_modules/tad/bin/tad"},"license":"MIT","gitHead":"46fac5d66fe6911426f5cbeb029e2b989bc3047d","bugs":{"url":"https://github.com/medikoo/es6-symbol/issues"},"homepage":"https://github.com/medikoo/es6-symbol#readme","_id":"es6-symbol@3.0.0","_shasum":"3ec310834a50aa2441a9355a46360d992425ceb8","_from":".","_npmVersion":"2.14.4","_nodeVersion":"4.1.1","_npmUser":{"name":"medikoo","email":"medikoo+npm@medikoo.com"},"dist":{"shasum":"3ec310834a50aa2441a9355a46360d992425ceb8","tarball":"https://registry.npmjs.org/es6-symbol/-/es6-symbol-3.0.0.tgz"},"maintainers":[{"name":"medikoo","email":"medikoo+npm@medikoo.com"}],"directories":{}},"3.0.1":{"name":"es6-symbol","version":"3.0.1","description":"ECMAScript 6 Symbol polyfill","author":{"name":"Mariusz Nowak","email":"medyk@medikoo.com","url":"http://www.medikoo.com/"},"keywords":["symbol","private","property","es6","ecmascript","harmony","ponyfill","polyfill"],"repository":{"type":"git","url":"git://github.com/medikoo/es6-symbol.git"},"dependencies":{"d":"~0.1.1","es5-ext":"~0.10.8"},"devDependencies":{"tad":"~0.2.4","xlint":"~0.2.2","xlint-jslint-medikoo":"~0.1.4"},"scripts":{"lint":"node node_modules/xlint/bin/xlint --linter=node_modules/xlint-jslint-medikoo/index.js --no-cache --no-stream","lint-console":"node node_modules/xlint/bin/xlint --linter=node_modules/xlint-jslint-medikoo/index.js --watch","test":"node ./node_modules/tad/bin/tad"},"license":"MIT","gitHead":"8d262d63a6fcef2e77ea052362d77a34898e1210","bugs":{"url":"https://github.com/medikoo/es6-symbol/issues"},"homepage":"https://github.com/medikoo/es6-symbol#readme","_id":"es6-symbol@3.0.1","_shasum":"164221e557c1fd416661ab5b6274ef4b7837337e","_from":".","_npmVersion":"2.14.7","_nodeVersion":"4.2.1","_npmUser":{"name":"medikoo","email":"medikoo+npm@medikoo.com"},"dist":{"shasum":"164221e557c1fd416661ab5b6274ef4b7837337e","tarball":"https://registry.npmjs.org/es6-symbol/-/es6-symbol-3.0.1.tgz"},"maintainers":[{"name":"medikoo","email":"medikoo+npm@medikoo.com"}],"directories":{}},"3.0.2":{"name":"es6-symbol","version":"3.0.2","description":"ECMAScript 6 Symbol polyfill","author":{"name":"Mariusz Nowak","email":"medyk@medikoo.com","url":"http://www.medikoo.com/"},"keywords":["symbol","private","property","es6","ecmascript","harmony","ponyfill","polyfill"],"repository":{"type":"git","url":"git://github.com/medikoo/es6-symbol.git"},"dependencies":{"d":"~0.1.1","es5-ext":"~0.10.10"},"devDependencies":{"tad":"~0.2.4","xlint":"~0.2.2","xlint-jslint-medikoo":"~0.1.4"},"scripts":{"lint":"node node_modules/xlint/bin/xlint --linter=node_modules/xlint-jslint-medikoo/index.js --no-cache --no-stream","lint-console":"node node_modules/xlint/bin/xlint --linter=node_modules/xlint-jslint-medikoo/index.js --watch","test":"node ./node_modules/tad/bin/tad"},"license":"MIT","gitHead":"b7da6b926c44e3745de69b17c98c00a5c84b4ebe","bugs":{"url":"https://github.com/medikoo/es6-symbol/issues"},"homepage":"https://github.com/medikoo/es6-symbol#readme","_id":"es6-symbol@3.0.2","_shasum":"1e928878c6f5e63541625b4bb4df4af07d154219","_from":".","_npmVersion":"3.3.12","_nodeVersion":"5.2.0","_npmUser":{"name":"medikoo","email":"medikoo+npm@medikoo.com"},"dist":{"shasum":"1e928878c6f5e63541625b4bb4df4af07d154219","tarball":"https://registry.npmjs.org/es6-symbol/-/es6-symbol-3.0.2.tgz"},"maintainers":[{"name":"medikoo","email":"medikoo+npm@medikoo.com"}],"directories":{}},"3.1.0":{"name":"es6-symbol","version":"3.1.0","description":"ECMAScript 6 Symbol polyfill","author":{"name":"Mariusz Nowak","email":"medyk@medikoo.com","url":"http://www.medikoo.com/"},"keywords":["symbol","private","property","es6","ecmascript","harmony","ponyfill","polyfill"],"repository":{"type":"git","url":"git://github.com/medikoo/es6-symbol.git"},"dependencies":{"d":"~0.1.1","es5-ext":"~0.10.11"},"devDependencies":{"tad":"~0.2.4","xlint":"~0.2.2","xlint-jslint-medikoo":"~0.1.4"},"scripts":{"lint":"node node_modules/xlint/bin/xlint --linter=node_modules/xlint-jslint-medikoo/index.js --no-cache --no-stream","lint-console":"node node_modules/xlint/bin/xlint --linter=node_modules/xlint-jslint-medikoo/index.js --watch","test":"node ./node_modules/tad/bin/tad"},"license":"MIT","gitHead":"f84175053e9cad6a1230f3b7cc13e078c3fcc12f","bugs":{"url":"https://github.com/medikoo/es6-symbol/issues"},"homepage":"https://github.com/medikoo/es6-symbol#readme","_id":"es6-symbol@3.1.0","_shasum":"94481c655e7a7cad82eba832d97d5433496d7ffa","_from":".","_npmVersion":"2.15.5","_nodeVersion":"4.4.5","_npmUser":{"name":"medikoo","email":"medikoo+npm@medikoo.com"},"dist":{"shasum":"94481c655e7a7cad82eba832d97d5433496d7ffa","tarball":"https://registry.npmjs.org/es6-symbol/-/es6-symbol-3.1.0.tgz"},"maintainers":[{"name":"medikoo","email":"medikoo+npm@medikoo.com"}],"_npmOperationalInternal":{"host":"packages-12-west.internal.npmjs.com","tmp":"tmp/es6-symbol-3.1.0.tgz_1464960261964_0.3645231726113707"},"directories":{}},"3.1.1":{"name":"es6-symbol","version":"3.1.1","description":"ECMAScript 6 Symbol polyfill","author":{"name":"Mariusz Nowak","email":"medyk@medikoo.com","url":"http://www.medikoo.com/"},"keywords":["symbol","private","property","es6","ecmascript","harmony","ponyfill","polyfill"],"repository":{"type":"git","url":"git://github.com/medikoo/es6-symbol.git"},"dependencies":{"d":"1","es5-ext":"~0.10.14"},"devDependencies":{"tad":"~0.2.7","xlint":"~0.2.2","xlint-jslint-medikoo":"~0.1.4"},"scripts":{"lint":"node node_modules/xlint/bin/xlint --linter=node_modules/xlint-jslint-medikoo/index.js --no-cache --no-stream","lint-console":"node node_modules/xlint/bin/xlint --linter=node_modules/xlint-jslint-medikoo/index.js --watch","test":"node ./node_modules/tad/bin/tad"},"license":"MIT","gitHead":"0b28a2d969d7b77532bc32b66c34214acf445771","bugs":{"url":"https://github.com/medikoo/es6-symbol/issues"},"homepage":"https://github.com/medikoo/es6-symbol#readme","_id":"es6-symbol@3.1.1","_shasum":"bf00ef4fdab6ba1b46ecb7b629b4c7ed5715cc77","_from":".","_npmVersion":"4.1.2","_nodeVersion":"7.7.3","_npmUser":{"name":"medikoo","email":"medikoo+npm@medikoo.com"},"dist":{"shasum":"bf00ef4fdab6ba1b46ecb7b629b4c7ed5715cc77","tarball":"https://registry.npmjs.org/es6-symbol/-/es6-symbol-3.1.1.tgz"},"maintainers":[{"name":"medikoo","email":"medikoo+npm@medikoo.com"}],"_npmOperationalInternal":{"host":"packages-12-west.internal.npmjs.com","tmp":"tmp/es6-symbol-3.1.1.tgz_1489590359389_0.7073800666257739"},"directories":{}}},"readme":"# es6-symbol\n## ECMAScript 6 Symbol polyfill\n\nFor more information about symbols see following links\n- [Symbols in ECMAScript 6 by Axel Rauschmayer](http://www.2ality.com/2014/12/es6-symbols.html)\n- [MDN Documentation](https://developer.mozilla.org/en-US/docs/Web/JavaScript/Reference/Global_Objects/Symbol)\n- [Specification](http://people.mozilla.org/~jorendorff/es6-draft.html#sec-symbol-constructor)\n\n### Limitations\n\nUnderneath it uses real string property names which can easily be retrieved, however accidental collision with other property names is unlikely.\n\n### Usage\n\nIf you'd like to use native version when it exists and fallback to [ponyfill](https://ponyfill.com) if it doesn't, use *es6-symbol* as following:\n\n```javascript\nvar Symbol = require('es6-symbol');\n```\n\nIf you want to make sure your environment implements `Symbol` globally, do:\n\n```javascript\nrequire('es6-symbol/implement');\n```\n\nIf you strictly want to use polyfill even if native `Symbol` exists (hard to find a good reason for that), do:\n\n```javascript\nvar Symbol = require('es6-symbol/polyfill');\n```\n\n#### API\n\nBest is to refer to [specification](http://people.mozilla.org/~jorendorff/es6-draft.html#sec-symbol-objects). Still if you want quick look, follow examples:\n\n```javascript\nvar Symbol = require('es6-symbol');\n\nvar symbol = Symbol('My custom symbol');\nvar x = {};\n\nx[symbol] = 'foo';\nconsole.log(x[symbol]); 'foo'\n\n// Detect iterable:\nvar iterator, result;\nif (possiblyIterable[Symbol.iterator]) {\n  iterator = possiblyIterable[Symbol.iterator]();\n  result = iterator.next();\n  while(!result.done) {\n    console.log(result.value);\n    result = iterator.next();\n  }\n}\n```\n\n### Installation\n#### NPM\n\nIn your project path:\n\n\t$ npm install es6-symbol\n\n##### Browser\n\nTo port it to Browser or any other (non CJS) environment, use your favorite CJS bundler. No favorite yet? Try: [Browserify](http://browserify.org/), [Webmake](https://github.com/medikoo/modules-webmake) or [Webpack](http://webpack.github.io/)\n\n## Tests [![Build Status](https://travis-ci.org/medikoo/es6-symbol.png)](https://travis-ci.org/medikoo/es6-symbol)\n\n\t$ npm test\n","maintainers":[{"name":"medikoo","email":"medikoo+npm@medikoo.com"}],"time":{"modified":"2017-03-15T15:06:01.361Z","created":"2013-11-15T12:11:25.866Z","0.0.0":"2013-11-15T12:11:29.632Z","0.1.0":"2014-04-28T11:49:45.925Z","0.1.1":"2014-10-07T15:35:14.524Z","1.0.0":"2015-01-26T16:12:39.514Z","2.0.0":"2015-01-28T12:21:25.862Z","2.0.1":"2015-01-28T14:38:19.554Z","3.0.0":"2015-10-02T13:12:29.190Z","3.0.1":"2015-10-22T09:11:33.204Z","3.0.2":"2015-12-12T12:45:50.225Z","3.1.0":"2016-06-03T13:24:24.336Z","3.1.1":"2017-03-15T15:06:01.361Z"},"author":{"name":"Mariusz Nowak","email":"medyk@medikoo.com","url":"http://www.medikoo.com/"},"repository":{"type":"git","url":"git://github.com/medikoo/es6-symbol.git"},"homepage":"https://github.com/medikoo/es6-symbol#readme","keywords":["symbol","private","property","es6","ecmascript","harmony","ponyfill","polyfill"],"bugs":{"url":"https://github.com/medikoo/es6-symbol/issues"},"license":"MIT","readmeFilename":"README.md","users":{"mcharytoniuk":true,"monolithed":true,"ziflex":true,"wenbing":true},"_attachments":{},"_etag":"W/\"e6a3cff5fea6f1cf81a49b8db378ec43\"","_lastModified":"Sat, 26 May 2018 23:42:23 GMT"}