{"_id":"lodash.clonedeep","_rev":"51-72abf9c07ac67e289ecc2e07f5f8f467","name":"lodash.clonedeep","description":"The lodash method `_.cloneDeep` exported as a module.","dist-tags":{"latest":"4.5.0"},"versions":{"2.0.0":{"name":"lodash.clonedeep","version":"2.0.0","description":"The Lo-Dash function `_.cloneDeep` as a Node.js module generated by lodash-cli.","homepage":"http://lodash.com/custom-builds","license":"MIT","keywords":["customize","functional","lodash","performance","speed","util"],"author":{"name":"John-David Dalton","email":"john.david.dalton@gmail.com","url":"http://allyoucanleet.com/"},"contributors":[{"name":"John-David Dalton","email":"john.david.dalton@gmail.com","url":"http://allyoucanleet.com/"},{"name":"Blaine Bublitz","email":"blaine@iceddev.com","url":"http://iceddev.com/"},{"name":"Kit Cambridge","email":"github@kitcambridge.be","url":"http://kitcambridge.be/"},{"name":"Mathias Bynens","email":"mathias@qiwi.be","url":"http://mathiasbynens.be/"}],"bugs":{"url":"https://github.com/lodash/lodash-cli/issues"},"repository":{"type":"git","url":"https://github.com/lodash/lodash-cli.git"},"dependencies":{"lodash._baseclone":"~2.0.0","lodash._basecreatecallback":"~2.0.0"},"_id":"lodash.clonedeep@2.0.0","dist":{"shasum":"0240da69a7540447b3f824ada2a1f73ff3ab0f57","tarball":"https://registry.npmjs.org/lodash.clonedeep/-/lodash.clonedeep-2.0.0.tgz"},"_from":".","_npmVersion":"1.3.8","_npmUser":{"name":"jdalton","email":"john.david.dalton@gmail.com"},"maintainers":[{"name":"jdalton","email":"john.david.dalton@gmail.com"},{"name":"kitcambridge","email":"github@kitcambridge.be"},{"name":"mathias","email":"mathias@qiwi.be"},{"name":"phated","email":"blaine@iceddev.com"}],"directories":{}},"2.1.0":{"name":"lodash.clonedeep","version":"2.1.0","description":"The Lo-Dash function `_.cloneDeep` as a Node.js module generated by lodash-cli.","homepage":"http://lodash.com/custom-builds","license":"MIT","keywords":["functional","lodash","lodash-modularized","performance","speed","util"],"author":{"name":"John-David Dalton","email":"john.david.dalton@gmail.com","url":"http://allyoucanleet.com/"},"contributors":[{"name":"John-David Dalton","email":"john.david.dalton@gmail.com","url":"http://allyoucanleet.com/"},{"name":"Blaine Bublitz","email":"blaine@iceddev.com","url":"http://iceddev.com/"},{"name":"Kit Cambridge","email":"github@kitcambridge.be","url":"http://kitcambridge.be/"},{"name":"Mathias Bynens","email":"mathias@qiwi.be","url":"http://mathiasbynens.be/"}],"bugs":{"url":"https://github.com/lodash/lodash-cli/issues"},"repository":{"type":"git","url":"https://github.com/lodash/lodash-cli.git"},"dependencies":{"lodash._baseclone":"~2.1.0","lodash._basecreatecallback":"~2.1.0"},"_id":"lodash.clonedeep@2.1.0","dist":{"shasum":"1bf8969454c47db5010e51a1d94c6c895ee10eea","tarball":"https://registry.npmjs.org/lodash.clonedeep/-/lodash.clonedeep-2.1.0.tgz"},"_from":".","_npmVersion":"1.3.8","_npmUser":{"name":"jdalton","email":"john.david.dalton@gmail.com"},"maintainers":[{"name":"jdalton","email":"john.david.dalton@gmail.com"},{"name":"kitcambridge","email":"github@kitcambridge.be"},{"name":"mathias","email":"mathias@qiwi.be"},{"name":"phated","email":"blaine@iceddev.com"}],"directories":{}},"2.2.0":{"name":"lodash.clonedeep","version":"2.2.0","description":"The Lo-Dash function `_.cloneDeep` as a Node.js module generated by lodash-cli.","homepage":"http://lodash.com/custom-builds","license":"MIT","keywords":["functional","lodash","lodash-modularized","performance","server","util"],"author":{"name":"John-David Dalton","email":"john.david.dalton@gmail.com","url":"http://allyoucanleet.com/"},"contributors":[{"name":"John-David Dalton","email":"john.david.dalton@gmail.com","url":"http://allyoucanleet.com/"},{"name":"Blaine Bublitz","email":"blaine@iceddev.com","url":"http://iceddev.com/"},{"name":"Kit Cambridge","email":"github@kitcambridge.be","url":"http://kitcambridge.be/"},{"name":"Mathias Bynens","email":"mathias@qiwi.be","url":"http://mathiasbynens.be/"}],"bugs":{"url":"https://github.com/lodash/lodash-cli/issues"},"repository":{"type":"git","url":"https://github.com/lodash/lodash-cli.git"},"dependencies":{"lodash._baseclone":"~2.2.0","lodash._basecreatecallback":"~2.2.0"},"_id":"lodash.clonedeep@2.2.0","dist":{"shasum":"d16900d98a18411d1d81475cd1e2fe4d883e44bb","tarball":"https://registry.npmjs.org/lodash.clonedeep/-/lodash.clonedeep-2.2.0.tgz"},"_from":".","_npmVersion":"1.3.8","_npmUser":{"name":"jdalton","email":"john.david.dalton@gmail.com"},"maintainers":[{"name":"jdalton","email":"john.david.dalton@gmail.com"},{"name":"kitcambridge","email":"github@kitcambridge.be"},{"name":"mathias","email":"mathias@qiwi.be"},{"name":"phated","email":"blaine@iceddev.com"}],"directories":{}},"2.2.1":{"name":"lodash.clonedeep","version":"2.2.1","description":"The Lo-Dash function `_.cloneDeep` as a Node.js module generated by lodash-cli.","homepage":"http://lodash.com/custom-builds","license":"MIT","keywords":["functional","lodash","lodash-modularized","server","util"],"author":{"name":"John-David Dalton","email":"john.david.dalton@gmail.com","url":"http://allyoucanleet.com/"},"contributors":[{"name":"John-David Dalton","email":"john.david.dalton@gmail.com","url":"http://allyoucanleet.com/"},{"name":"Blaine Bublitz","email":"blaine@iceddev.com","url":"http://iceddev.com/"},{"name":"Kit Cambridge","email":"github@kitcambridge.be","url":"http://kitcambridge.be/"},{"name":"Mathias Bynens","email":"mathias@qiwi.be","url":"http://mathiasbynens.be/"}],"bugs":{"url":"https://github.com/lodash/lodash-cli/issues"},"repository":{"type":"git","url":"https://github.com/lodash/lodash-cli.git"},"dependencies":{"lodash._baseclone":"~2.2.1","lodash._basecreatecallback":"~2.2.1"},"_id":"lodash.clonedeep@2.2.1","dist":{"shasum":"33c800f1aed4f1d3a8f81144eebbe97984175421","tarball":"https://registry.npmjs.org/lodash.clonedeep/-/lodash.clonedeep-2.2.1.tgz"},"_from":".","_npmVersion":"1.3.11","_npmUser":{"name":"jdalton","email":"john.david.dalton@gmail.com"},"maintainers":[{"name":"jdalton","email":"john.david.dalton@gmail.com"},{"name":"kitcambridge","email":"github@kitcambridge.be"},{"name":"mathias","email":"mathias@qiwi.be"},{"name":"phated","email":"blaine@iceddev.com"}],"directories":{}},"2.3.0":{"name":"lodash.clonedeep","version":"2.3.0","description":"The Lo-Dash function `_.cloneDeep` as a Node.js module generated by lodash-cli.","homepage":"http://lodash.com/custom-builds","license":"MIT","keywords":["functional","lodash","lodash-modularized","server","util"],"author":{"name":"John-David Dalton","email":"john.david.dalton@gmail.com","url":"http://allyoucanleet.com/"},"contributors":[{"name":"John-David Dalton","email":"john.david.dalton@gmail.com","url":"http://allyoucanleet.com/"},{"name":"Blaine Bublitz","email":"blaine@iceddev.com","url":"http://www.iceddev.com/"},{"name":"Kit Cambridge","email":"github@kitcambridge.be","url":"http://kitcambridge.be/"},{"name":"Mathias Bynens","email":"mathias@qiwi.be","url":"http://mathiasbynens.be/"}],"bugs":{"url":"https://github.com/lodash/lodash-cli/issues"},"repository":{"type":"git","url":"https://github.com/lodash/lodash-cli.git"},"dependencies":{"lodash._baseclone":"~2.3.0","lodash._basecreatecallback":"~2.3.0"},"_id":"lodash.clonedeep@2.3.0","dist":{"shasum":"e925f3a4b9e9577a17bd4d7b3e3a606419db58ba","tarball":"https://registry.npmjs.org/lodash.clonedeep/-/lodash.clonedeep-2.3.0.tgz"},"_from":".","_npmVersion":"1.3.11","_npmUser":{"name":"jdalton","email":"john.david.dalton@gmail.com"},"maintainers":[{"name":"jdalton","email":"john.david.dalton@gmail.com"},{"name":"kitcambridge","email":"github@kitcambridge.be"},{"name":"mathias","email":"mathias@qiwi.be"},{"name":"phated","email":"blaine@iceddev.com"}],"directories":{}},"2.4.0":{"name":"lodash.clonedeep","version":"2.4.0","description":"The Lo-Dash function `_.cloneDeep` as a Node.js module generated by lodash-cli.","homepage":"http://lodash.com/custom-builds","license":"MIT","keywords":["functional","lodash","lodash-modularized","server","util"],"author":{"name":"John-David Dalton","email":"john.david.dalton@gmail.com","url":"http://allyoucanleet.com/"},"contributors":[{"name":"John-David Dalton","email":"john.david.dalton@gmail.com","url":"http://allyoucanleet.com/"},{"name":"Blaine Bublitz","email":"blaine@iceddev.com","url":"http://www.iceddev.com/"},{"name":"Kit Cambridge","email":"github@kitcambridge.be","url":"http://kitcambridge.be/"},{"name":"Mathias Bynens","email":"mathias@qiwi.be","url":"http://mathiasbynens.be/"}],"bugs":{"url":"https://github.com/lodash/lodash-cli/issues"},"repository":{"type":"git","url":"https://github.com/lodash/lodash-cli.git"},"dependencies":{"lodash._baseclone":"~2.4.0","lodash._basecreatecallback":"~2.4.0"},"_id":"lodash.clonedeep@2.4.0","dist":{"shasum":"862b7f8ef1a7e06562a2bcff09b79d8e83f7febe","tarball":"https://registry.npmjs.org/lodash.clonedeep/-/lodash.clonedeep-2.4.0.tgz"},"_from":".","_npmVersion":"1.3.14","_npmUser":{"name":"jdalton","email":"john.david.dalton@gmail.com"},"maintainers":[{"name":"jdalton","email":"john.david.dalton@gmail.com"},{"name":"kitcambridge","email":"github@kitcambridge.be"},{"name":"mathias","email":"mathias@qiwi.be"},{"name":"phated","email":"blaine@iceddev.com"}],"directories":{}},"2.4.1":{"name":"lodash.clonedeep","version":"2.4.1","description":"The Lo-Dash function `_.cloneDeep` as a Node.js module generated by lodash-cli.","homepage":"http://lodash.com/custom-builds","license":"MIT","keywords":["functional","lodash","lodash-modularized","server","util"],"author":{"name":"John-David Dalton","email":"john.david.dalton@gmail.com","url":"http://allyoucanleet.com/"},"contributors":[{"name":"John-David Dalton","email":"john.david.dalton@gmail.com","url":"http://allyoucanleet.com/"},{"name":"Blaine Bublitz","email":"blaine@iceddev.com","url":"http://www.iceddev.com/"},{"name":"Kit Cambridge","email":"github@kitcambridge.be","url":"http://kitcambridge.be/"},{"name":"Mathias Bynens","email":"mathias@qiwi.be","url":"http://mathiasbynens.be/"}],"bugs":{"url":"https://github.com/lodash/lodash-cli/issues"},"repository":{"type":"git","url":"https://github.com/lodash/lodash-cli.git"},"dependencies":{"lodash._baseclone":"~2.4.1","lodash._basecreatecallback":"~2.4.1"},"_id":"lodash.clonedeep@2.4.1","dist":{"shasum":"f29203b40b12fee0a45d3631648259bebabc7868","tarball":"https://registry.npmjs.org/lodash.clonedeep/-/lodash.clonedeep-2.4.1.tgz"},"_from":".","_npmVersion":"1.3.14","_npmUser":{"name":"jdalton","email":"john.david.dalton@gmail.com"},"maintainers":[{"name":"jdalton","email":"john.david.dalton@gmail.com"},{"name":"kitcambridge","email":"github@kitcambridge.be"},{"name":"mathias","email":"mathias@qiwi.be"},{"name":"phated","email":"blaine@iceddev.com"}],"directories":{}},"3.0.0":{"name":"lodash.clonedeep","version":"3.0.0","description":"The modern build of lodash’s `_.cloneDeep` as a module.","homepage":"https://lodash.com/","icon":"https://lodash.com/icon.svg","license":"MIT","keywords":["lodash","lodash-modularized","stdlib","util"],"author":{"name":"John-David Dalton","email":"john.david.dalton@gmail.com","url":"http://allyoucanleet.com/"},"contributors":[{"name":"John-David Dalton","email":"john.david.dalton@gmail.com","url":"http://allyoucanleet.com/"},{"name":"Benjamin Tan","email":"demoneaux@gmail.com","url":"https://d10.github.io/"},{"name":"Blaine Bublitz","email":"blaine@iceddev.com","url":"http://www.iceddev.com/"},{"name":"Kit Cambridge","email":"github@kitcambridge.be","url":"http://kitcambridge.be/"},{"name":"Mathias Bynens","email":"mathias@qiwi.be","url":"https://mathiasbynens.be/"}],"repository":{"type":"git","url":"https://github.com/lodash/lodash"},"scripts":{"test":"echo \"See https://travis-ci.org/lodash/lodash-cli for testing details.\""},"dependencies":{"lodash._baseclone":"^3.0.0","lodash._bindcallback":"^3.0.0"},"bugs":{"url":"https://github.com/lodash/lodash/issues"},"_id":"lodash.clonedeep@3.0.0","_shasum":"c976d7eb849d413f7261cf06bbccc20790cd876e","_from":".","_npmVersion":"2.3.0","_nodeVersion":"0.10.35","_npmUser":{"name":"jdalton","email":"john.david.dalton@gmail.com"},"maintainers":[{"name":"jdalton","email":"john.david.dalton@gmail.com"},{"name":"kitcambridge","email":"github@kitcambridge.be"},{"name":"mathias","email":"mathias@qiwi.be"},{"name":"phated","email":"blaine@iceddev.com"}],"dist":{"shasum":"c976d7eb849d413f7261cf06bbccc20790cd876e","tarball":"https://registry.npmjs.org/lodash.clonedeep/-/lodash.clonedeep-3.0.0.tgz"},"directories":{}},"3.0.1":{"name":"lodash.clonedeep","version":"3.0.1","description":"The modern build of lodash’s `_.cloneDeep` as a module.","homepage":"https://lodash.com/","icon":"https://lodash.com/icon.svg","license":"MIT","keywords":["lodash","lodash-modularized","stdlib","util"],"author":{"name":"John-David Dalton","email":"john.david.dalton@gmail.com","url":"http://allyoucanleet.com/"},"contributors":[{"name":"John-David Dalton","email":"john.david.dalton@gmail.com","url":"http://allyoucanleet.com/"},{"name":"Benjamin Tan","email":"demoneaux@gmail.com","url":"https://d10.github.io/"},{"name":"Blaine Bublitz","email":"blaine@iceddev.com","url":"http://www.iceddev.com/"},{"name":"Kit Cambridge","email":"github@kitcambridge.be","url":"http://kitcambridge.be/"},{"name":"Mathias Bynens","email":"mathias@qiwi.be","url":"https://mathiasbynens.be/"}],"repository":{"type":"git","url":"git+https://github.com/lodash/lodash.git"},"scripts":{"test":"echo \"See https://travis-ci.org/lodash/lodash-cli for testing details.\""},"dependencies":{"lodash._baseclone":"^3.0.0","lodash._bindcallback":"^3.0.0"},"bugs":{"url":"https://github.com/lodash/lodash/issues"},"_id":"lodash.clonedeep@3.0.1","_shasum":"6261ef88110168eb842b0d9e4c22bb1d09bfad5b","_from":".","_npmVersion":"2.10.0","_nodeVersion":"0.12.3","_npmUser":{"name":"jdalton","email":"john.david.dalton@gmail.com"},"maintainers":[{"name":"jdalton","email":"john.david.dalton@gmail.com"},{"name":"kitcambridge","email":"github@kitcambridge.be"},{"name":"mathias","email":"mathias@qiwi.be"},{"name":"phated","email":"blaine@iceddev.com"},{"name":"d10","email":"demoneaux@gmail.com"}],"dist":{"shasum":"6261ef88110168eb842b0d9e4c22bb1d09bfad5b","tarball":"https://registry.npmjs.org/lodash.clonedeep/-/lodash.clonedeep-3.0.1.tgz"},"directories":{}},"3.0.2":{"name":"lodash.clonedeep","version":"3.0.2","description":"The modern build of lodash’s `_.cloneDeep` as a module.","homepage":"https://lodash.com/","icon":"https://lodash.com/icon.svg","license":"MIT","keywords":["lodash","lodash-modularized","stdlib","util"],"author":{"name":"John-David Dalton","email":"john.david.dalton@gmail.com","url":"http://allyoucanleet.com/"},"contributors":[{"name":"John-David Dalton","email":"john.david.dalton@gmail.com","url":"http://allyoucanleet.com/"},{"name":"Benjamin Tan","email":"demoneaux@gmail.com","url":"https://d10.github.io/"},{"name":"Blaine Bublitz","email":"blaine@iceddev.com","url":"http://www.iceddev.com/"},{"name":"Kit Cambridge","email":"github@kitcambridge.be","url":"http://kitcambridge.be/"},{"name":"Mathias Bynens","email":"mathias@qiwi.be","url":"https://mathiasbynens.be/"}],"repository":{"type":"git","url":"git+https://github.com/lodash/lodash.git"},"scripts":{"test":"echo \"See https://travis-ci.org/lodash/lodash-cli for testing details.\""},"dependencies":{"lodash._baseclone":"^3.0.0","lodash._bindcallback":"^3.0.0"},"bugs":{"url":"https://github.com/lodash/lodash/issues"},"_id":"lodash.clonedeep@3.0.2","_shasum":"a0a1e40d82a5ea89ff5b147b8444ed63d92827db","_from":".","_npmVersion":"2.13.1","_nodeVersion":"0.12.5","_npmUser":{"name":"jdalton","email":"john.david.dalton@gmail.com"},"maintainers":[{"name":"jdalton","email":"john.david.dalton@gmail.com"},{"name":"kitcambridge","email":"github@kitcambridge.be"},{"name":"mathias","email":"mathias@qiwi.be"},{"name":"phated","email":"blaine@iceddev.com"},{"name":"d10","email":"demoneaux@gmail.com"}],"dist":{"shasum":"a0a1e40d82a5ea89ff5b147b8444ed63d92827db","tarball":"https://registry.npmjs.org/lodash.clonedeep/-/lodash.clonedeep-3.0.2.tgz"},"directories":{}},"4.0.0":{"name":"lodash.clonedeep","version":"4.0.0","description":"The lodash method `_.cloneDeep` exported as a module.","homepage":"https://lodash.com/","icon":"https://lodash.com/icon.svg","license":"MIT","keywords":["lodash","lodash-modularized","stdlib","util","clonedeep"],"author":{"name":"John-David Dalton","email":"john.david.dalton@gmail.com","url":"http://allyoucanleet.com/"},"contributors":[{"name":"John-David Dalton","email":"john.david.dalton@gmail.com","url":"http://allyoucanleet.com/"},{"name":"Blaine Bublitz","email":"blaine@iceddev.com","url":"https://github.com/phated"},{"name":"Mathias Bynens","email":"mathias@qiwi.be","url":"https://mathiasbynens.be/"}],"repository":{"type":"git","url":"git+https://github.com/lodash/lodash.git"},"scripts":{"test":"echo \"See https://travis-ci.org/lodash/lodash-cli for testing details.\""},"dependencies":{"lodash._arrayeach":"^3.0.0","lodash._basefor":"^3.0.0","lodash._stack":"^3.0.0","lodash.keys":"^4.0.0"},"bugs":{"url":"https://github.com/lodash/lodash/issues"},"_id":"lodash.clonedeep@4.0.0","_shasum":"8779e2c61cda2f74908aea5ca70a5cf935e1f5e1","_from":".","_npmVersion":"2.14.15","_nodeVersion":"5.4.0","_npmUser":{"name":"jdalton","email":"john.david.dalton@gmail.com"},"dist":{"shasum":"8779e2c61cda2f74908aea5ca70a5cf935e1f5e1","tarball":"https://registry.npmjs.org/lodash.clonedeep/-/lodash.clonedeep-4.0.0.tgz"},"maintainers":[{"name":"jdalton","email":"john.david.dalton@gmail.com"},{"name":"mathias","email":"mathias@qiwi.be"},{"name":"phated","email":"blaine@iceddev.com"}],"directories":{}},"4.0.1":{"name":"lodash.clonedeep","version":"4.0.1","description":"The lodash method `_.cloneDeep` exported as a module.","homepage":"https://lodash.com/","icon":"https://lodash.com/icon.svg","license":"MIT","keywords":["lodash","lodash-modularized","stdlib","util","clonedeep"],"author":{"name":"John-David Dalton","email":"john.david.dalton@gmail.com","url":"http://allyoucanleet.com/"},"contributors":[{"name":"John-David Dalton","email":"john.david.dalton@gmail.com","url":"http://allyoucanleet.com/"},{"name":"Blaine Bublitz","email":"blaine@iceddev.com","url":"https://github.com/phated"},{"name":"Mathias Bynens","email":"mathias@qiwi.be","url":"https://mathiasbynens.be/"}],"repository":{"type":"git","url":"git+https://github.com/lodash/lodash.git"},"scripts":{"test":"echo \"See https://travis-ci.org/lodash/lodash-cli for testing details.\""},"dependencies":{"lodash._arrayeach":"^3.0.0","lodash._basefor":"^3.0.0","lodash._stack":"^4.0.0","lodash.keys":"^4.0.0"},"bugs":{"url":"https://github.com/lodash/lodash/issues"},"_id":"lodash.clonedeep@4.0.1","_shasum":"fc9873223ecc004c7e8b504a06f9a36e8a29637a","_from":".","_npmVersion":"2.14.15","_nodeVersion":"5.4.0","_npmUser":{"name":"jdalton","email":"john.david.dalton@gmail.com"},"dist":{"shasum":"fc9873223ecc004c7e8b504a06f9a36e8a29637a","tarball":"https://registry.npmjs.org/lodash.clonedeep/-/lodash.clonedeep-4.0.1.tgz"},"maintainers":[{"name":"jdalton","email":"john.david.dalton@gmail.com"},{"name":"mathias","email":"mathias@qiwi.be"},{"name":"phated","email":"blaine@iceddev.com"}],"directories":{}},"4.0.2":{"name":"lodash.clonedeep","version":"4.0.2","description":"The lodash method `_.cloneDeep` exported as a module.","homepage":"https://lodash.com/","icon":"https://lodash.com/icon.svg","license":"MIT","keywords":["lodash","lodash-modularized","stdlib","util","clonedeep"],"author":{"name":"John-David Dalton","email":"john.david.dalton@gmail.com","url":"http://allyoucanleet.com/"},"contributors":[{"name":"John-David Dalton","email":"john.david.dalton@gmail.com","url":"http://allyoucanleet.com/"},{"name":"Blaine Bublitz","email":"blaine@iceddev.com","url":"https://github.com/phated"},{"name":"Mathias Bynens","email":"mathias@qiwi.be","url":"https://mathiasbynens.be/"}],"repository":{"type":"git","url":"git+https://github.com/lodash/lodash.git"},"scripts":{"test":"echo \"See https://travis-ci.org/lodash/lodash-cli for testing details.\""},"dependencies":{"lodash._arrayeach":"^3.0.0","lodash._basefor":"^3.0.0","lodash._stack":"^4.0.0","lodash.keys":"^4.0.0"},"bugs":{"url":"https://github.com/lodash/lodash/issues"},"_id":"lodash.clonedeep@4.0.2","_shasum":"fd420b84287f962e9e0e8666eb6a614b9f9368e7","_from":".","_npmVersion":"2.14.15","_nodeVersion":"5.4.0","_npmUser":{"name":"jdalton","email":"john.david.dalton@gmail.com"},"dist":{"shasum":"fd420b84287f962e9e0e8666eb6a614b9f9368e7","tarball":"https://registry.npmjs.org/lodash.clonedeep/-/lodash.clonedeep-4.0.2.tgz"},"maintainers":[{"name":"jdalton","email":"john.david.dalton@gmail.com"},{"name":"mathias","email":"mathias@qiwi.be"},{"name":"phated","email":"blaine@iceddev.com"}],"directories":{}},"4.0.3":{"name":"lodash.clonedeep","version":"4.0.3","description":"The lodash method `_.cloneDeep` exported as a module.","homepage":"https://lodash.com/","icon":"https://lodash.com/icon.svg","license":"MIT","keywords":["lodash-modularized","clonedeep"],"author":{"name":"John-David Dalton","email":"john.david.dalton@gmail.com","url":"http://allyoucanleet.com/"},"contributors":[{"name":"John-David Dalton","email":"john.david.dalton@gmail.com","url":"http://allyoucanleet.com/"},{"name":"Blaine Bublitz","email":"blaine@iceddev.com","url":"https://github.com/phated"},{"name":"Mathias Bynens","email":"mathias@qiwi.be","url":"https://mathiasbynens.be/"}],"repository":{"type":"git","url":"git+https://github.com/lodash/lodash.git"},"scripts":{"test":"echo \"See https://travis-ci.org/lodash/lodash-cli for testing details.\""},"dependencies":{"lodash._arrayeach":"^3.0.0","lodash._basefor":"^3.0.0","lodash._stack":"^4.0.0","lodash.keys":"^4.0.0"},"bugs":{"url":"https://github.com/lodash/lodash/issues"},"_id":"lodash.clonedeep@4.0.3","_shasum":"078a061270eaa2516aae4ccdc695c7a46645f46c","_from":".","_npmVersion":"2.14.15","_nodeVersion":"5.4.0","_npmUser":{"name":"jdalton","email":"john.david.dalton@gmail.com"},"dist":{"shasum":"078a061270eaa2516aae4ccdc695c7a46645f46c","tarball":"https://registry.npmjs.org/lodash.clonedeep/-/lodash.clonedeep-4.0.3.tgz"},"maintainers":[{"name":"jdalton","email":"john.david.dalton@gmail.com"},{"name":"mathias","email":"mathias@qiwi.be"},{"name":"phated","email":"blaine@iceddev.com"}],"directories":{}},"4.0.4":{"name":"lodash.clonedeep","version":"4.0.4","description":"The lodash method `_.cloneDeep` exported as a module.","homepage":"https://lodash.com/","icon":"https://lodash.com/icon.svg","license":"MIT","keywords":["lodash-modularized","clonedeep"],"author":{"name":"John-David Dalton","email":"john.david.dalton@gmail.com","url":"http://allyoucanleet.com/"},"contributors":[{"name":"John-David Dalton","email":"john.david.dalton@gmail.com","url":"http://allyoucanleet.com/"},{"name":"Blaine Bublitz","email":"blaine@iceddev.com","url":"https://github.com/phated"},{"name":"Mathias Bynens","email":"mathias@qiwi.be","url":"https://mathiasbynens.be/"}],"repository":{"type":"git","url":"git+https://github.com/lodash/lodash.git"},"scripts":{"test":"echo \"See https://travis-ci.org/lodash/lodash-cli for testing details.\""},"dependencies":{"lodash._arrayeach":"^3.0.0","lodash._basefor":"^3.0.0","lodash._stack":"^4.0.0","lodash.keys":"^4.0.0"},"bugs":{"url":"https://github.com/lodash/lodash/issues"},"_id":"lodash.clonedeep@4.0.4","_shasum":"1ef57e7e38dfe34559655afb7d24c7a8ddd9a241","_from":".","_npmVersion":"2.14.15","_nodeVersion":"5.4.0","_npmUser":{"name":"jdalton","email":"john.david.dalton@gmail.com"},"dist":{"shasum":"1ef57e7e38dfe34559655afb7d24c7a8ddd9a241","tarball":"https://registry.npmjs.org/lodash.clonedeep/-/lodash.clonedeep-4.0.4.tgz"},"maintainers":[{"name":"jdalton","email":"john.david.dalton@gmail.com"},{"name":"mathias","email":"mathias@qiwi.be"},{"name":"phated","email":"blaine@iceddev.com"}],"_npmOperationalInternal":{"host":"packages-9-west.internal.npmjs.com","tmp":"tmp/lodash.clonedeep-4.0.4.tgz_1454484334472_0.8633745294064283"},"directories":{}},"4.1.0":{"name":"lodash.clonedeep","version":"4.1.0","description":"The lodash method `_.cloneDeep` exported as a module.","homepage":"https://lodash.com/","icon":"https://lodash.com/icon.svg","license":"MIT","keywords":["lodash-modularized","clonedeep"],"author":{"name":"John-David Dalton","email":"john.david.dalton@gmail.com","url":"http://allyoucanleet.com/"},"contributors":[{"name":"John-David Dalton","email":"john.david.dalton@gmail.com","url":"http://allyoucanleet.com/"},{"name":"Blaine Bublitz","email":"blaine@iceddev.com","url":"https://github.com/phated"},{"name":"Mathias Bynens","email":"mathias@qiwi.be","url":"https://mathiasbynens.be/"}],"repository":{"type":"git","url":"git+https://github.com/lodash/lodash.git"},"scripts":{"test":"echo \"See https://travis-ci.org/lodash/lodash-cli for testing details.\""},"dependencies":{"lodash._arrayeach":"^3.0.0","lodash._basefor":"^3.0.0","lodash._root":"^3.0.0","lodash._stack":"^4.0.0","lodash.keys":"^4.0.0"},"bugs":{"url":"https://github.com/lodash/lodash/issues"},"_id":"lodash.clonedeep@4.1.0","_shasum":"7f8ee89a7cfe6d76ac900bc4d69fa8fcdca39942","_from":".","_npmVersion":"2.14.18","_nodeVersion":"5.5.0","_npmUser":{"name":"jdalton","email":"john.david.dalton@gmail.com"},"dist":{"shasum":"7f8ee89a7cfe6d76ac900bc4d69fa8fcdca39942","tarball":"https://registry.npmjs.org/lodash.clonedeep/-/lodash.clonedeep-4.1.0.tgz"},"maintainers":[{"name":"jdalton","email":"john.david.dalton@gmail.com"},{"name":"mathias","email":"mathias@qiwi.be"},{"name":"phated","email":"blaine@iceddev.com"}],"_npmOperationalInternal":{"host":"packages-9-west.internal.npmjs.com","tmp":"tmp/lodash.clonedeep-4.1.0.tgz_1454898307983_0.7563570607453585"},"directories":{}},"4.1.1":{"name":"lodash.clonedeep","version":"4.1.1","description":"The lodash method `_.cloneDeep` exported as a module.","homepage":"https://lodash.com/","icon":"https://lodash.com/icon.svg","license":"MIT","keywords":["lodash-modularized","clonedeep"],"author":{"name":"John-David Dalton","email":"john.david.dalton@gmail.com","url":"http://allyoucanleet.com/"},"contributors":[{"name":"John-David Dalton","email":"john.david.dalton@gmail.com","url":"http://allyoucanleet.com/"},{"name":"Blaine Bublitz","email":"blaine@iceddev.com","url":"https://github.com/phated"},{"name":"Mathias Bynens","email":"mathias@qiwi.be","url":"https://mathiasbynens.be/"}],"repository":{"type":"git","url":"git+https://github.com/lodash/lodash.git"},"scripts":{"test":"echo \"See https://travis-ci.org/lodash/lodash-cli for testing details.\""},"dependencies":{"lodash._arrayeach":"^3.0.0","lodash._basefor":"^3.0.0","lodash._root":"^3.0.0","lodash._stack":"^4.0.0","lodash.isbuffer":"^4.0.0","lodash.keys":"^4.0.0"},"bugs":{"url":"https://github.com/lodash/lodash/issues"},"_id":"lodash.clonedeep@4.1.1","_shasum":"fc6aa42abb44dd68ea22b1f6c7a59734ac09c327","_from":".","_npmVersion":"2.14.18","_nodeVersion":"5.5.0","_npmUser":{"name":"jdalton","email":"john.david.dalton@gmail.com"},"dist":{"shasum":"fc6aa42abb44dd68ea22b1f6c7a59734ac09c327","tarball":"https://registry.npmjs.org/lodash.clonedeep/-/lodash.clonedeep-4.1.1.tgz"},"maintainers":[{"name":"jdalton","email":"john.david.dalton@gmail.com"},{"name":"mathias","email":"mathias@qiwi.be"},{"name":"phated","email":"blaine@iceddev.com"}],"_npmOperationalInternal":{"host":"packages-9-west.internal.npmjs.com","tmp":"tmp/lodash.clonedeep-4.1.1.tgz_1455602185737_0.7787221013568342"},"directories":{}},"4.2.0":{"name":"lodash.clonedeep","version":"4.2.0","description":"The lodash method `_.cloneDeep` exported as a module.","homepage":"https://lodash.com/","icon":"https://lodash.com/icon.svg","license":"MIT","keywords":["lodash-modularized","clonedeep"],"author":{"name":"John-David Dalton","email":"john.david.dalton@gmail.com","url":"http://allyoucanleet.com/"},"contributors":[{"name":"John-David Dalton","email":"john.david.dalton@gmail.com","url":"http://allyoucanleet.com/"},{"name":"Blaine Bublitz","email":"blaine@iceddev.com","url":"https://github.com/phated"},{"name":"Mathias Bynens","email":"mathias@qiwi.be","url":"https://mathiasbynens.be/"}],"repository":{"type":"git","url":"git+https://github.com/lodash/lodash.git"},"scripts":{"test":"echo \"See https://travis-ci.org/lodash/lodash-cli for testing details.\""},"dependencies":{"lodash._basefor":"^3.0.0","lodash._root":"^3.0.0","lodash._stack":"^4.0.0","lodash.isbuffer":"^4.0.0","lodash.keys":"^4.0.0"},"bugs":{"url":"https://github.com/lodash/lodash/issues"},"_id":"lodash.clonedeep@4.2.0","_shasum":"df13fb4753fecd21aa9f9cb1e63160c308f90556","_from":".","_npmVersion":"2.14.18","_nodeVersion":"5.5.0","_npmUser":{"name":"jdalton","email":"john.david.dalton@gmail.com"},"dist":{"shasum":"df13fb4753fecd21aa9f9cb1e63160c308f90556","tarball":"https://registry.npmjs.org/lodash.clonedeep/-/lodash.clonedeep-4.2.0.tgz"},"maintainers":[{"name":"jdalton","email":"john.david.dalton@gmail.com"},{"name":"mathias","email":"mathias@qiwi.be"},{"name":"phated","email":"blaine@iceddev.com"}],"_npmOperationalInternal":{"host":"packages-6-west.internal.npmjs.com","tmp":"tmp/lodash.clonedeep-4.2.0.tgz_1455615120627_0.9880412190686911"},"directories":{}},"4.3.0":{"name":"lodash.clonedeep","version":"4.3.0","description":"The lodash method `_.cloneDeep` exported as a module.","homepage":"https://lodash.com/","icon":"https://lodash.com/icon.svg","license":"MIT","keywords":["lodash-modularized","clonedeep"],"author":{"name":"John-David Dalton","email":"john.david.dalton@gmail.com","url":"http://allyoucanleet.com/"},"contributors":[{"name":"John-David Dalton","email":"john.david.dalton@gmail.com","url":"http://allyoucanleet.com/"},{"name":"Blaine Bublitz","email":"blaine@iceddev.com","url":"https://github.com/phated"},{"name":"Mathias Bynens","email":"mathias@qiwi.be","url":"https://mathiasbynens.be/"}],"repository":{"type":"git","url":"git+https://github.com/lodash/lodash.git"},"scripts":{"test":"echo \"See https://travis-ci.org/lodash/lodash-cli for testing details.\""},"dependencies":{"lodash._baseclone":"^4.0.0"},"bugs":{"url":"https://github.com/lodash/lodash/issues"},"_id":"lodash.clonedeep@4.3.0","_shasum":"d6023301c1944445b702572d34c4b34c2b726675","_from":".","_npmVersion":"2.14.18","_nodeVersion":"5.5.0","_npmUser":{"name":"jdalton","email":"john.david.dalton@gmail.com"},"dist":{"shasum":"d6023301c1944445b702572d34c4b34c2b726675","tarball":"https://registry.npmjs.org/lodash.clonedeep/-/lodash.clonedeep-4.3.0.tgz"},"maintainers":[{"name":"jdalton","email":"john.david.dalton@gmail.com"},{"name":"mathias","email":"mathias@qiwi.be"},{"name":"phated","email":"blaine@iceddev.com"}],"_npmOperationalInternal":{"host":"packages-6-west.internal.npmjs.com","tmp":"tmp/lodash.clonedeep-4.3.0.tgz_1455699967627_0.30263366596773267"},"directories":{}},"4.3.1":{"name":"lodash.clonedeep","version":"4.3.1","description":"The lodash method `_.cloneDeep` exported as a module.","homepage":"https://lodash.com/","icon":"https://lodash.com/icon.svg","license":"MIT","keywords":["lodash-modularized","clonedeep"],"author":{"name":"John-David Dalton","email":"john.david.dalton@gmail.com","url":"http://allyoucanleet.com/"},"contributors":[{"name":"John-David Dalton","email":"john.david.dalton@gmail.com","url":"http://allyoucanleet.com/"},{"name":"Blaine Bublitz","email":"blaine.bublitz@gmail.com","url":"https://github.com/phated"},{"name":"Mathias Bynens","email":"mathias@qiwi.be","url":"https://mathiasbynens.be/"}],"repository":{"type":"git","url":"git+https://github.com/lodash/lodash.git"},"scripts":{"test":"echo \"See https://travis-ci.org/lodash/lodash-cli for testing details.\""},"dependencies":{"lodash._baseclone":"^4.0.0"},"bugs":{"url":"https://github.com/lodash/lodash/issues"},"_id":"lodash.clonedeep@4.3.1","_shasum":"94bd4e5267be2f72f567aa0b7b650c5044e24e71","_from":".","_npmVersion":"2.14.17","_nodeVersion":"5.5.0","_npmUser":{"name":"jdalton","email":"john.david.dalton@gmail.com"},"dist":{"shasum":"94bd4e5267be2f72f567aa0b7b650c5044e24e71","tarball":"https://registry.npmjs.org/lodash.clonedeep/-/lodash.clonedeep-4.3.1.tgz"},"maintainers":[{"name":"jdalton","email":"john.david.dalton@gmail.com"},{"name":"mathias","email":"mathias@qiwi.be"},{"name":"phated","email":"blaine@iceddev.com"}],"_npmOperationalInternal":{"host":"packages-12-west.internal.npmjs.com","tmp":"tmp/lodash.clonedeep-4.3.1.tgz_1456902680114_0.3442365804221481"},"directories":{}},"4.3.2":{"name":"lodash.clonedeep","version":"4.3.2","description":"The lodash method `_.cloneDeep` exported as a module.","homepage":"https://lodash.com/","icon":"https://lodash.com/icon.svg","license":"MIT","keywords":["lodash-modularized","clonedeep"],"author":{"name":"John-David Dalton","email":"john.david.dalton@gmail.com","url":"http://allyoucanleet.com/"},"contributors":[{"name":"John-David Dalton","email":"john.david.dalton@gmail.com","url":"http://allyoucanleet.com/"},{"name":"Blaine Bublitz","email":"blaine.bublitz@gmail.com","url":"https://github.com/phated"},{"name":"Mathias Bynens","email":"mathias@qiwi.be","url":"https://mathiasbynens.be/"}],"repository":{"type":"git","url":"git+https://github.com/lodash/lodash.git"},"scripts":{"test":"echo \"See https://travis-ci.org/lodash/lodash-cli for testing details.\""},"dependencies":{"lodash._baseclone":"~4.5.0"},"bugs":{"url":"https://github.com/lodash/lodash/issues"},"_id":"lodash.clonedeep@4.3.2","_shasum":"d0112c02c76b5223833aebc6a4b6e334f0d057de","_from":".","_npmVersion":"2.15.1","_nodeVersion":"5.5.0","_npmUser":{"name":"jdalton","email":"john.david.dalton@gmail.com"},"dist":{"shasum":"d0112c02c76b5223833aebc6a4b6e334f0d057de","tarball":"https://registry.npmjs.org/lodash.clonedeep/-/lodash.clonedeep-4.3.2.tgz"},"maintainers":[{"name":"jdalton","email":"john.david.dalton@gmail.com"},{"name":"mathias","email":"mathias@qiwi.be"},{"name":"phated","email":"blaine@iceddev.com"}],"_npmOperationalInternal":{"host":"packages-12-west.internal.npmjs.com","tmp":"tmp/lodash.clonedeep-4.3.2.tgz_1459310662712_0.4621682942379266"},"directories":{}},"4.4.0":{"name":"lodash.clonedeep","version":"4.4.0","description":"The lodash method `_.cloneDeep` exported as a module.","homepage":"https://lodash.com/","icon":"https://lodash.com/icon.svg","license":"MIT","keywords":["lodash-modularized","clonedeep"],"author":{"name":"John-David Dalton","email":"john.david.dalton@gmail.com","url":"http://allyoucanleet.com/"},"contributors":[{"name":"John-David Dalton","email":"john.david.dalton@gmail.com","url":"http://allyoucanleet.com/"},{"name":"Blaine Bublitz","email":"blaine.bublitz@gmail.com","url":"https://github.com/phated"},{"name":"Mathias Bynens","email":"mathias@qiwi.be","url":"https://mathiasbynens.be/"}],"repository":{"type":"git","url":"git+https://github.com/lodash/lodash.git"},"scripts":{"test":"echo \"See https://travis-ci.org/lodash/lodash-cli for testing details.\""},"bugs":{"url":"https://github.com/lodash/lodash/issues"},"_id":"lodash.clonedeep@4.4.0","_shasum":"5ad4d39b44cd08365a9720ce759fef270f619636","_from":".","_npmVersion":"2.15.9","_nodeVersion":"4.2.4","_npmUser":{"name":"jdalton","email":"john.david.dalton@gmail.com"},"dist":{"shasum":"5ad4d39b44cd08365a9720ce759fef270f619636","tarball":"https://registry.npmjs.org/lodash.clonedeep/-/lodash.clonedeep-4.4.0.tgz"},"maintainers":[{"name":"jdalton","email":"john.david.dalton@gmail.com"},{"name":"mathias","email":"mathias@qiwi.be"},{"name":"phated","email":"blaine@iceddev.com"}],"_npmOperationalInternal":{"host":"packages-12-west.internal.npmjs.com","tmp":"tmp/lodash.clonedeep-4.4.0.tgz_1469457710478_0.8251375807449222"},"directories":{}},"4.4.1":{"name":"lodash.clonedeep","version":"4.4.1","description":"The lodash method `_.cloneDeep` exported as a module.","homepage":"https://lodash.com/","icon":"https://lodash.com/icon.svg","license":"MIT","keywords":["lodash-modularized","clonedeep"],"author":{"name":"John-David Dalton","email":"john.david.dalton@gmail.com","url":"http://allyoucanleet.com/"},"contributors":[{"name":"John-David Dalton","email":"john.david.dalton@gmail.com","url":"http://allyoucanleet.com/"},{"name":"Blaine Bublitz","email":"blaine.bublitz@gmail.com","url":"https://github.com/phated"},{"name":"Mathias Bynens","email":"mathias@qiwi.be","url":"https://mathiasbynens.be/"}],"repository":{"type":"git","url":"git+https://github.com/lodash/lodash.git"},"scripts":{"test":"echo \"See https://travis-ci.org/lodash/lodash-cli for testing details.\""},"bugs":{"url":"https://github.com/lodash/lodash/issues"},"_id":"lodash.clonedeep@4.4.1","_shasum":"8adb0621f7e69682af808fe8dbccaa2ba7a8b3ea","_from":".","_npmVersion":"2.15.8","_nodeVersion":"6.0.0","_npmUser":{"name":"jdalton","email":"john.david.dalton@gmail.com"},"dist":{"shasum":"8adb0621f7e69682af808fe8dbccaa2ba7a8b3ea","tarball":"https://registry.npmjs.org/lodash.clonedeep/-/lodash.clonedeep-4.4.1.tgz"},"maintainers":[{"name":"jdalton","email":"john.david.dalton@gmail.com"},{"name":"mathias","email":"mathias@qiwi.be"},{"name":"phated","email":"blaine@iceddev.com"}],"_npmOperationalInternal":{"host":"packages-16-east.internal.npmjs.com","tmp":"tmp/lodash.clonedeep-4.4.1.tgz_1469924456916_0.5767383889760822"},"directories":{}},"4.5.0":{"name":"lodash.clonedeep","version":"4.5.0","description":"The lodash method `_.cloneDeep` exported as a module.","homepage":"https://lodash.com/","icon":"https://lodash.com/icon.svg","license":"MIT","keywords":["lodash-modularized","clonedeep"],"author":{"name":"John-David Dalton","email":"john.david.dalton@gmail.com","url":"http://allyoucanleet.com/"},"contributors":[{"name":"John-David Dalton","email":"john.david.dalton@gmail.com","url":"http://allyoucanleet.com/"},{"name":"Blaine Bublitz","email":"blaine.bublitz@gmail.com","url":"https://github.com/phated"},{"name":"Mathias Bynens","email":"mathias@qiwi.be","url":"https://mathiasbynens.be/"}],"repository":{"type":"git","url":"git+https://github.com/lodash/lodash.git"},"scripts":{"test":"echo \"See https://travis-ci.org/lodash/lodash-cli for testing details.\""},"bugs":{"url":"https://github.com/lodash/lodash/issues"},"_id":"lodash.clonedeep@4.5.0","_shasum":"e23f3f9c4f8fbdde872529c1071857a086e5ccef","_from":".","_npmVersion":"2.15.10","_nodeVersion":"4.4.7","_npmUser":{"name":"jdalton","email":"john.david.dalton@gmail.com"},"dist":{"shasum":"e23f3f9c4f8fbdde872529c1071857a086e5ccef","tarball":"https://registry.npmjs.org/lodash.clonedeep/-/lodash.clonedeep-4.5.0.tgz"},"maintainers":[{"name":"jdalton","email":"john.david.dalton@gmail.com"},{"name":"mathias","email":"mathias@qiwi.be"},{"name":"phated","email":"blaine@iceddev.com"}],"_npmOperationalInternal":{"host":"packages-12-west.internal.npmjs.com","tmp":"tmp/lodash.clonedeep-4.5.0.tgz_1471109839710_0.7944763591513038"},"directories":{}}},"readme":"# lodash.clonedeep v4.5.0\n\nThe [lodash](https://lodash.com/) method `_.cloneDeep` exported as a [Node.js](https://nodejs.org/) module.\n\n## Installation\n\nUsing npm:\n```bash\n$ {sudo -H} npm i -g npm\n$ npm i --save lodash.clonedeep\n```\n\nIn Node.js:\n```js\nvar cloneDeep = require('lodash.clonedeep');\n```\n\nSee the [documentation](https://lodash.com/docs#cloneDeep) or [package source](https://github.com/lodash/lodash/blob/4.5.0-npm-packages/lodash.clonedeep) for more details.\n","maintainers":[{"name":"jdalton","email":"john.david.dalton@gmail.com"},{"name":"mathias","email":"mathias@qiwi.be"}],"time":{"modified":"2018-02-08T10:12:16.529Z","created":"2013-09-23T06:30:18.973Z","2.0.0":"2013-09-23T07:31:52.131Z","2.1.0":"2013-09-23T07:51:08.979Z","2.2.0":"2013-09-29T22:07:44.288Z","2.2.1":"2013-10-03T18:48:29.312Z","2.3.0":"2013-11-11T16:45:44.762Z","2.4.0":"2013-11-26T19:54:35.845Z","2.4.1":"2013-12-03T17:11:05.519Z","3.0.0":"2015-01-26T15:28:35.209Z","3.0.1":"2015-05-19T19:48:49.167Z","3.0.2":"2015-08-04T06:21:03.166Z","4.0.0":"2016-01-13T10:57:54.650Z","4.0.1":"2016-01-13T21:53:34.423Z","4.0.2":"2016-01-26T08:46:38.218Z","4.0.3":"2016-01-30T08:13:54.074Z","4.0.4":"2016-02-03T07:25:35.230Z","4.1.0":"2016-02-08T02:25:08.915Z","4.1.1":"2016-02-16T05:56:27.703Z","4.2.0":"2016-02-16T09:32:02.604Z","4.3.0":"2016-02-17T09:06:09.716Z","4.3.1":"2016-03-02T07:11:20.644Z","4.3.2":"2016-03-30T04:04:23.168Z","4.4.0":"2016-07-25T14:41:50.708Z","4.4.1":"2016-07-31T00:21:00.796Z","4.5.0":"2016-08-13T17:37:19.945Z"},"author":{"name":"John-David Dalton","email":"john.david.dalton@gmail.com","url":"http://allyoucanleet.com/"},"repository":{"type":"git","url":"git+https://github.com/lodash/lodash.git"},"homepage":"https://lodash.com/","keywords":["lodash-modularized","clonedeep"],"contributors":[{"name":"John-David Dalton","email":"john.david.dalton@gmail.com","url":"http://allyoucanleet.com/"},{"name":"Blaine Bublitz","email":"blaine.bublitz@gmail.com","url":"https://github.com/phated"},{"name":"Mathias Bynens","email":"mathias@qiwi.be","url":"https://mathiasbynens.be/"}],"bugs":{"url":"https://github.com/lodash/lodash/issues"},"license":"MIT","readmeFilename":"README.md","users":{"xueboren":true,"mrzmmr":true,"vparaskevas":true},"_attachments":{},"_etag":"W/\"5abb005744a50cc0d7c5c043731590e8\"","_lastModified":"Sun, 27 May 2018 06:58:17 GMT"}