{"_id":"npmlog","_rev":"79-95a84993c15a345f24f80c186cd423dc","name":"npmlog","description":"logger for npm","dist-tags":{"latest":"4.1.2"},"versions":{"0.0.1":{"author":{"name":"Isaac Z. Schlueter","email":"i@izs.me","url":"http://blog.izs.me/"},"name":"npmlog","description":"logger for npm","version":"0.0.1","repository":{"type":"git","url":"git://github.com/isaacs/npmlog.git"},"main":"log.js","scripts":{"test":"tap test/*.js"},"dependencies":{"ansi":"~0.1.2"},"devDependencies":{"tap":""},"_npmUser":{"name":"isaacs","email":"i@izs.me"},"_id":"npmlog@0.0.1","optionalDependencies":{},"engines":{"node":"*"},"_engineSupported":true,"_npmVersion":"1.1.24","_nodeVersion":"v0.7.10-pre","_defaultsLoaded":true,"dist":{"shasum":"121bf400effe0f20c05521593f1344b4befd5e08","tarball":"https://registry.npmjs.org/npmlog/-/npmlog-0.0.1.tgz"},"maintainers":[{"name":"isaacs","email":"i@izs.me"}],"directories":{}},"0.0.2":{"author":{"name":"Isaac Z. Schlueter","email":"i@izs.me","url":"http://blog.izs.me/"},"name":"npmlog","description":"logger for npm","version":"0.0.2","repository":{"type":"git","url":"git://github.com/isaacs/npmlog.git"},"main":"log.js","scripts":{"test":"tap test/*.js"},"dependencies":{"ansi":"~0.1.2"},"devDependencies":{"tap":""},"license":"BSD","_npmUser":{"name":"isaacs","email":"i@izs.me"},"_id":"npmlog@0.0.2","optionalDependencies":{},"engines":{"node":"*"},"_engineSupported":true,"_npmVersion":"1.1.24","_nodeVersion":"v0.7.10-pre","_defaultsLoaded":true,"dist":{"shasum":"f0cf4b2c519950c00e91ba8e2868b62bf86254f6","tarball":"https://registry.npmjs.org/npmlog/-/npmlog-0.0.2.tgz"},"maintainers":[{"name":"isaacs","email":"i@izs.me"}],"directories":{}},"0.0.3":{"author":{"name":"Isaac Z. Schlueter","email":"i@izs.me","url":"http://blog.izs.me/"},"name":"npmlog","description":"logger for npm","version":"0.0.3","repository":{"type":"git","url":"git://github.com/isaacs/npmlog.git"},"main":"log.js","scripts":{"test":"tap test/*.js"},"dependencies":{"ansi":"~0.1.2"},"devDependencies":{"tap":""},"license":"BSD","bugs":{"url":"https://github.com/isaacs/npmlog/issues"},"_id":"npmlog@0.0.3","dist":{"shasum":"c424ad1531af402eef8da201fc3d63bdbd37dacb","tarball":"https://registry.npmjs.org/npmlog/-/npmlog-0.0.3.tgz"},"_from":".","_npmVersion":"1.2.32","_npmUser":{"name":"isaacs","email":"i@izs.me"},"maintainers":[{"name":"isaacs","email":"i@izs.me"}],"directories":{}},"0.0.4":{"author":{"name":"Isaac Z. Schlueter","email":"i@izs.me","url":"http://blog.izs.me/"},"name":"npmlog","description":"logger for npm","version":"0.0.4","repository":{"type":"git","url":"git://github.com/isaacs/npmlog.git"},"main":"log.js","scripts":{"test":"tap test/*.js"},"dependencies":{"ansi":"~0.1.2"},"devDependencies":{"tap":""},"license":"BSD","bugs":{"url":"https://github.com/isaacs/npmlog/issues"},"_id":"npmlog@0.0.4","dist":{"shasum":"a12a7418606b7e0183a2851d97a8729b9a0f3837","tarball":"https://registry.npmjs.org/npmlog/-/npmlog-0.0.4.tgz"},"_from":".","_npmVersion":"1.3.2","_npmUser":{"name":"isaacs","email":"i@izs.me"},"maintainers":[{"name":"isaacs","email":"i@izs.me"}],"directories":{}},"0.0.5":{"author":{"name":"Isaac Z. Schlueter","email":"i@izs.me","url":"http://blog.izs.me/"},"name":"npmlog","description":"logger for npm","version":"0.0.5","repository":{"type":"git","url":"git://github.com/isaacs/npmlog.git"},"main":"log.js","scripts":{"test":"tap test/*.js"},"dependencies":{"ansi":"~0.2.1"},"devDependencies":{"tap":""},"license":"BSD","bugs":{"url":"https://github.com/isaacs/npmlog/issues"},"_id":"npmlog@0.0.5","dist":{"shasum":"73c25116265cc9ed252bef4bb65e423a24836308","tarball":"https://registry.npmjs.org/npmlog/-/npmlog-0.0.5.tgz"},"_from":".","_npmVersion":"1.3.11","_npmUser":{"name":"isaacs","email":"i@izs.me"},"maintainers":[{"name":"isaacs","email":"i@izs.me"}],"directories":{}},"0.0.6":{"author":{"name":"Isaac Z. Schlueter","email":"i@izs.me","url":"http://blog.izs.me/"},"name":"npmlog","description":"logger for npm","version":"0.0.6","repository":{"type":"git","url":"git://github.com/isaacs/npmlog.git"},"main":"log.js","scripts":{"test":"tap test/*.js"},"dependencies":{"ansi":"~0.2.1"},"devDependencies":{"tap":""},"license":"BSD","bugs":{"url":"https://github.com/isaacs/npmlog/issues"},"_id":"npmlog@0.0.6","dist":{"shasum":"685043fe71aa1665d6e3b2acef180640caf40873","tarball":"https://registry.npmjs.org/npmlog/-/npmlog-0.0.6.tgz"},"_from":".","_npmVersion":"1.3.11","_npmUser":{"name":"isaacs","email":"i@izs.me"},"maintainers":[{"name":"isaacs","email":"i@izs.me"}],"directories":{}},"0.1.0":{"author":{"name":"Isaac Z. Schlueter","email":"i@izs.me","url":"http://blog.izs.me/"},"name":"npmlog","description":"logger for npm","version":"0.1.0","repository":{"type":"git","url":"git://github.com/isaacs/npmlog.git"},"main":"log.js","scripts":{"test":"tap test/*.js"},"dependencies":{"ansi":"^0.3.0"},"devDependencies":{"tap":""},"license":"BSD","gitHead":"e1bc90b9ce78900fa0b1c30bcaaa630de99763c8","bugs":{"url":"https://github.com/isaacs/npmlog/issues"},"homepage":"https://github.com/isaacs/npmlog","_id":"npmlog@0.1.0","_shasum":"c88336df9426979b86d848d35357f4e6a558bd90","_from":".","_npmVersion":"1.4.14","_npmUser":{"name":"isaacs","email":"i@izs.me"},"maintainers":[{"name":"isaacs","email":"i@izs.me"}],"dist":{"shasum":"c88336df9426979b86d848d35357f4e6a558bd90","tarball":"https://registry.npmjs.org/npmlog/-/npmlog-0.1.0.tgz"},"directories":{}},"0.1.1":{"author":{"name":"Isaac Z. Schlueter","email":"i@izs.me","url":"http://blog.izs.me/"},"name":"npmlog","description":"logger for npm","version":"0.1.1","repository":{"type":"git","url":"git://github.com/isaacs/npmlog.git"},"main":"log.js","scripts":{"test":"tap test/*.js"},"dependencies":{"ansi":"~0.3.0"},"devDependencies":{"tap":""},"license":"BSD","gitHead":"b58e360cd99db707d1191ce6125ae53d79f075a1","bugs":{"url":"https://github.com/isaacs/npmlog/issues"},"homepage":"https://github.com/isaacs/npmlog","_id":"npmlog@0.1.1","_shasum":"8b9b9e4405d7ec48c31c2346965aadc7abaecaa5","_from":".","_npmVersion":"1.4.15","_npmUser":{"name":"isaacs","email":"i@izs.me"},"maintainers":[{"name":"isaacs","email":"i@izs.me"}],"dist":{"shasum":"8b9b9e4405d7ec48c31c2346965aadc7abaecaa5","tarball":"https://registry.npmjs.org/npmlog/-/npmlog-0.1.1.tgz"},"directories":{}},"1.0.0":{"author":{"name":"Isaac Z. Schlueter","email":"i@izs.me","url":"http://blog.izs.me/"},"name":"npmlog","description":"logger for npm","version":"1.0.0","repository":{"type":"git","url":"git://github.com/isaacs/npmlog.git"},"main":"log.js","scripts":{"test":"tap test/*.js"},"dependencies":{"ansi":"~0.3.0","are-we-there-yet":"~1.0.0","gauge":"~1.0.2"},"devDependencies":{"tap":""},"license":"BSD","gitHead":"09b2976531b85f39d2c509ebb46c04f6bec8f3a8","bugs":{"url":"https://github.com/isaacs/npmlog/issues"},"homepage":"https://github.com/isaacs/npmlog","_id":"npmlog@1.0.0","_shasum":"ed2f290b60316887c39e0da9f09f8d13847cef0f","_from":".","_npmVersion":"2.1.11","_nodeVersion":"0.10.33","_npmUser":{"name":"iarna","email":"me@re-becca.org"},"maintainers":[{"name":"isaacs","email":"i@izs.me"},{"name":"iarna","email":"me@re-becca.org"}],"dist":{"shasum":"ed2f290b60316887c39e0da9f09f8d13847cef0f","tarball":"https://registry.npmjs.org/npmlog/-/npmlog-1.0.0.tgz"},"directories":{}},"1.1.0":{"author":{"name":"Isaac Z. Schlueter","email":"i@izs.me","url":"http://blog.izs.me/"},"name":"npmlog","description":"logger for npm","version":"1.1.0","repository":{"type":"git","url":"git://github.com/isaacs/npmlog.git"},"main":"log.js","scripts":{"test":"tap test/*.js"},"dependencies":{"ansi":"~0.3.0","are-we-there-yet":"~1.0.0","gauge":"~1.1.0"},"devDependencies":{"tap":""},"license":"BSD","gitHead":"d8e2bd3976cc052816ea3eaea2db45e257763d74","bugs":{"url":"https://github.com/isaacs/npmlog/issues"},"homepage":"https://github.com/isaacs/npmlog","_id":"npmlog@1.1.0","_shasum":"8744168148df1ce3f3387c0bc38154883b4af5f4","_from":".","_npmVersion":"2.4.0","_nodeVersion":"0.10.33","_npmUser":{"name":"iarna","email":"me@re-becca.org"},"maintainers":[{"name":"isaacs","email":"i@izs.me"},{"name":"iarna","email":"me@re-becca.org"}],"dist":{"shasum":"8744168148df1ce3f3387c0bc38154883b4af5f4","tarball":"https://registry.npmjs.org/npmlog/-/npmlog-1.1.0.tgz"},"directories":{}},"1.2.0":{"author":{"name":"Isaac Z. Schlueter","email":"i@izs.me","url":"http://blog.izs.me/"},"name":"npmlog","description":"logger for npm","version":"1.2.0","repository":{"type":"git","url":"git://github.com/isaacs/npmlog.git"},"main":"log.js","scripts":{"test":"tap test/*.js"},"dependencies":{"ansi":"~0.3.0","are-we-there-yet":"~1.0.0","gauge":"~1.2.0"},"devDependencies":{"tap":""},"license":"BSD","gitHead":"1fe2892a8b9dacb775d4fb365315865f421f4ca9","bugs":{"url":"https://github.com/isaacs/npmlog/issues"},"homepage":"https://github.com/isaacs/npmlog","_id":"npmlog@1.2.0","_shasum":"b512f18ae8696a0192ada78ba00c06dbbd91bafb","_from":".","_npmVersion":"2.6.0","_nodeVersion":"1.1.0","_npmUser":{"name":"iarna","email":"me@re-becca.org"},"maintainers":[{"name":"isaacs","email":"i@izs.me"},{"name":"iarna","email":"me@re-becca.org"}],"dist":{"shasum":"b512f18ae8696a0192ada78ba00c06dbbd91bafb","tarball":"https://registry.npmjs.org/npmlog/-/npmlog-1.2.0.tgz"},"directories":{}},"1.2.1":{"author":{"name":"Isaac Z. Schlueter","email":"i@izs.me","url":"http://blog.izs.me/"},"name":"npmlog","description":"logger for npm","version":"1.2.1","repository":{"type":"git","url":"git://github.com/isaacs/npmlog.git"},"main":"log.js","scripts":{"test":"tap test/*.js"},"dependencies":{"ansi":"~0.3.0","are-we-there-yet":"~1.0.0","gauge":"~1.2.0"},"devDependencies":{"tap":""},"license":"ISC","gitHead":"4e1a73a567036064ded425a7d48c863d53550b4f","bugs":{"url":"https://github.com/isaacs/npmlog/issues"},"homepage":"https://github.com/isaacs/npmlog#readme","_id":"npmlog@1.2.1","_shasum":"28e7be619609b53f7ad1dd300a10d64d716268b6","_from":".","_npmVersion":"2.10.0","_nodeVersion":"2.0.1","_npmUser":{"name":"isaacs","email":"isaacs@npmjs.com"},"dist":{"shasum":"28e7be619609b53f7ad1dd300a10d64d716268b6","tarball":"https://registry.npmjs.org/npmlog/-/npmlog-1.2.1.tgz"},"maintainers":[{"name":"isaacs","email":"i@izs.me"},{"name":"iarna","email":"me@re-becca.org"}],"directories":{}},"2.0.0":{"author":{"name":"Isaac Z. Schlueter","email":"i@izs.me","url":"http://blog.izs.me/"},"name":"npmlog","description":"logger for npm","version":"2.0.0","repository":{"type":"git","url":"git+https://github.com/npm/npmlog.git"},"main":"log.js","scripts":{"test":"tap test/*.js"},"dependencies":{"ansi":"~0.3.0","are-we-there-yet":"~1.0.0","gauge":"~1.2.0"},"devDependencies":{"tap":"~2.2.0"},"license":"ISC","gitHead":"6eaa3f8eec672bb7b56a4df9b55dbfff3b9c6a71","bugs":{"url":"https://github.com/npm/npmlog/issues"},"homepage":"https://github.com/npm/npmlog#readme","_id":"npmlog@2.0.0","_shasum":"4076c200a3dda51133e6f3cf052130105f78bbdf","_from":".","_npmVersion":"2.14.9","_nodeVersion":"4.2.1","_npmUser":{"name":"othiym23","email":"ogd@aoaioxxysz.net"},"dist":{"shasum":"4076c200a3dda51133e6f3cf052130105f78bbdf","tarball":"https://registry.npmjs.org/npmlog/-/npmlog-2.0.0.tgz"},"maintainers":[{"name":"iarna","email":"me@re-becca.org"},{"name":"isaacs","email":"i@izs.me"},{"name":"othiym23","email":"ogd@aoaioxxysz.net"}],"directories":{}},"2.0.1":{"author":{"name":"Isaac Z. Schlueter","email":"i@izs.me","url":"http://blog.izs.me/"},"name":"npmlog","description":"logger for npm","version":"2.0.1","repository":{"type":"git","url":"git+https://github.com/npm/npmlog.git"},"main":"log.js","scripts":{"test":"tap test/*.js"},"dependencies":{"ansi":"~0.3.1","are-we-there-yet":"~1.0.5","gauge":"~1.2.4"},"devDependencies":{"tap":"~5.1.1"},"license":"ISC","gitHead":"c4a1c3e1acd5a324398c3b2d3f9daffd3175b6ed","bugs":{"url":"https://github.com/npm/npmlog/issues"},"homepage":"https://github.com/npm/npmlog#readme","_id":"npmlog@2.0.1","_shasum":"c2e704d3eb50de738c903f7172001d60bf673fa0","_from":".","_npmVersion":"3.5.4","_nodeVersion":"5.4.0","_npmUser":{"name":"iarna","email":"me@re-becca.org"},"dist":{"shasum":"c2e704d3eb50de738c903f7172001d60bf673fa0","tarball":"https://registry.npmjs.org/npmlog/-/npmlog-2.0.1.tgz"},"maintainers":[{"name":"iarna","email":"me@re-becca.org"},{"name":"isaacs","email":"i@izs.me"},{"name":"othiym23","email":"ogd@aoaioxxysz.net"}],"directories":{}},"2.0.2":{"author":{"name":"Isaac Z. Schlueter","email":"i@izs.me","url":"http://blog.izs.me/"},"name":"npmlog","description":"logger for npm","version":"2.0.2","repository":{"type":"git","url":"git+https://github.com/npm/npmlog.git"},"main":"log.js","scripts":{"test":"tap test/*.js"},"dependencies":{"ansi":"~0.3.1","are-we-there-yet":"~1.0.6","gauge":"~1.2.5"},"devDependencies":{"tap":"~5.1.2"},"license":"ISC","gitHead":"79dc582bf1ce4d2010454d89738a0a4dbd113be9","bugs":{"url":"https://github.com/npm/npmlog/issues"},"homepage":"https://github.com/npm/npmlog#readme","_id":"npmlog@2.0.2","_shasum":"d0470238b9697b7c3c4d16bdea65a00b12a464ab","_from":".","_npmVersion":"3.6.0","_nodeVersion":"5.4.0","_npmUser":{"name":"iarna","email":"me@re-becca.org"},"dist":{"shasum":"d0470238b9697b7c3c4d16bdea65a00b12a464ab","tarball":"https://registry.npmjs.org/npmlog/-/npmlog-2.0.2.tgz"},"maintainers":[{"name":"iarna","email":"me@re-becca.org"},{"name":"isaacs","email":"i@izs.me"},{"name":"othiym23","email":"ogd@aoaioxxysz.net"}],"directories":{}},"2.0.3":{"author":{"name":"Isaac Z. Schlueter","email":"i@izs.me","url":"http://blog.izs.me/"},"name":"npmlog","description":"logger for npm","version":"2.0.3","repository":{"type":"git","url":"git+https://github.com/npm/npmlog.git"},"main":"log.js","scripts":{"test":"tap test/*.js"},"dependencies":{"ansi":"~0.3.1","are-we-there-yet":"~1.1.2","gauge":"~1.2.5"},"devDependencies":{"tap":"~5.7.0"},"license":"ISC","gitHead":"9dfe26296118ceb5443e76f347f256c35e7ca999","bugs":{"url":"https://github.com/npm/npmlog/issues"},"homepage":"https://github.com/npm/npmlog#readme","_id":"npmlog@2.0.3","_shasum":"020f99351f0c02e399c674ba256e7c4d3b3dd298","_from":".","_npmVersion":"3.8.1","_nodeVersion":"4.2.2","_npmUser":{"name":"iarna","email":"me@re-becca.org"},"dist":{"shasum":"020f99351f0c02e399c674ba256e7c4d3b3dd298","tarball":"https://registry.npmjs.org/npmlog/-/npmlog-2.0.3.tgz"},"maintainers":[{"name":"iarna","email":"me@re-becca.org"},{"name":"isaacs","email":"i@izs.me"},{"name":"othiym23","email":"ogd@aoaioxxysz.net"}],"_npmOperationalInternal":{"host":"packages-13-west.internal.npmjs.com","tmp":"tmp/npmlog-2.0.3.tgz_1458089035965_0.5096880353521556"},"directories":{}},"2.0.4":{"author":{"name":"Isaac Z. Schlueter","email":"i@izs.me","url":"http://blog.izs.me/"},"name":"npmlog","description":"logger for npm","version":"2.0.4","repository":{"type":"git","url":"git+https://github.com/npm/npmlog.git"},"main":"log.js","files":["log.js"],"scripts":{"test":"tap test/*.js"},"dependencies":{"ansi":"~0.3.1","are-we-there-yet":"~1.1.2","gauge":"~1.2.5"},"devDependencies":{"tap":"~5.7.0"},"license":"ISC","gitHead":"3732fd4ba1ca2d47c6102343e6c3fb7e66df7fe5","bugs":{"url":"https://github.com/npm/npmlog/issues"},"homepage":"https://github.com/npm/npmlog#readme","_id":"npmlog@2.0.4","_shasum":"98b52530f2514ca90d09ec5b22c8846722375692","_from":".","_npmVersion":"3.9.1","_nodeVersion":"5.10.1","_npmUser":{"name":"zkat","email":"kat@sykosomatic.org"},"dist":{"shasum":"98b52530f2514ca90d09ec5b22c8846722375692","tarball":"https://registry.npmjs.org/npmlog/-/npmlog-2.0.4.tgz"},"maintainers":[{"name":"iarna","email":"me@re-becca.org"},{"name":"isaacs","email":"i@izs.me"},{"name":"othiym23","email":"ogd@aoaioxxysz.net"},{"name":"zkat","email":"kat@sykosomatic.org"}],"_npmOperationalInternal":{"host":"packages-12-west.internal.npmjs.com","tmp":"tmp/npmlog-2.0.4.tgz_1463616637725_0.461703865788877"},"directories":{}},"3.0.0":{"author":{"name":"Isaac Z. Schlueter","email":"i@izs.me","url":"http://blog.izs.me/"},"name":"npmlog","description":"logger for npm","version":"3.0.0","repository":{"type":"git","url":"git+https://github.com/npm/npmlog.git"},"main":"log.js","files":["log.js"],"scripts":{"test":"tap test/*.js"},"dependencies":{"ansi":"~0.3.1","are-we-there-yet":"~1.1.2","gauge":"~2.5.0","set-blocking":"~2.0.0"},"devDependencies":{"tap":"~5.7.0"},"license":"ISC","gitHead":"87f698677996db477309c490c8a5b8371f65cc2b","bugs":{"url":"https://github.com/npm/npmlog/issues"},"homepage":"https://github.com/npm/npmlog#readme","_id":"npmlog@3.0.0","_shasum":"5b75a32bffcfd6ebf046487a302182224cd17c9b","_from":".","_npmVersion":"3.9.2","_nodeVersion":"4.4.0","_npmUser":{"name":"iarna","email":"me@re-becca.org"},"dist":{"shasum":"5b75a32bffcfd6ebf046487a302182224cd17c9b","tarball":"https://registry.npmjs.org/npmlog/-/npmlog-3.0.0.tgz"},"maintainers":[{"name":"iarna","email":"me@re-becca.org"},{"name":"isaacs","email":"i@izs.me"},{"name":"othiym23","email":"ogd@aoaioxxysz.net"},{"name":"zkat","email":"kat@sykosomatic.org"}],"_npmOperationalInternal":{"host":"packages-12-west.internal.npmjs.com","tmp":"tmp/npmlog-3.0.0.tgz_1465263036089_0.9853639076463878"},"directories":{}},"3.1.0":{"author":{"name":"Isaac Z. Schlueter","email":"i@izs.me","url":"http://blog.izs.me/"},"name":"npmlog","description":"logger for npm","version":"3.1.0","repository":{"type":"git","url":"git+https://github.com/npm/npmlog.git"},"main":"log.js","files":["log.js"],"scripts":{"test":"standard && tap test/*.js"},"dependencies":{"are-we-there-yet":"~1.1.2","console-control-strings":"~1.1.0","gauge":"~2.5.2","set-blocking":"~2.0.0"},"devDependencies":{"standard":"~7.1.2","tap":"~5.7.0"},"license":"ISC","gitHead":"accfd23d05a6bcd0b8ff05e7da840964482b7a3c","bugs":{"url":"https://github.com/npm/npmlog/issues"},"homepage":"https://github.com/npm/npmlog#readme","_id":"npmlog@3.1.0","_shasum":"52fdba095f72aa7c6fc1106b570ce5932d039bb7","_from":".","_npmVersion":"3.9.2","_nodeVersion":"4.4.0","_npmUser":{"name":"iarna","email":"me@re-becca.org"},"dist":{"shasum":"52fdba095f72aa7c6fc1106b570ce5932d039bb7","tarball":"https://registry.npmjs.org/npmlog/-/npmlog-3.1.0.tgz"},"maintainers":[{"name":"iarna","email":"me@re-becca.org"},{"name":"isaacs","email":"i@izs.me"},{"name":"othiym23","email":"ogd@aoaioxxysz.net"},{"name":"zkat","email":"kat@sykosomatic.org"}],"_npmOperationalInternal":{"host":"packages-16-east.internal.npmjs.com","tmp":"tmp/npmlog-3.1.0.tgz_1466040332571_0.0009939647279679775"},"directories":{}},"3.1.1":{"author":{"name":"Isaac Z. Schlueter","email":"i@izs.me","url":"http://blog.izs.me/"},"name":"npmlog","description":"logger for npm","version":"3.1.1","repository":{"type":"git","url":"git+https://github.com/npm/npmlog.git"},"main":"log.js","files":["log.js"],"scripts":{"test":"standard && tap test/*.js"},"dependencies":{"are-we-there-yet":"~1.1.2","console-control-strings":"~1.1.0","gauge":"~2.5.3","set-blocking":"~2.0.0"},"devDependencies":{"standard":"~7.1.2","tap":"~5.7.0"},"license":"ISC","gitHead":"f66e503c982d9b5c6b6646e984108356dc8fd4a6","bugs":{"url":"https://github.com/npm/npmlog/issues"},"homepage":"https://github.com/npm/npmlog#readme","_id":"npmlog@3.1.1","_shasum":"29477e7644cf46532782a7f2abe0405016ade755","_from":".","_npmVersion":"3.9.2","_nodeVersion":"4.4.0","_npmUser":{"name":"iarna","email":"me@re-becca.org"},"dist":{"shasum":"29477e7644cf46532782a7f2abe0405016ade755","tarball":"https://registry.npmjs.org/npmlog/-/npmlog-3.1.1.tgz"},"maintainers":[{"name":"iarna","email":"me@re-becca.org"},{"name":"isaacs","email":"i@izs.me"},{"name":"othiym23","email":"ogd@aoaioxxysz.net"},{"name":"zkat","email":"kat@sykosomatic.org"}],"_npmOperationalInternal":{"host":"packages-12-west.internal.npmjs.com","tmp":"tmp/npmlog-3.1.1.tgz_1466059950921_0.06024856795556843"},"directories":{}},"3.1.2":{"author":{"name":"Isaac Z. Schlueter","email":"i@izs.me","url":"http://blog.izs.me/"},"name":"npmlog","description":"logger for npm","version":"3.1.2","repository":{"type":"git","url":"git+https://github.com/npm/npmlog.git"},"main":"log.js","files":["log.js"],"scripts":{"test":"standard && tap test/*.js"},"dependencies":{"are-we-there-yet":"~1.1.2","console-control-strings":"~1.1.0","gauge":"~2.6.0","set-blocking":"~2.0.0"},"devDependencies":{"standard":"~7.1.2","tap":"~5.7.0"},"license":"ISC","gitHead":"444e237743fa1339cb91bea2d3f16f710be56984","bugs":{"url":"https://github.com/npm/npmlog/issues"},"homepage":"https://github.com/npm/npmlog#readme","_id":"npmlog@3.1.2","_shasum":"2d46fa874337af9498a2f12bb43d8d0be4a36873","_from":".","_npmVersion":"3.9.6","_nodeVersion":"4.4.0","_npmUser":{"name":"iarna","email":"me@re-becca.org"},"dist":{"shasum":"2d46fa874337af9498a2f12bb43d8d0be4a36873","tarball":"https://registry.npmjs.org/npmlog/-/npmlog-3.1.2.tgz"},"maintainers":[{"name":"iarna","email":"me@re-becca.org"},{"name":"isaacs","email":"i@izs.me"},{"name":"othiym23","email":"ogd@aoaioxxysz.net"},{"name":"zkat","email":"kat@sykosomatic.org"}],"_npmOperationalInternal":{"host":"packages-12-west.internal.npmjs.com","tmp":"tmp/npmlog-3.1.2.tgz_1466073052641_0.36111341998912394"},"directories":{}},"4.0.0":{"author":{"name":"Isaac Z. Schlueter","email":"i@izs.me","url":"http://blog.izs.me/"},"name":"npmlog","description":"logger for npm","version":"4.0.0","repository":{"type":"git","url":"git+https://github.com/npm/npmlog.git"},"main":"log.js","files":["log.js"],"scripts":{"test":"standard && tap test/*.js"},"dependencies":{"are-we-there-yet":"~1.1.2","console-control-strings":"~1.1.0","gauge":"~2.6.0","set-blocking":"~2.0.0"},"devDependencies":{"standard":"~7.1.2","tap":"~5.7.0"},"license":"ISC","gitHead":"3ca8823fdfa66f54c72adde3fd2c4e0237e6302b","bugs":{"url":"https://github.com/npm/npmlog/issues"},"homepage":"https://github.com/npm/npmlog#readme","_id":"npmlog@4.0.0","_shasum":"e094503961c70c1774eb76692080e8d578a9f88f","_from":".","_npmVersion":"3.10.4","_nodeVersion":"5.10.1","_npmUser":{"name":"zkat","email":"kat@sykosomatic.org"},"dist":{"shasum":"e094503961c70c1774eb76692080e8d578a9f88f","tarball":"https://registry.npmjs.org/npmlog/-/npmlog-4.0.0.tgz"},"maintainers":[{"name":"iarna","email":"me@re-becca.org"},{"name":"isaacs","email":"i@izs.me"},{"name":"othiym23","email":"ogd@aoaioxxysz.net"},{"name":"zkat","email":"kat@sykosomatic.org"}],"_npmOperationalInternal":{"host":"packages-12-west.internal.npmjs.com","tmp":"tmp/npmlog-4.0.0.tgz_1468888150556_0.3835553650278598"},"directories":{}},"4.0.1":{"author":{"name":"Isaac Z. Schlueter","email":"i@izs.me","url":"http://blog.izs.me/"},"name":"npmlog","description":"logger for npm","version":"4.0.1","repository":{"type":"git","url":"git+https://github.com/npm/npmlog.git"},"main":"log.js","files":["log.js"],"scripts":{"test":"standard && tap test/*.js"},"dependencies":{"are-we-there-yet":"~1.1.2","console-control-strings":"~1.1.0","gauge":"~2.7.1","set-blocking":"~2.0.0"},"devDependencies":{"standard":"~7.1.2","tap":"~5.7.0"},"license":"ISC","gitHead":"c027c276f6f7e6c8d808767b0d611555e3ef5f61","bugs":{"url":"https://github.com/npm/npmlog/issues"},"homepage":"https://github.com/npm/npmlog#readme","_id":"npmlog@4.0.1","_shasum":"d14f503b4cd79710375553004ba96e6662fbc0b8","_from":".","_npmVersion":"3.10.10","_nodeVersion":"7.1.0","_npmUser":{"name":"iarna","email":"me@re-becca.org"},"dist":{"shasum":"d14f503b4cd79710375553004ba96e6662fbc0b8","tarball":"https://registry.npmjs.org/npmlog/-/npmlog-4.0.1.tgz"},"maintainers":[{"name":"iarna","email":"me@re-becca.org"},{"name":"isaacs","email":"i@izs.me"},{"name":"othiym23","email":"ogd@aoaioxxysz.net"},{"name":"zkat","email":"kat@sykosomatic.org"}],"_npmOperationalInternal":{"host":"packages-12-west.internal.npmjs.com","tmp":"tmp/npmlog-4.0.1.tgz_1479345245313_0.32757814647629857"},"directories":{}},"4.0.2":{"author":{"name":"Isaac Z. Schlueter","email":"i@izs.me","url":"http://blog.izs.me/"},"name":"npmlog","description":"logger for npm","version":"4.0.2","repository":{"type":"git","url":"git+https://github.com/npm/npmlog.git"},"main":"log.js","files":["log.js"],"scripts":{"test":"standard && tap test/*.js"},"dependencies":{"are-we-there-yet":"~1.1.2","console-control-strings":"~1.1.0","gauge":"~2.7.1","set-blocking":"~2.0.0"},"devDependencies":{"standard":"~7.1.2","tap":"~5.7.0"},"license":"ISC","gitHead":"a3b7aed07790b674aa1fecfc81a61481abeaf882","bugs":{"url":"https://github.com/npm/npmlog/issues"},"homepage":"https://github.com/npm/npmlog#readme","_id":"npmlog@4.0.2","_shasum":"d03950e0e78ce1527ba26d2a7592e9348ac3e75f","_from":".","_npmVersion":"4.0.5","_nodeVersion":"7.2.0","_npmUser":{"name":"othiym23","email":"ogd@aoaioxxysz.net"},"dist":{"shasum":"d03950e0e78ce1527ba26d2a7592e9348ac3e75f","tarball":"https://registry.npmjs.org/npmlog/-/npmlog-4.0.2.tgz"},"maintainers":[{"name":"iarna","email":"me@re-becca.org"},{"name":"isaacs","email":"i@izs.me"},{"name":"othiym23","email":"ogd@aoaioxxysz.net"},{"name":"zkat","email":"kat@sykosomatic.org"}],"_npmOperationalInternal":{"host":"packages-12-west.internal.npmjs.com","tmp":"tmp/npmlog-4.0.2.tgz_1481572338217_0.2948465726803988"},"directories":{}},"4.1.0":{"author":{"name":"Isaac Z. Schlueter","email":"i@izs.me","url":"http://blog.izs.me/"},"name":"npmlog","description":"logger for npm","version":"4.1.0","repository":{"type":"git","url":"git+https://github.com/npm/npmlog.git"},"main":"log.js","files":["log.js"],"scripts":{"test":"standard && tap test/*.js"},"dependencies":{"are-we-there-yet":"~1.1.2","console-control-strings":"~1.1.0","gauge":"~2.7.3","set-blocking":"~2.0.0"},"devDependencies":{"standard":"~7.1.2","tap":"~5.7.3"},"license":"ISC","gitHead":"46f88c4bcb35a39b22aa5b65d0958221dadb2bbe","bugs":{"url":"https://github.com/npm/npmlog/issues"},"homepage":"https://github.com/npm/npmlog#readme","_id":"npmlog@4.1.0","_npmVersion":"5.0.0-beta.40","_nodeVersion":"7.9.0","_npmUser":{"name":"zkat","email":"kat@sykosomatic.org"},"dist":{"integrity":"sha512-ocolIkZYZt8UveuiDS0yAkkIjid1o7lPG8cYm05yNYzBn8ykQtaiPMEGp8fY9tKdDgm8okpdKzkvu1y9hUYugA==","shasum":"dc59bee85f64f00ed424efb2af0783df25d1c0b5","tarball":"https://registry.npmjs.org/npmlog/-/npmlog-4.1.0.tgz"},"maintainers":[{"name":"iarna","email":"me@re-becca.org"},{"name":"isaacs","email":"i@izs.me"},{"name":"othiym23","email":"ogd@aoaioxxysz.net"},{"name":"zkat","email":"kat@sykosomatic.org"}],"_npmOperationalInternal":{"host":"packages-18-east.internal.npmjs.com","tmp":"tmp/npmlog-4.1.0.tgz_1494018281527_0.3773633665405214"},"directories":{}},"4.1.1":{"author":{"name":"Isaac Z. Schlueter","email":"i@izs.me","url":"http://blog.izs.me/"},"name":"npmlog","description":"logger for npm","version":"4.1.1","repository":{"type":"git","url":"git+https://github.com/npm/npmlog.git"},"main":"log.js","files":["log.js"],"scripts":{"test":"standard && tap test/*.js"},"dependencies":{"are-we-there-yet":"~1.1.2","console-control-strings":"~1.1.0","gauge":"~2.7.3","set-blocking":"~2.0.0"},"devDependencies":{"standard":"~7.1.2","tap":"~5.7.3"},"license":"ISC","gitHead":"a1093e72aebee4febc807a0a6fcece7e253c06c4","bugs":{"url":"https://github.com/npm/npmlog/issues"},"homepage":"https://github.com/npm/npmlog#readme","_id":"npmlog@4.1.1","_npmVersion":"5.0.4","_nodeVersion":"8.1.0","_npmUser":{"name":"iarna","email":"me@re-becca.org"},"dist":{"integrity":"sha512-iiAM9qm23XbN/IaaX6zX5pXxFALOjsjq0K4YhrrtBMh6KxrezMv1oPMwfFgqIcgykw/uey7Thg4yWWOcFjeZxw==","shasum":"301349a832a751633ff63a42a230a6e7ecf02c6e","tarball":"https://registry.npmjs.org/npmlog/-/npmlog-4.1.1.tgz"},"maintainers":[{"email":"kat@sykosomatic.org","name":"zkat"},{"email":"ogd@aoaioxxysz.net","name":"othiym23"},{"email":"i@izs.me","name":"isaacs"},{"email":"me@re-becca.org","name":"iarna"}],"_npmOperationalInternal":{"host":"s3://npm-registry-packages","tmp":"tmp/npmlog-4.1.1.tgz_1498510598709_0.003092980245128274"},"directories":{}},"4.1.2":{"author":{"name":"Isaac Z. Schlueter","email":"i@izs.me","url":"http://blog.izs.me/"},"name":"npmlog","description":"logger for npm","version":"4.1.2","repository":{"type":"git","url":"git+https://github.com/npm/npmlog.git"},"main":"log.js","files":["log.js"],"scripts":{"test":"standard && tap test/*.js"},"dependencies":{"are-we-there-yet":"~1.1.2","console-control-strings":"~1.1.0","gauge":"~2.7.3","set-blocking":"~2.0.0"},"devDependencies":{"standard":"~7.1.2","tap":"~5.7.3"},"license":"ISC","gitHead":"f7f9516d35b873c4e45b1aaeb78cff4e43b72c31","bugs":{"url":"https://github.com/npm/npmlog/issues"},"homepage":"https://github.com/npm/npmlog#readme","_id":"npmlog@4.1.2","_npmVersion":"5.0.4","_nodeVersion":"8.1.0","_npmUser":{"name":"iarna","email":"me@re-becca.org"},"dist":{"integrity":"sha512-2uUqazuKlTaSI/dC8AzicUck7+IrEaOnN/e0jd3Xtt1KcGpwx30v50mL7oPyr/h9bL3E4aZccVwpwP+5W9Vjkg==","shasum":"08a7f2a8bf734604779a9efa4ad5cc717abb954b","tarball":"https://registry.npmjs.org/npmlog/-/npmlog-4.1.2.tgz"},"maintainers":[{"email":"kat@sykosomatic.org","name":"zkat"},{"email":"ogd@aoaioxxysz.net","name":"othiym23"},{"email":"i@izs.me","name":"isaacs"},{"email":"me@re-becca.org","name":"iarna"}],"_npmOperationalInternal":{"host":"s3://npm-registry-packages","tmp":"tmp/npmlog-4.1.2.tgz_1498519394438_0.33615764300338924"},"directories":{}}},"readme":"# npmlog\n\nThe logger util that npm uses.\n\nThis logger is very basic.  It does the logging for npm.  It supports\ncustom levels and colored output.\n\nBy default, logs are written to stderr.  If you want to send log messages\nto outputs other than streams, then you can change the `log.stream`\nmember, or you can just listen to the events that it emits, and do\nwhatever you want with them.\n\n# Installation\n\n```console\nnpm install npmlog --save\n```\n\n# Basic Usage\n\n```javascript\nvar log = require('npmlog')\n\n// additional stuff ---------------------------+\n// message ----------+                         |\n// prefix ----+      |                         |\n// level -+   |      |                         |\n//        v   v      v                         v\n    log.info('fyi', 'I have a kitty cat: %j', myKittyCat)\n```\n\n## log.level\n\n* {String}\n\nThe level to display logs at.  Any logs at or above this level will be\ndisplayed.  The special level `silent` will prevent anything from being\ndisplayed ever.\n\n## log.record\n\n* {Array}\n\nAn array of all the log messages that have been entered.\n\n## log.maxRecordSize\n\n* {Number}\n\nThe maximum number of records to keep.  If log.record gets bigger than\n10% over this value, then it is sliced down to 90% of this value.\n\nThe reason for the 10% window is so that it doesn't have to resize a\nlarge array on every log entry.\n\n## log.prefixStyle\n\n* {Object}\n\nA style object that specifies how prefixes are styled.  (See below)\n\n## log.headingStyle\n\n* {Object}\n\nA style object that specifies how the heading is styled.  (See below)\n\n## log.heading\n\n* {String} Default: \"\"\n\nIf set, a heading that is printed at the start of every line.\n\n## log.stream\n\n* {Stream} Default: `process.stderr`\n\nThe stream where output is written.\n\n## log.enableColor()\n\nForce colors to be used on all messages, regardless of the output\nstream.\n\n## log.disableColor()\n\nDisable colors on all messages.\n\n## log.enableProgress()\n\nEnable the display of log activity spinner and progress bar\n\n## log.disableProgress()\n\nDisable the display of a progress bar\n\n## log.enableUnicode()\n\nForce the unicode theme to be used for the progress bar.\n\n## log.disableUnicode()\n\nDisable the use of unicode in the progress bar.\n\n## log.setGaugeTemplate(template)\n\nSet a template for outputting the progress bar. See the [gauge documentation] for details.\n\n[gauge documentation]: https://npmjs.com/package/gauge\n\n## log.setGaugeThemeset(themes)\n\nSelect a themeset to pick themes from for the progress bar. See the [gauge documentation] for details.\n\n## log.pause()\n\nStop emitting messages to the stream, but do not drop them.\n\n## log.resume()\n\nEmit all buffered messages that were written while paused.\n\n## log.log(level, prefix, message, ...)\n\n* `level` {String} The level to emit the message at\n* `prefix` {String} A string prefix.  Set to \"\" to skip.\n* `message...` Arguments to `util.format`\n\nEmit a log message at the specified level.\n\n## log\\[level](prefix, message, ...)\n\nFor example,\n\n* log.silly(prefix, message, ...)\n* log.verbose(prefix, message, ...)\n* log.info(prefix, message, ...)\n* log.http(prefix, message, ...)\n* log.warn(prefix, message, ...)\n* log.error(prefix, message, ...)\n\nLike `log.log(level, prefix, message, ...)`.  In this way, each level is\ngiven a shorthand, so you can do `log.info(prefix, message)`.\n\n## log.addLevel(level, n, style, disp)\n\n* `level` {String} Level indicator\n* `n` {Number} The numeric level\n* `style` {Object} Object with fg, bg, inverse, etc.\n* `disp` {String} Optional replacement for `level` in the output.\n\nSets up a new level with a shorthand function and so forth.\n\nNote that if the number is `Infinity`, then setting the level to that\nwill cause all log messages to be suppressed.  If the number is\n`-Infinity`, then the only way to show it is to enable all log messages.\n\n## log.newItem(name, todo, weight)\n\n* `name` {String} Optional; progress item name.\n* `todo` {Number} Optional; total amount of work to be done. Default 0.\n* `weight` {Number} Optional; the weight of this item relative to others. Default 1.\n\nThis adds a new `are-we-there-yet` item tracker to the progress tracker. The\nobject returned has the `log[level]` methods but is otherwise an\n`are-we-there-yet` `Tracker` object.\n\n## log.newStream(name, todo, weight)\n\nThis adds a new `are-we-there-yet` stream tracker to the progress tracker. The\nobject returned has the `log[level]` methods but is otherwise an\n`are-we-there-yet` `TrackerStream` object.\n\n## log.newGroup(name, weight)\n\nThis adds a new `are-we-there-yet` tracker group to the progress tracker. The\nobject returned has the `log[level]` methods but is otherwise an\n`are-we-there-yet` `TrackerGroup` object.\n\n# Events\n\nEvents are all emitted with the message object.\n\n* `log` Emitted for all messages\n* `log.<level>` Emitted for all messages with the `<level>` level.\n* `<prefix>` Messages with prefixes also emit their prefix as an event.\n\n# Style Objects\n\nStyle objects can have the following fields:\n\n* `fg` {String} Color for the foreground text\n* `bg` {String} Color for the background\n* `bold`, `inverse`, `underline` {Boolean} Set the associated property\n* `bell` {Boolean} Make a noise (This is pretty annoying, probably.)\n\n# Message Objects\n\nEvery log event is emitted with a message object, and the `log.record`\nlist contains all of them that have been created.  They have the\nfollowing fields:\n\n* `id` {Number}\n* `level` {String}\n* `prefix` {String}\n* `message` {String} Result of `util.format()`\n* `messageRaw` {Array} Arguments to `util.format()`\n\n# Blocking TTYs\n\nWe use [`set-blocking`](https://npmjs.com/package/set-blocking) to set\nstderr and stdout blocking if they are tty's and have the setBlocking call.\nThis is a work around for an issue in early versions of Node.js 6.x, which\nmade stderr and stdout non-blocking on OSX. (They are always blocking\nWindows and were never blocking on Linux.) `npmlog` needs them to be blocking\nso that it can allow output to stdout and stderr to be interlaced.\n","maintainers":[{"email":"kzm@sykosomatic.org","name":"zkat"},{"email":"ogd@aoaioxxysz.net","name":"othiym23"},{"email":"i@izs.me","name":"isaacs"},{"email":"me@re-becca.org","name":"iarna"}],"time":{"modified":"2019-01-05T00:35:35.710Z","created":"2012-06-06T09:08:16.978Z","0.0.1":"2012-06-06T09:08:18.466Z","0.0.2":"2012-06-06T21:10:11.014Z","0.0.3":"2013-06-20T01:56:10.752Z","0.0.4":"2013-07-11T06:16:28.666Z","0.0.5":"2013-10-24T07:05:11.752Z","0.0.6":"2013-10-24T07:15:02.897Z","0.1.0":"2014-06-06T04:26:18.361Z","0.1.1":"2014-06-13T23:51:04.789Z","1.0.0":"2015-01-07T17:41:44.265Z","1.1.0":"2015-02-01T18:37:29.804Z","1.2.0":"2015-02-28T23:07:02.634Z","1.2.1":"2015-05-19T01:40:29.670Z","2.0.0":"2015-11-05T07:19:06.878Z","2.0.1":"2016-01-21T18:58:56.587Z","2.0.2":"2016-01-28T00:38:33.387Z","2.0.3":"2016-03-16T00:43:56.419Z","2.0.4":"2016-05-19T00:10:38.359Z","3.0.0":"2016-06-07T01:30:36.683Z","3.1.0":"2016-06-16T01:25:34.864Z","3.1.1":"2016-06-16T06:52:31.337Z","3.1.2":"2016-06-16T10:30:53.032Z","4.0.0":"2016-07-19T00:29:10.793Z","4.0.1":"2016-11-17T01:14:05.535Z","4.0.2":"2016-12-12T19:52:18.463Z","4.1.0":"2017-05-05T21:04:44.607Z","4.1.1":"2017-06-26T20:56:38.797Z","4.1.2":"2017-06-26T23:23:14.534Z"},"author":{"name":"Isaac Z. Schlueter","email":"i@izs.me","url":"http://blog.izs.me/"},"repository":{"type":"git","url":"git+https://github.com/npm/npmlog.git"},"users":{"brugnara":true,"schnittstabil":true,"littlepumpkin":true,"wenbing":true,"zekesonxx":true,"luizbills":true,"bojand":true,"evanyeung":true,"xinwangwang":true,"moimikey":true,"merrickp":true,"mattmcfarland":true,"lgomez":true,"ragingsmurf":true,"bobmhong":true,"chinawolf_wyp":true,"papasavva":true,"max_devjs":true,"dm07":true,"morogasper":true,"mysticatea":true,"wolfram77":true,"wangnan0610":true,"hobord":true,"testabc":true,"daizch":true},"homepage":"https://github.com/npm/npmlog#readme","bugs":{"url":"https://github.com/npm/npmlog/issues"},"license":"ISC","readmeFilename":"README.md","_etag":"W/\"b2ac8b2be1a078d0928f228f617b4c5d\"","_lastModified":"Sat, 05 Jan 2019 00:35:36 GMT"}