{"_id":"lodash.padend","_rev":"14-7e077f5834ac9b033842f7ab6d1ea699","name":"lodash.padend","description":"The lodash method `_.padEnd` exported as a module.","dist-tags":{"latest":"4.6.1"},"versions":{"4.0.0":{"name":"lodash.padend","version":"4.0.0","description":"The lodash method `_.padEnd` exported as a module.","homepage":"https://lodash.com/","icon":"https://lodash.com/icon.svg","license":"MIT","keywords":["lodash","lodash-modularized","stdlib","util","padend"],"author":{"name":"John-David Dalton","email":"john.david.dalton@gmail.com","url":"http://allyoucanleet.com/"},"contributors":[{"name":"John-David Dalton","email":"john.david.dalton@gmail.com","url":"http://allyoucanleet.com/"},{"name":"Blaine Bublitz","email":"blaine@iceddev.com","url":"https://github.com/phated"},{"name":"Mathias Bynens","email":"mathias@qiwi.be","url":"https://mathiasbynens.be/"}],"repository":{"type":"git","url":"git+https://github.com/lodash/lodash.git"},"scripts":{"test":"echo \"See https://travis-ci.org/lodash/lodash-cli for testing details.\""},"dependencies":{"lodash.repeat":"^3.0.0"},"bugs":{"url":"https://github.com/lodash/lodash/issues"},"_id":"lodash.padend@4.0.0","_shasum":"fe6b76b14d4fb30c3147832e62887ff935311212","_from":".","_npmVersion":"2.14.15","_nodeVersion":"5.4.0","_npmUser":{"name":"jdalton","email":"john.david.dalton@gmail.com"},"dist":{"shasum":"fe6b76b14d4fb30c3147832e62887ff935311212","tarball":"https://registry.npmjs.org/lodash.padend/-/lodash.padend-4.0.0.tgz"},"maintainers":[{"name":"jdalton","email":"john.david.dalton@gmail.com"}],"directories":{}},"4.0.1":{"name":"lodash.padend","version":"4.0.1","description":"The lodash method `_.padEnd` exported as a module.","homepage":"https://lodash.com/","icon":"https://lodash.com/icon.svg","license":"MIT","keywords":["lodash","lodash-modularized","stdlib","util","padend"],"author":{"name":"John-David Dalton","email":"john.david.dalton@gmail.com","url":"http://allyoucanleet.com/"},"contributors":[{"name":"John-David Dalton","email":"john.david.dalton@gmail.com","url":"http://allyoucanleet.com/"},{"name":"Blaine Bublitz","email":"blaine@iceddev.com","url":"https://github.com/phated"},{"name":"Mathias Bynens","email":"mathias@qiwi.be","url":"https://mathiasbynens.be/"}],"repository":{"type":"git","url":"git+https://github.com/lodash/lodash.git"},"scripts":{"test":"echo \"See https://travis-ci.org/lodash/lodash-cli for testing details.\""},"dependencies":{"lodash.repeat":"^3.0.0"},"bugs":{"url":"https://github.com/lodash/lodash/issues"},"_id":"lodash.padend@4.0.1","_shasum":"2d0574a93f57703b1fe7cd256ca21c2266fc7ca7","_from":".","_npmVersion":"2.14.15","_nodeVersion":"5.4.0","_npmUser":{"name":"jdalton","email":"john.david.dalton@gmail.com"},"dist":{"shasum":"2d0574a93f57703b1fe7cd256ca21c2266fc7ca7","tarball":"https://registry.npmjs.org/lodash.padend/-/lodash.padend-4.0.1.tgz"},"maintainers":[{"name":"jdalton","email":"john.david.dalton@gmail.com"},{"name":"mathias","email":"mathias@qiwi.be"},{"name":"phated","email":"blaine.bublitz@gmail.com"}],"directories":{}},"4.0.2":{"name":"lodash.padend","version":"4.0.2","description":"The lodash method `_.padEnd` exported as a module.","homepage":"https://lodash.com/","icon":"https://lodash.com/icon.svg","license":"MIT","keywords":["lodash-modularized","padend"],"author":{"name":"John-David Dalton","email":"john.david.dalton@gmail.com","url":"http://allyoucanleet.com/"},"contributors":[{"name":"John-David Dalton","email":"john.david.dalton@gmail.com","url":"http://allyoucanleet.com/"},{"name":"Blaine Bublitz","email":"blaine@iceddev.com","url":"https://github.com/phated"},{"name":"Mathias Bynens","email":"mathias@qiwi.be","url":"https://mathiasbynens.be/"}],"repository":{"type":"git","url":"git+https://github.com/lodash/lodash.git"},"scripts":{"test":"echo \"See https://travis-ci.org/lodash/lodash-cli for testing details.\""},"dependencies":{"lodash.repeat":"^3.0.0"},"bugs":{"url":"https://github.com/lodash/lodash/issues"},"_id":"lodash.padend@4.0.2","_shasum":"bd781ad27becd6b1a706c35dc7b47a0b8b18270b","_from":".","_npmVersion":"2.14.15","_nodeVersion":"5.4.0","_npmUser":{"name":"jdalton","email":"john.david.dalton@gmail.com"},"dist":{"shasum":"bd781ad27becd6b1a706c35dc7b47a0b8b18270b","tarball":"https://registry.npmjs.org/lodash.padend/-/lodash.padend-4.0.2.tgz"},"maintainers":[{"name":"jdalton","email":"john.david.dalton@gmail.com"},{"name":"mathias","email":"mathias@qiwi.be"},{"name":"phated","email":"blaine.bublitz@gmail.com"}],"_npmOperationalInternal":{"host":"packages-9-west.internal.npmjs.com","tmp":"tmp/lodash.padend-4.0.2.tgz_1454484627744_0.9780499115586281"},"directories":{}},"4.1.0":{"name":"lodash.padend","version":"4.1.0","description":"The lodash method `_.padEnd` exported as a module.","homepage":"https://lodash.com/","icon":"https://lodash.com/icon.svg","license":"MIT","keywords":["lodash-modularized","padend"],"author":{"name":"John-David Dalton","email":"john.david.dalton@gmail.com","url":"http://allyoucanleet.com/"},"contributors":[{"name":"John-David Dalton","email":"john.david.dalton@gmail.com","url":"http://allyoucanleet.com/"},{"name":"Blaine Bublitz","email":"blaine@iceddev.com","url":"https://github.com/phated"},{"name":"Mathias Bynens","email":"mathias@qiwi.be","url":"https://mathiasbynens.be/"}],"repository":{"type":"git","url":"git+https://github.com/lodash/lodash.git"},"scripts":{"test":"echo \"See https://travis-ci.org/lodash/lodash-cli for testing details.\""},"dependencies":{"lodash._root":"^3.0.0","lodash.repeat":"^3.0.0"},"bugs":{"url":"https://github.com/lodash/lodash/issues"},"_id":"lodash.padend@4.1.0","_shasum":"5abe5d7d76e55e0365a25e638bf29ca2c6b1d36e","_from":".","_npmVersion":"2.14.18","_nodeVersion":"5.5.0","_npmUser":{"name":"jdalton","email":"john.david.dalton@gmail.com"},"dist":{"shasum":"5abe5d7d76e55e0365a25e638bf29ca2c6b1d36e","tarball":"https://registry.npmjs.org/lodash.padend/-/lodash.padend-4.1.0.tgz"},"maintainers":[{"name":"jdalton","email":"john.david.dalton@gmail.com"},{"name":"mathias","email":"mathias@qiwi.be"},{"name":"phated","email":"blaine.bublitz@gmail.com"}],"_npmOperationalInternal":{"host":"packages-5-east.internal.npmjs.com","tmp":"tmp/lodash.padend-4.1.0.tgz_1454898536923_0.8940747743472457"},"directories":{}},"4.1.1":{"name":"lodash.padend","version":"4.1.1","description":"The lodash method `_.padEnd` exported as a module.","homepage":"https://lodash.com/","icon":"https://lodash.com/icon.svg","license":"MIT","keywords":["lodash-modularized","padend"],"author":{"name":"John-David Dalton","email":"john.david.dalton@gmail.com","url":"http://allyoucanleet.com/"},"contributors":[{"name":"John-David Dalton","email":"john.david.dalton@gmail.com","url":"http://allyoucanleet.com/"},{"name":"Blaine Bublitz","email":"blaine@iceddev.com","url":"https://github.com/phated"},{"name":"Mathias Bynens","email":"mathias@qiwi.be","url":"https://mathiasbynens.be/"}],"repository":{"type":"git","url":"git+https://github.com/lodash/lodash.git"},"scripts":{"test":"echo \"See https://travis-ci.org/lodash/lodash-cli for testing details.\""},"dependencies":{"lodash.repeat":"^3.0.0","lodash.tostring":"^4.0.0"},"bugs":{"url":"https://github.com/lodash/lodash/issues"},"_id":"lodash.padend@4.1.1","_shasum":"e87282c3526885b1605468a65cf2efcf62447d6c","_from":".","_npmVersion":"2.14.18","_nodeVersion":"5.5.0","_npmUser":{"name":"jdalton","email":"john.david.dalton@gmail.com"},"dist":{"shasum":"e87282c3526885b1605468a65cf2efcf62447d6c","tarball":"https://registry.npmjs.org/lodash.padend/-/lodash.padend-4.1.1.tgz"},"maintainers":[{"name":"jdalton","email":"john.david.dalton@gmail.com"},{"name":"mathias","email":"mathias@qiwi.be"},{"name":"phated","email":"blaine.bublitz@gmail.com"}],"_npmOperationalInternal":{"host":"packages-6-west.internal.npmjs.com","tmp":"tmp/lodash.padend-4.1.1.tgz_1455602589410_0.20521375886164606"},"directories":{}},"4.2.0":{"name":"lodash.padend","version":"4.2.0","description":"The lodash method `_.padEnd` exported as a module.","homepage":"https://lodash.com/","icon":"https://lodash.com/icon.svg","license":"MIT","keywords":["lodash-modularized","padend"],"author":{"name":"John-David Dalton","email":"john.david.dalton@gmail.com","url":"http://allyoucanleet.com/"},"contributors":[{"name":"John-David Dalton","email":"john.david.dalton@gmail.com","url":"http://allyoucanleet.com/"},{"name":"Blaine Bublitz","email":"blaine@iceddev.com","url":"https://github.com/phated"},{"name":"Mathias Bynens","email":"mathias@qiwi.be","url":"https://mathiasbynens.be/"}],"repository":{"type":"git","url":"git+https://github.com/lodash/lodash.git"},"scripts":{"test":"echo \"See https://travis-ci.org/lodash/lodash-cli for testing details.\""},"dependencies":{"lodash.repeat":"^4.0.0","lodash.tostring":"^4.0.0"},"bugs":{"url":"https://github.com/lodash/lodash/issues"},"_id":"lodash.padend@4.2.0","_shasum":"b84e8c3401d4538055c6e321a51e3aee19881a18","_from":".","_npmVersion":"2.14.18","_nodeVersion":"5.5.0","_npmUser":{"name":"jdalton","email":"john.david.dalton@gmail.com"},"dist":{"shasum":"b84e8c3401d4538055c6e321a51e3aee19881a18","tarball":"https://registry.npmjs.org/lodash.padend/-/lodash.padend-4.2.0.tgz"},"maintainers":[{"name":"jdalton","email":"john.david.dalton@gmail.com"},{"name":"mathias","email":"mathias@qiwi.be"},{"name":"phated","email":"blaine.bublitz@gmail.com"}],"_npmOperationalInternal":{"host":"packages-6-west.internal.npmjs.com","tmp":"tmp/lodash.padend-4.2.0.tgz_1455615519416_0.9670630963519216"},"directories":{}},"4.3.0":{"name":"lodash.padend","version":"4.3.0","description":"The lodash method `_.padEnd` exported as a module.","homepage":"https://lodash.com/","icon":"https://lodash.com/icon.svg","license":"MIT","keywords":["lodash-modularized","padend"],"author":{"name":"John-David Dalton","email":"john.david.dalton@gmail.com","url":"http://allyoucanleet.com/"},"contributors":[{"name":"John-David Dalton","email":"john.david.dalton@gmail.com","url":"http://allyoucanleet.com/"},{"name":"Blaine Bublitz","email":"blaine.bublitz@gmail.com","url":"https://github.com/phated"},{"name":"Mathias Bynens","email":"mathias@qiwi.be","url":"https://mathiasbynens.be/"}],"repository":{"type":"git","url":"git+https://github.com/lodash/lodash.git"},"scripts":{"test":"echo \"See https://travis-ci.org/lodash/lodash-cli for testing details.\""},"dependencies":{"lodash.tostring":"^4.0.0"},"bugs":{"url":"https://github.com/lodash/lodash/issues"},"_id":"lodash.padend@4.3.0","_shasum":"5333dccbcd88cdd651a05ba6e05f483ae287119f","_from":".","_npmVersion":"2.15.2","_nodeVersion":"5.9.1","_npmUser":{"name":"jdalton","email":"john.david.dalton@gmail.com"},"dist":{"shasum":"5333dccbcd88cdd651a05ba6e05f483ae287119f","tarball":"https://registry.npmjs.org/lodash.padend/-/lodash.padend-4.3.0.tgz"},"maintainers":[{"name":"jdalton","email":"john.david.dalton@gmail.com"},{"name":"mathias","email":"mathias@qiwi.be"},{"name":"phated","email":"blaine.bublitz@gmail.com"}],"_npmOperationalInternal":{"host":"packages-12-west.internal.npmjs.com","tmp":"tmp/lodash.padend-4.3.0.tgz_1459655491905_0.5355166061781347"},"directories":{}},"4.4.0":{"name":"lodash.padend","version":"4.4.0","description":"The lodash method `_.padEnd` exported as a module.","homepage":"https://lodash.com/","icon":"https://lodash.com/icon.svg","license":"MIT","keywords":["lodash-modularized","padend"],"author":{"name":"John-David Dalton","email":"john.david.dalton@gmail.com","url":"http://allyoucanleet.com/"},"contributors":[{"name":"John-David Dalton","email":"john.david.dalton@gmail.com","url":"http://allyoucanleet.com/"},{"name":"Blaine Bublitz","email":"blaine.bublitz@gmail.com","url":"https://github.com/phated"},{"name":"Mathias Bynens","email":"mathias@qiwi.be","url":"https://mathiasbynens.be/"}],"repository":{"type":"git","url":"git+https://github.com/lodash/lodash.git"},"scripts":{"test":"echo \"See https://travis-ci.org/lodash/lodash-cli for testing details.\""},"dependencies":{"lodash._baseslice":"~4.0.0","lodash.tostring":"^4.0.0"},"bugs":{"url":"https://github.com/lodash/lodash/issues"},"_id":"lodash.padend@4.4.0","_shasum":"11df267765d2438812248a2433714d663601c1f0","_from":".","_npmVersion":"2.15.3","_nodeVersion":"5.5.0","_npmUser":{"name":"jdalton","email":"john.david.dalton@gmail.com"},"dist":{"shasum":"11df267765d2438812248a2433714d663601c1f0","tarball":"https://registry.npmjs.org/lodash.padend/-/lodash.padend-4.4.0.tgz"},"maintainers":[{"name":"jdalton","email":"john.david.dalton@gmail.com"},{"name":"mathias","email":"mathias@qiwi.be"},{"name":"phated","email":"blaine.bublitz@gmail.com"}],"_npmOperationalInternal":{"host":"packages-12-west.internal.npmjs.com","tmp":"tmp/lodash.padend-4.4.0.tgz_1460393796810_0.4637304802890867"},"directories":{}},"4.5.0":{"name":"lodash.padend","version":"4.5.0","description":"The lodash method `_.padEnd` exported as a module.","homepage":"https://lodash.com/","icon":"https://lodash.com/icon.svg","license":"MIT","keywords":["lodash-modularized","padend"],"author":{"name":"John-David Dalton","email":"john.david.dalton@gmail.com","url":"http://allyoucanleet.com/"},"contributors":[{"name":"John-David Dalton","email":"john.david.dalton@gmail.com","url":"http://allyoucanleet.com/"},{"name":"Blaine Bublitz","email":"blaine.bublitz@gmail.com","url":"https://github.com/phated"},{"name":"Mathias Bynens","email":"mathias@qiwi.be","url":"https://mathiasbynens.be/"}],"repository":{"type":"git","url":"git+https://github.com/lodash/lodash.git"},"scripts":{"test":"echo \"See https://travis-ci.org/lodash/lodash-cli for testing details.\""},"dependencies":{"lodash._baseslice":"~4.0.0","lodash._basetostring":"~4.12.0","lodash.tostring":"^4.0.0"},"bugs":{"url":"https://github.com/lodash/lodash/issues"},"_id":"lodash.padend@4.5.0","_shasum":"a289e9377ee2e6de8ba7f11f3a8eb326070b7619","_from":".","_npmVersion":"2.15.5","_nodeVersion":"5.5.0","_npmUser":{"name":"jdalton","email":"john.david.dalton@gmail.com"},"dist":{"shasum":"a289e9377ee2e6de8ba7f11f3a8eb326070b7619","tarball":"https://registry.npmjs.org/lodash.padend/-/lodash.padend-4.5.0.tgz"},"maintainers":[{"name":"jdalton","email":"john.david.dalton@gmail.com"},{"name":"mathias","email":"mathias@qiwi.be"},{"name":"phated","email":"blaine.bublitz@gmail.com"}],"_npmOperationalInternal":{"host":"packages-12-west.internal.npmjs.com","tmp":"tmp/lodash.padend-4.5.0.tgz_1463062451966_0.5034168094862252"},"directories":{}},"4.6.0":{"name":"lodash.padend","version":"4.6.0","description":"The lodash method `_.padEnd` exported as a module.","homepage":"https://lodash.com/","icon":"https://lodash.com/icon.svg","license":"MIT","keywords":["lodash-modularized","padend"],"author":{"name":"John-David Dalton","email":"john.david.dalton@gmail.com","url":"http://allyoucanleet.com/"},"contributors":[{"name":"John-David Dalton","email":"john.david.dalton@gmail.com","url":"http://allyoucanleet.com/"},{"name":"Blaine Bublitz","email":"blaine.bublitz@gmail.com","url":"https://github.com/phated"},{"name":"Mathias Bynens","email":"mathias@qiwi.be","url":"https://mathiasbynens.be/"}],"repository":{"type":"git","url":"git+https://github.com/lodash/lodash.git"},"scripts":{"test":"echo \"See https://travis-ci.org/lodash/lodash-cli for testing details.\""},"bugs":{"url":"https://github.com/lodash/lodash/issues"},"_id":"lodash.padend@4.6.0","_shasum":"3219df57bf056582621018342c9753fc5bb75905","_from":".","_npmVersion":"2.15.9","_nodeVersion":"4.2.4","_npmUser":{"name":"jdalton","email":"john.david.dalton@gmail.com"},"dist":{"shasum":"3219df57bf056582621018342c9753fc5bb75905","tarball":"https://registry.npmjs.org/lodash.padend/-/lodash.padend-4.6.0.tgz"},"maintainers":[{"name":"jdalton","email":"john.david.dalton@gmail.com"},{"name":"mathias","email":"mathias@qiwi.be"},{"name":"phated","email":"blaine.bublitz@gmail.com"}],"_npmOperationalInternal":{"host":"packages-16-east.internal.npmjs.com","tmp":"tmp/lodash.padend-4.6.0.tgz_1469458130563_0.22745295520871878"},"directories":{}},"4.6.1":{"name":"lodash.padend","version":"4.6.1","description":"The lodash method `_.padEnd` exported as a module.","homepage":"https://lodash.com/","icon":"https://lodash.com/icon.svg","license":"MIT","keywords":["lodash-modularized","padend"],"author":{"name":"John-David Dalton","email":"john.david.dalton@gmail.com","url":"http://allyoucanleet.com/"},"contributors":[{"name":"John-David Dalton","email":"john.david.dalton@gmail.com","url":"http://allyoucanleet.com/"},{"name":"Blaine Bublitz","email":"blaine.bublitz@gmail.com","url":"https://github.com/phated"},{"name":"Mathias Bynens","email":"mathias@qiwi.be","url":"https://mathiasbynens.be/"}],"repository":{"type":"git","url":"git+https://github.com/lodash/lodash.git"},"scripts":{"test":"echo \"See https://travis-ci.org/lodash/lodash-cli for testing details.\""},"bugs":{"url":"https://github.com/lodash/lodash/issues"},"_id":"lodash.padend@4.6.1","_shasum":"53ccba047d06e158d311f45da625f4e49e6f166e","_from":".","_npmVersion":"2.15.10","_nodeVersion":"4.4.7","_npmUser":{"name":"jdalton","email":"john.david.dalton@gmail.com"},"dist":{"shasum":"53ccba047d06e158d311f45da625f4e49e6f166e","tarball":"https://registry.npmjs.org/lodash.padend/-/lodash.padend-4.6.1.tgz"},"maintainers":[{"name":"jdalton","email":"john.david.dalton@gmail.com"},{"name":"mathias","email":"mathias@qiwi.be"},{"name":"phated","email":"blaine.bublitz@gmail.com"}],"_npmOperationalInternal":{"host":"packages-12-west.internal.npmjs.com","tmp":"tmp/lodash.padend-4.6.1.tgz_1471110190068_0.5440695930738002"},"directories":{}}},"readme":"# lodash.padend v4.6.1\n\nThe [lodash](https://lodash.com/) method `_.padEnd` exported as a [Node.js](https://nodejs.org/) module.\n\n## Installation\n\nUsing npm:\n```bash\n$ {sudo -H} npm i -g npm\n$ npm i --save lodash.padend\n```\n\nIn Node.js:\n```js\nvar padEnd = require('lodash.padend');\n```\n\nSee the [documentation](https://lodash.com/docs#padEnd) or [package source](https://github.com/lodash/lodash/blob/4.6.1-npm-packages/lodash.padend) for more details.\n","maintainers":[{"name":"jdalton","email":"john.david.dalton@gmail.com"},{"name":"mathias","email":"mathias@qiwi.be"}],"time":{"modified":"2016-10-06T16:50:07.778Z","created":"2016-01-13T11:10:22.057Z","4.0.0":"2016-01-13T11:10:22.057Z","4.0.1":"2016-01-26T08:54:30.793Z","4.0.2":"2016-02-03T07:30:28.529Z","4.1.0":"2016-02-08T02:28:59.318Z","4.1.1":"2016-02-16T06:03:11.286Z","4.2.0":"2016-02-16T09:38:41.314Z","4.3.0":"2016-04-03T03:51:32.588Z","4.4.0":"2016-04-11T16:56:39.073Z","4.5.0":"2016-05-12T14:14:12.471Z","4.6.0":"2016-07-25T14:48:53.803Z","4.6.1":"2016-08-13T17:43:10.296Z"},"homepage":"https://lodash.com/","keywords":["lodash-modularized","padend"],"repository":{"type":"git","url":"git+https://github.com/lodash/lodash.git"},"contributors":[{"name":"John-David Dalton","email":"john.david.dalton@gmail.com","url":"http://allyoucanleet.com/"},{"name":"Blaine Bublitz","email":"blaine.bublitz@gmail.com","url":"https://github.com/phated"},{"name":"Mathias Bynens","email":"mathias@qiwi.be","url":"https://mathiasbynens.be/"}],"author":{"name":"John-David Dalton","email":"john.david.dalton@gmail.com","url":"http://allyoucanleet.com/"},"bugs":{"url":"https://github.com/lodash/lodash/issues"},"license":"MIT","readmeFilename":"README.md","_attachments":{},"_etag":"W/\"c7f82f4ba35dc5f4c71d41c23fdfa85b\"","_lastModified":"Sun, 27 May 2018 06:58:51 GMT"}