{"_id":"fstream-ignore","_rev":"37-3a28464bbfce1fbe4069497d0c5c79fe","name":"fstream-ignore","description":"A thing for ignoring files based on globs","dist-tags":{"latest":"1.0.5"},"versions":{"0.0.1":{"author":{"name":"Isaac Z. Schlueter","email":"i@izs.me","url":"http://blog.izs.me/"},"name":"fstream-ignore","description":"A thing for ignoring files based on globs","version":"0.0.1","repository":{"type":"git","url":"git://github.com/isaacs/fstream-ignore.git"},"main":"ignore.js","scripts":{"test":"tap test"},"dependencies":{"minimatch":"~0.2.0","fstream":"~0.1.14","inherits":"~1.0.0"},"devDependencies":{"tap":""},"_npmUser":{"name":"isaacs","email":"i@izs.me"},"_id":"fstream-ignore@0.0.1","optionalDependencies":{},"engines":{"node":"*"},"_engineSupported":true,"_npmVersion":"1.1.10","_nodeVersion":"v0.7.7-pre","_defaultsLoaded":true,"dist":{"shasum":"ac1b143df4298fd517eea48a7e8aa2fa0dee3ec4","tarball":"https://registry.npmjs.org/fstream-ignore/-/fstream-ignore-0.0.1.tgz"},"maintainers":[{"name":"isaacs","email":"i@izs.me"}],"directories":{}},"0.0.2":{"author":{"name":"Isaac Z. Schlueter","email":"i@izs.me","url":"http://blog.izs.me/"},"name":"fstream-ignore","description":"A thing for ignoring files based on globs","version":"0.0.2","repository":{"type":"git","url":"git://github.com/isaacs/fstream-ignore.git"},"main":"ignore.js","scripts":{"test":"tap test/*.js"},"dependencies":{"minimatch":"~0.2.0","fstream":"~0.1.15","inherits":"~1.0.0"},"devDependencies":{"tap":"","rimraf":"","mkdirp":""},"_npmUser":{"name":"isaacs","email":"i@izs.me"},"_id":"fstream-ignore@0.0.2","optionalDependencies":{},"engines":{"node":"*"},"_engineSupported":true,"_npmVersion":"1.1.12","_nodeVersion":"v0.7.7-pre","_defaultsLoaded":true,"dist":{"shasum":"f4675ab1ffaa715e44b2fba5b0d63029b1d9a996","tarball":"https://registry.npmjs.org/fstream-ignore/-/fstream-ignore-0.0.2.tgz"},"maintainers":[{"name":"isaacs","email":"i@izs.me"}],"directories":{}},"0.0.3":{"author":{"name":"Isaac Z. Schlueter","email":"i@izs.me","url":"http://blog.izs.me/"},"name":"fstream-ignore","description":"A thing for ignoring files based on globs","version":"0.0.3","repository":{"type":"git","url":"git://github.com/isaacs/fstream-ignore.git"},"main":"ignore.js","scripts":{"test":"tap test/*.js"},"dependencies":{"minimatch":"~0.2.0","fstream":"~0.1.15","inherits":"~1.0.0"},"devDependencies":{"tap":"","rimraf":"","mkdirp":""},"_npmUser":{"name":"isaacs","email":"i@izs.me"},"_id":"fstream-ignore@0.0.3","optionalDependencies":{},"engines":{"node":"*"},"_engineSupported":true,"_npmVersion":"1.1.12","_nodeVersion":"v0.7.7-pre","_defaultsLoaded":true,"dist":{"shasum":"b26eb753bad98dba49fdb8080ecd7ea3486e57f7","tarball":"https://registry.npmjs.org/fstream-ignore/-/fstream-ignore-0.0.3.tgz"},"maintainers":[{"name":"isaacs","email":"i@izs.me"}],"directories":{}},"0.0.4":{"author":{"name":"Isaac Z. Schlueter","email":"i@izs.me","url":"http://blog.izs.me/"},"name":"fstream-ignore","description":"A thing for ignoring files based on globs","version":"0.0.4","repository":{"type":"git","url":"git://github.com/isaacs/fstream-ignore.git"},"main":"ignore.js","scripts":{"test":"tap test/*.js"},"dependencies":{"minimatch":"~0.2.0","fstream":"~0.1.15","inherits":"~1.0.0"},"devDependencies":{"tap":"","rimraf":"","mkdirp":""},"_npmUser":{"name":"isaacs","email":"i@izs.me"},"_id":"fstream-ignore@0.0.4","optionalDependencies":{},"engines":{"node":"*"},"_engineSupported":true,"_npmVersion":"1.1.12","_nodeVersion":"v0.7.7-pre","_defaultsLoaded":true,"dist":{"shasum":"4be197d2457b675d35cf98526abe5f7529d56ea4","tarball":"https://registry.npmjs.org/fstream-ignore/-/fstream-ignore-0.0.4.tgz"},"maintainers":[{"name":"isaacs","email":"i@izs.me"}],"directories":{}},"0.0.5":{"author":{"name":"Isaac Z. Schlueter","email":"i@izs.me","url":"http://blog.izs.me/"},"name":"fstream-ignore","description":"A thing for ignoring files based on globs","version":"0.0.5","repository":{"type":"git","url":"git://github.com/isaacs/fstream-ignore.git"},"main":"ignore.js","scripts":{"test":"tap test/*.js"},"dependencies":{"minimatch":"~0.2.0","fstream":"~0.1.17","inherits":"~1.0.0"},"devDependencies":{"tap":"","rimraf":"","mkdirp":""},"_npmUser":{"name":"isaacs","email":"i@izs.me"},"_id":"fstream-ignore@0.0.5","optionalDependencies":{},"engines":{"node":"*"},"_engineSupported":true,"_npmVersion":"1.1.12","_nodeVersion":"v0.7.7-pre","_defaultsLoaded":true,"dist":{"shasum":"054e6efb613bad5f71a7a5c031e15a6a9c8f075c","tarball":"https://registry.npmjs.org/fstream-ignore/-/fstream-ignore-0.0.5.tgz"},"maintainers":[{"name":"isaacs","email":"i@izs.me"}],"directories":{}},"0.0.6":{"author":{"name":"Isaac Z. Schlueter","email":"i@izs.me","url":"http://blog.izs.me/"},"name":"fstream-ignore","description":"A thing for ignoring files based on globs","version":"0.0.6","repository":{"type":"git","url":"git://github.com/isaacs/fstream-ignore.git"},"main":"ignore.js","scripts":{"test":"tap test/*.js"},"dependencies":{"minimatch":"~0.2.0","fstream":"~0.1.17","inherits":"~1.0.0"},"devDependencies":{"tap":"","rimraf":"","mkdirp":""},"license":"BSD","_id":"fstream-ignore@0.0.6","dist":{"shasum":"06506aedfa1f4106bde3c02a2e5f546e85afb9c7","tarball":"https://registry.npmjs.org/fstream-ignore/-/fstream-ignore-0.0.6.tgz"},"_from":".","_npmVersion":"1.2.1","_npmUser":{"name":"isaacs","email":"i@izs.me"},"maintainers":[{"name":"isaacs","email":"i@izs.me"}],"directories":{}},"0.0.7":{"author":{"name":"Isaac Z. Schlueter","email":"i@izs.me","url":"http://blog.izs.me/"},"name":"fstream-ignore","description":"A thing for ignoring files based on globs","version":"0.0.7","repository":{"type":"git","url":"git://github.com/isaacs/fstream-ignore.git"},"main":"ignore.js","scripts":{"test":"tap test/*.js"},"dependencies":{"minimatch":"~0.2.0","fstream":"~0.1.17","inherits":"2"},"devDependencies":{"tap":"","rimraf":"","mkdirp":""},"license":"BSD","bugs":{"url":"https://github.com/isaacs/fstream-ignore/issues"},"_id":"fstream-ignore@0.0.7","dist":{"shasum":"eea3033f0c3728139de7b57ab1b0d6d89c353c63","tarball":"https://registry.npmjs.org/fstream-ignore/-/fstream-ignore-0.0.7.tgz"},"_from":".","_npmVersion":"1.2.23","_npmUser":{"name":"isaacs","email":"i@izs.me"},"maintainers":[{"name":"isaacs","email":"i@izs.me"}],"directories":{}},"0.0.8":{"author":{"name":"Isaac Z. Schlueter","email":"i@izs.me","url":"http://blog.izs.me/"},"name":"fstream-ignore","description":"A thing for ignoring files based on globs","version":"0.0.8","repository":{"type":"git","url":"git://github.com/isaacs/fstream-ignore.git"},"main":"ignore.js","scripts":{"test":"tap test/*.js"},"dependencies":{"fstream":"~0.1.17","inherits":"2","minimatch":"^0.3.0"},"devDependencies":{"tap":"","rimraf":"","mkdirp":""},"license":"BSD","gitHead":"8dfc936e8b2d25c0d82042b73a22c659e6e69a1e","bugs":{"url":"https://github.com/isaacs/fstream-ignore/issues"},"homepage":"https://github.com/isaacs/fstream-ignore","_id":"fstream-ignore@0.0.8","_shasum":"cc4830fb9963178be5d9eb37569a4a0785cf9e53","_from":".","_npmVersion":"1.4.10","_npmUser":{"name":"isaacs","email":"i@izs.me"},"maintainers":[{"name":"isaacs","email":"i@izs.me"}],"dist":{"shasum":"cc4830fb9963178be5d9eb37569a4a0785cf9e53","tarball":"https://registry.npmjs.org/fstream-ignore/-/fstream-ignore-0.0.8.tgz"},"directories":{}},"0.0.9":{"author":{"name":"Isaac Z. Schlueter","email":"i@izs.me","url":"http://blog.izs.me/"},"name":"fstream-ignore","description":"A thing for ignoring files based on globs","version":"0.0.9","repository":{"type":"git","url":"git://github.com/isaacs/fstream-ignore.git"},"main":"ignore.js","scripts":{"test":"tap test/*.js"},"dependencies":{"fstream":"~0.1.17","inherits":"2","minimatch":"^0.3.0"},"devDependencies":{"tap":"","rimraf":"","mkdirp":""},"license":"BSD","gitHead":"6e3a0608fd710938e6d160bfdf180949741bcad7","bugs":{"url":"https://github.com/isaacs/fstream-ignore/issues"},"homepage":"https://github.com/isaacs/fstream-ignore","_id":"fstream-ignore@0.0.9","_shasum":"7f1c0ca05ca45e3b55fbed9750d320a9eea24a90","_from":".","_npmVersion":"1.5.0-alpha-1","_npmUser":{"name":"isaacs","email":"i@izs.me"},"maintainers":[{"name":"isaacs","email":"i@izs.me"}],"dist":{"shasum":"7f1c0ca05ca45e3b55fbed9750d320a9eea24a90","tarball":"https://registry.npmjs.org/fstream-ignore/-/fstream-ignore-0.0.9.tgz"},"directories":{}},"0.0.10":{"author":{"name":"Isaac Z. Schlueter","email":"i@izs.me","url":"http://blog.izs.me/"},"name":"fstream-ignore","description":"A thing for ignoring files based on globs","version":"0.0.10","repository":{"type":"git","url":"git://github.com/isaacs/fstream-ignore.git"},"main":"ignore.js","scripts":{"test":"tap test/*.js"},"dependencies":{"fstream":"~0.1.17","inherits":"2","minimatch":"^0.3.0"},"devDependencies":{"tap":"","rimraf":"","mkdirp":""},"license":"ISC","gitHead":"f96a6aad442bea9763d5a59b1117d770f2e8385d","bugs":{"url":"https://github.com/isaacs/fstream-ignore/issues"},"homepage":"https://github.com/isaacs/fstream-ignore","_id":"fstream-ignore@0.0.10","_shasum":"b10f8f522cc55415f80b41f7d3a32e6cba254e8c","_from":".","_npmVersion":"1.5.0-alpha-1","_npmUser":{"name":"isaacs","email":"i@izs.me"},"maintainers":[{"name":"isaacs","email":"i@izs.me"}],"dist":{"shasum":"b10f8f522cc55415f80b41f7d3a32e6cba254e8c","tarball":"https://registry.npmjs.org/fstream-ignore/-/fstream-ignore-0.0.10.tgz"},"directories":{}},"1.0.0":{"author":{"name":"Isaac Z. Schlueter","email":"i@izs.me","url":"http://blog.izs.me/"},"name":"fstream-ignore","description":"A thing for ignoring files based on globs","version":"1.0.0","repository":{"type":"git","url":"git://github.com/isaacs/fstream-ignore.git"},"main":"ignore.js","scripts":{"test":"tap test/*.js"},"dependencies":{"fstream":"~0.1.17","inherits":"2","minimatch":"^1.0.0"},"devDependencies":{"tap":"","rimraf":"","mkdirp":""},"license":"ISC","gitHead":"8655abee0a6bda7010940c08d0f4a70c66bcbaf3","bugs":{"url":"https://github.com/isaacs/fstream-ignore/issues"},"homepage":"https://github.com/isaacs/fstream-ignore","_id":"fstream-ignore@1.0.0","_shasum":"4120de6926c7f9909efe8b0c9bd20e0014c97932","_from":".","_npmVersion":"1.4.22","_npmUser":{"name":"isaacs","email":"i@izs.me"},"maintainers":[{"name":"isaacs","email":"i@izs.me"}],"dist":{"shasum":"4120de6926c7f9909efe8b0c9bd20e0014c97932","tarball":"https://registry.npmjs.org/fstream-ignore/-/fstream-ignore-1.0.0.tgz"},"directories":{}},"1.0.1":{"author":{"name":"Isaac Z. Schlueter","email":"i@izs.me","url":"http://blog.izs.me/"},"name":"fstream-ignore","description":"A thing for ignoring files based on globs","version":"1.0.1","repository":{"type":"git","url":"git://github.com/isaacs/fstream-ignore.git"},"main":"ignore.js","scripts":{"test":"tap test/*.js"},"dependencies":{"fstream":"^1.0.0","inherits":"2","minimatch":"^1.0.0"},"devDependencies":{"tap":"","rimraf":"","mkdirp":""},"license":"ISC","gitHead":"290f2b621fa4f8fe3eec97307d22527fa2065375","bugs":{"url":"https://github.com/isaacs/fstream-ignore/issues"},"homepage":"https://github.com/isaacs/fstream-ignore","_id":"fstream-ignore@1.0.1","_shasum":"153df36c4fa2cb006fb915dc71ac9d75f6a17c82","_from":".","_npmVersion":"1.4.22","_npmUser":{"name":"isaacs","email":"i@izs.me"},"maintainers":[{"name":"isaacs","email":"i@izs.me"}],"dist":{"shasum":"153df36c4fa2cb006fb915dc71ac9d75f6a17c82","tarball":"https://registry.npmjs.org/fstream-ignore/-/fstream-ignore-1.0.1.tgz"},"directories":{}},"1.0.2":{"author":{"name":"Isaac Z. Schlueter","email":"i@izs.me","url":"http://blog.izs.me/"},"name":"fstream-ignore","description":"A thing for ignoring files based on globs","version":"1.0.2","repository":{"type":"git","url":"git://github.com/isaacs/fstream-ignore.git"},"main":"ignore.js","scripts":{"test":"tap test/*.js"},"dependencies":{"fstream":"^1.0.0","inherits":"2","minimatch":"^2.0.1"},"devDependencies":{"tap":"","rimraf":"","mkdirp":""},"license":"ISC","gitHead":"20363d39660671c0de746bd07a0d07de7090d085","bugs":{"url":"https://github.com/isaacs/fstream-ignore/issues"},"homepage":"https://github.com/isaacs/fstream-ignore","_id":"fstream-ignore@1.0.2","_shasum":"18c891db01b782a74a7bff936a0f24997741c7ab","_from":".","_npmVersion":"2.1.11","_nodeVersion":"0.10.16","_npmUser":{"name":"isaacs","email":"i@izs.me"},"maintainers":[{"name":"isaacs","email":"i@izs.me"}],"dist":{"shasum":"18c891db01b782a74a7bff936a0f24997741c7ab","tarball":"https://registry.npmjs.org/fstream-ignore/-/fstream-ignore-1.0.2.tgz"},"directories":{}},"1.0.3":{"author":{"name":"Isaac Z. Schlueter","email":"i@izs.me","url":"http://blog.izs.me/"},"name":"fstream-ignore","description":"A thing for ignoring files based on globs","version":"1.0.3","repository":{"type":"git","url":"git://github.com/isaacs/fstream-ignore.git"},"main":"ignore.js","scripts":{"test":"tap test/*.js"},"dependencies":{"fstream":"^1.0.0","inherits":"2","minimatch":"^3.0.0"},"devDependencies":{"mkdirp":"","rimraf":"","tap":"^2.2.0"},"license":"ISC","gitHead":"86c835eef61049496003f6b90c1e6c1236c92d6a","bugs":{"url":"https://github.com/isaacs/fstream-ignore/issues"},"homepage":"https://github.com/isaacs/fstream-ignore#readme","_id":"fstream-ignore@1.0.3","_shasum":"4c74d91fa88b22b42f4f86a18a2820dd79d8fcdd","_from":".","_npmVersion":"2.14.8","_nodeVersion":"4.2.1","_npmUser":{"name":"othiym23","email":"ogd@aoaioxxysz.net"},"dist":{"shasum":"4c74d91fa88b22b42f4f86a18a2820dd79d8fcdd","tarball":"https://registry.npmjs.org/fstream-ignore/-/fstream-ignore-1.0.3.tgz"},"maintainers":[{"name":"isaacs","email":"isaacs@npmjs.com"},{"name":"othiym23","email":"ogd@aoaioxxysz.net"}],"directories":{}},"1.0.4":{"author":{"name":"Isaac Z. Schlueter","email":"i@izs.me","url":"http://blog.izs.me/"},"name":"fstream-ignore","description":"A thing for ignoring files based on globs","version":"1.0.4","repository":{"type":"git","url":"git://github.com/isaacs/fstream-ignore.git"},"main":"ignore.js","scripts":{"test":"tap test/*.js --cov"},"dependencies":{"fstream":"^1.0.0","inherits":"2","minimatch":"^3.0.0"},"devDependencies":{"mkdirp":"","rimraf":"","tap":"^5.7.1"},"license":"ISC","files":["ignore.js"],"gitHead":"540e0e62f311daa1599fb1c4e00fe9a9e3dfc1d6","bugs":{"url":"https://github.com/isaacs/fstream-ignore/issues"},"homepage":"https://github.com/isaacs/fstream-ignore#readme","_id":"fstream-ignore@1.0.4","_shasum":"460ecc78a606b7c660d40a05b1cc5de4305489c3","_from":".","_npmVersion":"3.8.5","_nodeVersion":"5.6.0","_npmUser":{"name":"isaacs","email":"i@izs.me"},"dist":{"shasum":"460ecc78a606b7c660d40a05b1cc5de4305489c3","tarball":"https://registry.npmjs.org/fstream-ignore/-/fstream-ignore-1.0.4.tgz"},"maintainers":[{"name":"isaacs","email":"i@izs.me"},{"name":"othiym23","email":"ogd@aoaioxxysz.net"},{"name":"zkat","email":"kat@sykosomatic.org"}],"_npmOperationalInternal":{"host":"packages-16-east.internal.npmjs.com","tmp":"tmp/fstream-ignore-1.0.4.tgz_1462150478255_0.5392227091360837"},"directories":{}},"1.0.5":{"author":{"name":"Isaac Z. Schlueter","email":"i@izs.me","url":"http://blog.izs.me/"},"name":"fstream-ignore","description":"A thing for ignoring files based on globs","version":"1.0.5","repository":{"type":"git","url":"git://github.com/isaacs/fstream-ignore.git"},"main":"ignore.js","scripts":{"test":"tap test/*.js --cov"},"dependencies":{"fstream":"^1.0.0","inherits":"2","minimatch":"^3.0.0"},"devDependencies":{"mkdirp":"","rimraf":"","tap":"^5.7.1"},"license":"ISC","files":["ignore.js"],"gitHead":"1438a1a2c25fee71327c36c86de787a14a53ffd4","bugs":{"url":"https://github.com/isaacs/fstream-ignore/issues"},"homepage":"https://github.com/isaacs/fstream-ignore#readme","_id":"fstream-ignore@1.0.5","_shasum":"9c31dae34767018fe1d249b24dada67d092da105","_from":".","_npmVersion":"3.9.1","_nodeVersion":"5.10.1","_npmUser":{"name":"zkat","email":"kat@sykosomatic.org"},"dist":{"shasum":"9c31dae34767018fe1d249b24dada67d092da105","tarball":"https://registry.npmjs.org/fstream-ignore/-/fstream-ignore-1.0.5.tgz"},"maintainers":[{"name":"isaacs","email":"i@izs.me"},{"name":"othiym23","email":"ogd@aoaioxxysz.net"},{"name":"zkat","email":"kat@sykosomatic.org"}],"_npmOperationalInternal":{"host":"packages-12-west.internal.npmjs.com","tmp":"tmp/fstream-ignore-1.0.5.tgz_1463518095640_0.10221575922332704"},"directories":{}}},"readme":"# fstream-ignore\n\nA fstream DirReader that filters out files that match globs in `.ignore`\nfiles throughout the tree, like how git ignores files based on a\n`.gitignore` file.\n\nHere's an example:\n\n```javascript\nvar Ignore = require(\"fstream-ignore\")\nIgnore({ path: __dirname\n       , ignoreFiles: [\".ignore\", \".gitignore\"]\n       })\n  .on(\"child\", function (c) {\n    console.error(c.path.substr(c.root.path.length + 1))\n  })\n  .pipe(tar.Pack())\n  .pipe(fs.createWriteStream(\"foo.tar\"))\n```\n\nThis will tar up the files in __dirname into `foo.tar`, ignoring\nanything matched by the globs in any .iginore or .gitignore file.\n","maintainers":[{"email":"kzm@sykosomatic.org","name":"zkat"},{"email":"ogd@aoaioxxysz.net","name":"othiym23"},{"email":"i@izs.me","name":"isaacs"}],"time":{"modified":"2017-10-13T22:50:13.382Z","created":"2012-03-22T06:05:21.833Z","0.0.1":"2012-03-22T06:05:23.323Z","0.0.2":"2012-03-26T21:37:33.128Z","0.0.3":"2012-03-27T06:38:38.007Z","0.0.4":"2012-03-27T20:17:58.489Z","0.0.5":"2012-03-27T20:45:31.749Z","0.0.6":"2013-01-17T17:09:08.879Z","0.0.7":"2013-05-29T00:35:12.452Z","0.0.8":"2014-05-19T22:11:40.653Z","0.0.9":"2014-07-11T21:01:59.012Z","0.0.10":"2014-07-11T21:02:26.074Z","1.0.0":"2014-07-31T22:09:16.310Z","1.0.1":"2014-07-31T22:39:28.231Z","1.0.2":"2014-12-03T08:06:48.760Z","1.0.3":"2015-10-29T04:12:06.042Z","1.0.4":"2016-05-02T00:54:40.467Z","1.0.5":"2016-05-17T20:48:16.244Z"},"author":{"name":"Isaac Z. Schlueter","email":"i@izs.me","url":"http://blog.izs.me/"},"repository":{"type":"git","url":"git://github.com/isaacs/fstream-ignore.git"},"homepage":"https://github.com/isaacs/fstream-ignore#readme","bugs":{"url":"https://github.com/isaacs/fstream-ignore/issues"},"license":"ISC","readmeFilename":"README.md","_attachments":{},"_etag":"W/\"d877825e86355b3ef018d479a7e5606f\"","_lastModified":"Sun, 27 May 2018 01:18:32 GMT"}