{"_id":"lodash.without","_rev":"44-65c298f4434699cb5f67f0885376d16b","name":"lodash.without","description":"The lodash method `_.without` exported as a module.","dist-tags":{"latest":"4.4.0"},"versions":{"2.0.0":{"name":"lodash.without","version":"2.0.0","description":"The Lo-Dash function `_.without` as a Node.js module generated by lodash-cli.","homepage":"http://lodash.com/custom-builds","license":"MIT","keywords":["customize","functional","lodash","performance","speed","util"],"author":{"name":"John-David Dalton","email":"john.david.dalton@gmail.com","url":"http://allyoucanleet.com/"},"contributors":[{"name":"John-David Dalton","email":"john.david.dalton@gmail.com","url":"http://allyoucanleet.com/"},{"name":"Blaine Bublitz","email":"blaine@iceddev.com","url":"http://iceddev.com/"},{"name":"Kit Cambridge","email":"github@kitcambridge.be","url":"http://kitcambridge.be/"},{"name":"Mathias Bynens","email":"mathias@qiwi.be","url":"http://mathiasbynens.be/"}],"bugs":{"url":"https://github.com/lodash/lodash-cli/issues"},"repository":{"type":"git","url":"https://github.com/lodash/lodash-cli.git"},"dependencies":{"lodash.difference":"~2.0.0"},"_id":"lodash.without@2.0.0","dist":{"shasum":"5babd5ee545d0dd5064b7c7cf93ba932afe44f81","tarball":"https://registry.npmjs.org/lodash.without/-/lodash.without-2.0.0.tgz"},"_from":".","_npmVersion":"1.3.8","_npmUser":{"name":"jdalton","email":"john.david.dalton@gmail.com"},"maintainers":[{"name":"jdalton","email":"john.david.dalton@gmail.com"},{"name":"kitcambridge","email":"github@kitcambridge.be"},{"name":"mathias","email":"mathias@qiwi.be"},{"name":"phated","email":"blaine@iceddev.com"}],"directories":{}},"2.1.0":{"name":"lodash.without","version":"2.1.0","description":"The Lo-Dash function `_.without` as a Node.js module generated by lodash-cli.","homepage":"http://lodash.com/custom-builds","license":"MIT","keywords":["functional","lodash","lodash-modularized","performance","speed","util"],"author":{"name":"John-David Dalton","email":"john.david.dalton@gmail.com","url":"http://allyoucanleet.com/"},"contributors":[{"name":"John-David Dalton","email":"john.david.dalton@gmail.com","url":"http://allyoucanleet.com/"},{"name":"Blaine Bublitz","email":"blaine@iceddev.com","url":"http://iceddev.com/"},{"name":"Kit Cambridge","email":"github@kitcambridge.be","url":"http://kitcambridge.be/"},{"name":"Mathias Bynens","email":"mathias@qiwi.be","url":"http://mathiasbynens.be/"}],"bugs":{"url":"https://github.com/lodash/lodash-cli/issues"},"repository":{"type":"git","url":"https://github.com/lodash/lodash-cli.git"},"dependencies":{"lodash.difference":"~2.1.0"},"_id":"lodash.without@2.1.0","dist":{"shasum":"ac8aacc452f273663e8128db3a056c8351747fbd","tarball":"https://registry.npmjs.org/lodash.without/-/lodash.without-2.1.0.tgz"},"_from":".","_npmVersion":"1.3.8","_npmUser":{"name":"jdalton","email":"john.david.dalton@gmail.com"},"maintainers":[{"name":"jdalton","email":"john.david.dalton@gmail.com"},{"name":"kitcambridge","email":"github@kitcambridge.be"},{"name":"mathias","email":"mathias@qiwi.be"},{"name":"phated","email":"blaine@iceddev.com"}],"directories":{}},"2.2.0":{"name":"lodash.without","version":"2.2.0","description":"The Lo-Dash function `_.without` as a Node.js module generated by lodash-cli.","homepage":"http://lodash.com/custom-builds","license":"MIT","keywords":["functional","lodash","lodash-modularized","performance","server","util"],"author":{"name":"John-David Dalton","email":"john.david.dalton@gmail.com","url":"http://allyoucanleet.com/"},"contributors":[{"name":"John-David Dalton","email":"john.david.dalton@gmail.com","url":"http://allyoucanleet.com/"},{"name":"Blaine Bublitz","email":"blaine@iceddev.com","url":"http://iceddev.com/"},{"name":"Kit Cambridge","email":"github@kitcambridge.be","url":"http://kitcambridge.be/"},{"name":"Mathias Bynens","email":"mathias@qiwi.be","url":"http://mathiasbynens.be/"}],"bugs":{"url":"https://github.com/lodash/lodash-cli/issues"},"repository":{"type":"git","url":"https://github.com/lodash/lodash-cli.git"},"dependencies":{"lodash.difference":"~2.2.0"},"_id":"lodash.without@2.2.0","dist":{"shasum":"9355ce26c8574e480fb0b2b42629efc91710f076","tarball":"https://registry.npmjs.org/lodash.without/-/lodash.without-2.2.0.tgz"},"_from":".","_npmVersion":"1.3.8","_npmUser":{"name":"jdalton","email":"john.david.dalton@gmail.com"},"maintainers":[{"name":"jdalton","email":"john.david.dalton@gmail.com"},{"name":"kitcambridge","email":"github@kitcambridge.be"},{"name":"mathias","email":"mathias@qiwi.be"},{"name":"phated","email":"blaine@iceddev.com"}],"directories":{}},"2.2.1":{"name":"lodash.without","version":"2.2.1","description":"The Lo-Dash function `_.without` as a Node.js module generated by lodash-cli.","homepage":"http://lodash.com/custom-builds","license":"MIT","keywords":["functional","lodash","lodash-modularized","server","util"],"author":{"name":"John-David Dalton","email":"john.david.dalton@gmail.com","url":"http://allyoucanleet.com/"},"contributors":[{"name":"John-David Dalton","email":"john.david.dalton@gmail.com","url":"http://allyoucanleet.com/"},{"name":"Blaine Bublitz","email":"blaine@iceddev.com","url":"http://iceddev.com/"},{"name":"Kit Cambridge","email":"github@kitcambridge.be","url":"http://kitcambridge.be/"},{"name":"Mathias Bynens","email":"mathias@qiwi.be","url":"http://mathiasbynens.be/"}],"bugs":{"url":"https://github.com/lodash/lodash-cli/issues"},"repository":{"type":"git","url":"https://github.com/lodash/lodash-cli.git"},"dependencies":{"lodash.difference":"~2.2.1"},"_id":"lodash.without@2.2.1","dist":{"shasum":"302f8811efc88ae231a6e5e7e1ad5bb767f87ab3","tarball":"https://registry.npmjs.org/lodash.without/-/lodash.without-2.2.1.tgz"},"_from":".","_npmVersion":"1.3.11","_npmUser":{"name":"jdalton","email":"john.david.dalton@gmail.com"},"maintainers":[{"name":"jdalton","email":"john.david.dalton@gmail.com"},{"name":"kitcambridge","email":"github@kitcambridge.be"},{"name":"mathias","email":"mathias@qiwi.be"},{"name":"phated","email":"blaine@iceddev.com"}],"directories":{}},"2.3.0":{"name":"lodash.without","version":"2.3.0","description":"The Lo-Dash function `_.without` as a Node.js module generated by lodash-cli.","homepage":"http://lodash.com/custom-builds","license":"MIT","keywords":["functional","lodash","lodash-modularized","server","util"],"author":{"name":"John-David Dalton","email":"john.david.dalton@gmail.com","url":"http://allyoucanleet.com/"},"contributors":[{"name":"John-David Dalton","email":"john.david.dalton@gmail.com","url":"http://allyoucanleet.com/"},{"name":"Blaine Bublitz","email":"blaine@iceddev.com","url":"http://www.iceddev.com/"},{"name":"Kit Cambridge","email":"github@kitcambridge.be","url":"http://kitcambridge.be/"},{"name":"Mathias Bynens","email":"mathias@qiwi.be","url":"http://mathiasbynens.be/"}],"bugs":{"url":"https://github.com/lodash/lodash-cli/issues"},"repository":{"type":"git","url":"https://github.com/lodash/lodash-cli.git"},"dependencies":{"lodash._basedifference":"~2.3.0","lodash._slice":"~2.3.0"},"_id":"lodash.without@2.3.0","dist":{"shasum":"5c5ece8f8ac07ecf1164f3f9e37d9b961cf4f247","tarball":"https://registry.npmjs.org/lodash.without/-/lodash.without-2.3.0.tgz"},"_from":".","_npmVersion":"1.3.11","_npmUser":{"name":"jdalton","email":"john.david.dalton@gmail.com"},"maintainers":[{"name":"jdalton","email":"john.david.dalton@gmail.com"},{"name":"kitcambridge","email":"github@kitcambridge.be"},{"name":"mathias","email":"mathias@qiwi.be"},{"name":"phated","email":"blaine@iceddev.com"}],"directories":{}},"2.4.0":{"name":"lodash.without","version":"2.4.0","description":"The Lo-Dash function `_.without` as a Node.js module generated by lodash-cli.","homepage":"http://lodash.com/custom-builds","license":"MIT","keywords":["functional","lodash","lodash-modularized","server","util"],"author":{"name":"John-David Dalton","email":"john.david.dalton@gmail.com","url":"http://allyoucanleet.com/"},"contributors":[{"name":"John-David Dalton","email":"john.david.dalton@gmail.com","url":"http://allyoucanleet.com/"},{"name":"Blaine Bublitz","email":"blaine@iceddev.com","url":"http://www.iceddev.com/"},{"name":"Kit Cambridge","email":"github@kitcambridge.be","url":"http://kitcambridge.be/"},{"name":"Mathias Bynens","email":"mathias@qiwi.be","url":"http://mathiasbynens.be/"}],"bugs":{"url":"https://github.com/lodash/lodash-cli/issues"},"repository":{"type":"git","url":"https://github.com/lodash/lodash-cli.git"},"dependencies":{"lodash._basedifference":"~2.4.0","lodash._slice":"~2.4.0"},"_id":"lodash.without@2.4.0","dist":{"shasum":"04506bcb51a135ebd754e6f0c29db26765177ca2","tarball":"https://registry.npmjs.org/lodash.without/-/lodash.without-2.4.0.tgz"},"_from":".","_npmVersion":"1.3.14","_npmUser":{"name":"jdalton","email":"john.david.dalton@gmail.com"},"maintainers":[{"name":"jdalton","email":"john.david.dalton@gmail.com"},{"name":"kitcambridge","email":"github@kitcambridge.be"},{"name":"mathias","email":"mathias@qiwi.be"},{"name":"phated","email":"blaine@iceddev.com"}],"directories":{}},"2.4.1":{"name":"lodash.without","version":"2.4.1","description":"The Lo-Dash function `_.without` as a Node.js module generated by lodash-cli.","homepage":"http://lodash.com/custom-builds","license":"MIT","keywords":["functional","lodash","lodash-modularized","server","util"],"author":{"name":"John-David Dalton","email":"john.david.dalton@gmail.com","url":"http://allyoucanleet.com/"},"contributors":[{"name":"John-David Dalton","email":"john.david.dalton@gmail.com","url":"http://allyoucanleet.com/"},{"name":"Blaine Bublitz","email":"blaine@iceddev.com","url":"http://www.iceddev.com/"},{"name":"Kit Cambridge","email":"github@kitcambridge.be","url":"http://kitcambridge.be/"},{"name":"Mathias Bynens","email":"mathias@qiwi.be","url":"http://mathiasbynens.be/"}],"bugs":{"url":"https://github.com/lodash/lodash-cli/issues"},"repository":{"type":"git","url":"https://github.com/lodash/lodash-cli.git"},"dependencies":{"lodash._basedifference":"~2.4.1","lodash._slice":"~2.4.1"},"_id":"lodash.without@2.4.1","dist":{"shasum":"c60f31a72991a44780ba9c9403e75c2300dcfefb","tarball":"https://registry.npmjs.org/lodash.without/-/lodash.without-2.4.1.tgz"},"_from":".","_npmVersion":"1.3.14","_npmUser":{"name":"jdalton","email":"john.david.dalton@gmail.com"},"maintainers":[{"name":"jdalton","email":"john.david.dalton@gmail.com"},{"name":"kitcambridge","email":"github@kitcambridge.be"},{"name":"mathias","email":"mathias@qiwi.be"},{"name":"phated","email":"blaine@iceddev.com"}],"directories":{}},"3.0.0":{"name":"lodash.without","version":"3.0.0","description":"The modern build of lodash’s `_.without` as a module.","homepage":"https://lodash.com/","icon":"https://lodash.com/icon.svg","license":"MIT","keywords":["lodash","lodash-modularized","stdlib","util"],"author":{"name":"John-David Dalton","email":"john.david.dalton@gmail.com","url":"http://allyoucanleet.com/"},"contributors":[{"name":"John-David Dalton","email":"john.david.dalton@gmail.com","url":"http://allyoucanleet.com/"},{"name":"Benjamin Tan","email":"demoneaux@gmail.com","url":"https://d10.github.io/"},{"name":"Blaine Bublitz","email":"blaine@iceddev.com","url":"http://www.iceddev.com/"},{"name":"Kit Cambridge","email":"github@kitcambridge.be","url":"http://kitcambridge.be/"},{"name":"Mathias Bynens","email":"mathias@qiwi.be","url":"https://mathiasbynens.be/"}],"repository":{"type":"git","url":"https://github.com/lodash/lodash"},"scripts":{"test":"echo \"See https://travis-ci.org/lodash/lodash-cli for testing details.\""},"dependencies":{"lodash._basedifference":"^3.0.0","lodash._baseslice":"^3.0.0"},"bugs":{"url":"https://github.com/lodash/lodash/issues"},"_id":"lodash.without@3.0.0","_shasum":"714a6133bc37ebef21691c54eeac595b6a3f58e6","_from":".","_npmVersion":"2.3.0","_nodeVersion":"0.10.35","_npmUser":{"name":"jdalton","email":"john.david.dalton@gmail.com"},"maintainers":[{"name":"jdalton","email":"john.david.dalton@gmail.com"},{"name":"kitcambridge","email":"github@kitcambridge.be"},{"name":"mathias","email":"mathias@qiwi.be"},{"name":"phated","email":"blaine@iceddev.com"}],"dist":{"shasum":"714a6133bc37ebef21691c54eeac595b6a3f58e6","tarball":"https://registry.npmjs.org/lodash.without/-/lodash.without-3.0.0.tgz"},"directories":{}},"3.1.0":{"name":"lodash.without","version":"3.1.0","description":"The modern build of lodash’s `_.without` as a module.","homepage":"https://lodash.com/","icon":"https://lodash.com/icon.svg","license":"MIT","keywords":["lodash","lodash-modularized","stdlib","util"],"author":{"name":"John-David Dalton","email":"john.david.dalton@gmail.com","url":"http://allyoucanleet.com/"},"contributors":[{"name":"John-David Dalton","email":"john.david.dalton@gmail.com","url":"http://allyoucanleet.com/"},{"name":"Benjamin Tan","email":"demoneaux@gmail.com","url":"https://d10.github.io/"},{"name":"Blaine Bublitz","email":"blaine@iceddev.com","url":"http://www.iceddev.com/"},{"name":"Kit Cambridge","email":"github@kitcambridge.be","url":"http://kitcambridge.be/"},{"name":"Mathias Bynens","email":"mathias@qiwi.be","url":"https://mathiasbynens.be/"}],"repository":{"type":"git","url":"https://github.com/lodash/lodash"},"scripts":{"test":"echo \"See https://travis-ci.org/lodash/lodash-cli for testing details.\""},"dependencies":{"lodash._basedifference":"^3.0.0","lodash.isarguments":"^3.0.0","lodash.isarray":"^3.0.0","lodash.restparam":"^3.0.0"},"bugs":{"url":"https://github.com/lodash/lodash/issues"},"_id":"lodash.without@3.1.0","_shasum":"9eb92bc2c40587db837f3828e06eae908aa841ad","_from":".","_npmVersion":"2.7.3","_nodeVersion":"0.12.0","_npmUser":{"name":"jdalton","email":"john.david.dalton@gmail.com"},"maintainers":[{"name":"jdalton","email":"john.david.dalton@gmail.com"},{"name":"kitcambridge","email":"github@kitcambridge.be"},{"name":"mathias","email":"mathias@qiwi.be"},{"name":"phated","email":"blaine@iceddev.com"},{"name":"d10","email":"demoneaux@gmail.com"}],"dist":{"shasum":"9eb92bc2c40587db837f3828e06eae908aa841ad","tarball":"https://registry.npmjs.org/lodash.without/-/lodash.without-3.1.0.tgz"},"directories":{}},"3.2.0":{"name":"lodash.without","version":"3.2.0","description":"The modern build of lodash’s `_.without` as a module.","homepage":"https://lodash.com/","icon":"https://lodash.com/icon.svg","license":"MIT","keywords":["lodash","lodash-modularized","stdlib","util"],"author":{"name":"John-David Dalton","email":"john.david.dalton@gmail.com","url":"http://allyoucanleet.com/"},"contributors":[{"name":"John-David Dalton","email":"john.david.dalton@gmail.com","url":"http://allyoucanleet.com/"},{"name":"Benjamin Tan","email":"demoneaux@gmail.com","url":"https://d10.github.io/"},{"name":"Blaine Bublitz","email":"blaine@iceddev.com","url":"http://www.iceddev.com/"},{"name":"Kit Cambridge","email":"github@kitcambridge.be","url":"http://kitcambridge.be/"},{"name":"Mathias Bynens","email":"mathias@qiwi.be","url":"https://mathiasbynens.be/"}],"repository":{"type":"git","url":"git+https://github.com/lodash/lodash.git"},"scripts":{"test":"echo \"See https://travis-ci.org/lodash/lodash-cli for testing details.\""},"dependencies":{"lodash._basedifference":"^3.0.0","lodash.restparam":"^3.0.0"},"bugs":{"url":"https://github.com/lodash/lodash/issues"},"_id":"lodash.without@3.2.0","_shasum":"5df3f5865c78ba487c8e622c4fda29676b35bb2c","_from":".","_npmVersion":"2.9.0","_nodeVersion":"0.12.2","_npmUser":{"name":"jdalton","email":"john.david.dalton@gmail.com"},"maintainers":[{"name":"jdalton","email":"john.david.dalton@gmail.com"},{"name":"kitcambridge","email":"github@kitcambridge.be"},{"name":"mathias","email":"mathias@qiwi.be"},{"name":"phated","email":"blaine@iceddev.com"},{"name":"d10","email":"demoneaux@gmail.com"}],"dist":{"shasum":"5df3f5865c78ba487c8e622c4fda29676b35bb2c","tarball":"https://registry.npmjs.org/lodash.without/-/lodash.without-3.2.0.tgz"},"directories":{}},"3.2.1":{"name":"lodash.without","version":"3.2.1","description":"The modern build of lodash’s `_.without` as a module.","homepage":"https://lodash.com/","icon":"https://lodash.com/icon.svg","license":"MIT","keywords":["lodash","lodash-modularized","stdlib","util"],"author":{"name":"John-David Dalton","email":"john.david.dalton@gmail.com","url":"http://allyoucanleet.com/"},"contributors":[{"name":"John-David Dalton","email":"john.david.dalton@gmail.com","url":"http://allyoucanleet.com/"},{"name":"Benjamin Tan","email":"demoneaux@gmail.com","url":"https://d10.github.io/"},{"name":"Blaine Bublitz","email":"blaine@iceddev.com","url":"http://www.iceddev.com/"},{"name":"Kit Cambridge","email":"github@kitcambridge.be","url":"http://kitcambridge.be/"},{"name":"Mathias Bynens","email":"mathias@qiwi.be","url":"https://mathiasbynens.be/"}],"repository":{"type":"git","url":"git+https://github.com/lodash/lodash.git"},"scripts":{"test":"echo \"See https://travis-ci.org/lodash/lodash-cli for testing details.\""},"dependencies":{"lodash._basedifference":"^3.0.0","lodash.restparam":"^3.0.0"},"bugs":{"url":"https://github.com/lodash/lodash/issues"},"_id":"lodash.without@3.2.1","_shasum":"d69614b3512e52294b6abab782e7ca96538ce816","_from":".","_npmVersion":"2.10.0","_nodeVersion":"0.12.3","_npmUser":{"name":"jdalton","email":"john.david.dalton@gmail.com"},"maintainers":[{"name":"jdalton","email":"john.david.dalton@gmail.com"},{"name":"kitcambridge","email":"github@kitcambridge.be"},{"name":"mathias","email":"mathias@qiwi.be"},{"name":"phated","email":"blaine@iceddev.com"},{"name":"d10","email":"demoneaux@gmail.com"}],"dist":{"shasum":"d69614b3512e52294b6abab782e7ca96538ce816","tarball":"https://registry.npmjs.org/lodash.without/-/lodash.without-3.2.1.tgz"},"directories":{}},"4.0.0":{"name":"lodash.without","version":"4.0.0","description":"The lodash method `_.without` exported as a module.","homepage":"https://lodash.com/","icon":"https://lodash.com/icon.svg","license":"MIT","keywords":["lodash","lodash-modularized","stdlib","util","without"],"author":{"name":"John-David Dalton","email":"john.david.dalton@gmail.com","url":"http://allyoucanleet.com/"},"contributors":[{"name":"John-David Dalton","email":"john.david.dalton@gmail.com","url":"http://allyoucanleet.com/"},{"name":"Blaine Bublitz","email":"blaine@iceddev.com","url":"https://github.com/phated"},{"name":"Mathias Bynens","email":"mathias@qiwi.be","url":"https://mathiasbynens.be/"}],"repository":{"type":"git","url":"git+https://github.com/lodash/lodash.git"},"scripts":{"test":"echo \"See https://travis-ci.org/lodash/lodash-cli for testing details.\""},"dependencies":{"lodash._arrayincludes":"^3.0.0","lodash._arrayincludeswith":"^3.0.0","lodash._arraymap":"^3.0.0","lodash._cachehas":"^3.0.0","lodash._setcache":"^3.0.0","lodash.rest":"^4.0.0"},"bugs":{"url":"https://github.com/lodash/lodash/issues"},"_id":"lodash.without@4.0.0","_shasum":"0a33ee509442401d27def84107611b418c3b64a3","_from":".","_npmVersion":"2.14.15","_nodeVersion":"5.4.0","_npmUser":{"name":"jdalton","email":"john.david.dalton@gmail.com"},"dist":{"shasum":"0a33ee509442401d27def84107611b418c3b64a3","tarball":"https://registry.npmjs.org/lodash.without/-/lodash.without-4.0.0.tgz"},"maintainers":[{"name":"jdalton","email":"john.david.dalton@gmail.com"},{"name":"mathias","email":"mathias@qiwi.be"},{"name":"phated","email":"blaine@iceddev.com"}],"directories":{}},"4.0.1":{"name":"lodash.without","version":"4.0.1","description":"The lodash method `_.without` exported as a module.","homepage":"https://lodash.com/","icon":"https://lodash.com/icon.svg","license":"MIT","keywords":["lodash","lodash-modularized","stdlib","util","without"],"author":{"name":"John-David Dalton","email":"john.david.dalton@gmail.com","url":"http://allyoucanleet.com/"},"contributors":[{"name":"John-David Dalton","email":"john.david.dalton@gmail.com","url":"http://allyoucanleet.com/"},{"name":"Blaine Bublitz","email":"blaine@iceddev.com","url":"https://github.com/phated"},{"name":"Mathias Bynens","email":"mathias@qiwi.be","url":"https://mathiasbynens.be/"}],"repository":{"type":"git","url":"git+https://github.com/lodash/lodash.git"},"scripts":{"test":"echo \"See https://travis-ci.org/lodash/lodash-cli for testing details.\""},"dependencies":{"lodash._arrayincludes":"^4.0.0","lodash._arrayincludeswith":"^4.0.0","lodash._arraymap":"^3.0.0","lodash._cachehas":"^4.0.0","lodash._setcache":"^4.0.0","lodash.rest":"^4.0.0"},"bugs":{"url":"https://github.com/lodash/lodash/issues"},"_id":"lodash.without@4.0.1","_shasum":"b8c65653ade3968fc2194f83a19e1c755214f7ea","_from":".","_npmVersion":"2.14.15","_nodeVersion":"5.4.0","_npmUser":{"name":"jdalton","email":"john.david.dalton@gmail.com"},"dist":{"shasum":"b8c65653ade3968fc2194f83a19e1c755214f7ea","tarball":"https://registry.npmjs.org/lodash.without/-/lodash.without-4.0.1.tgz"},"maintainers":[{"name":"jdalton","email":"john.david.dalton@gmail.com"},{"name":"mathias","email":"mathias@qiwi.be"},{"name":"phated","email":"blaine@iceddev.com"}],"directories":{}},"4.0.2":{"name":"lodash.without","version":"4.0.2","description":"The lodash method `_.without` exported as a module.","homepage":"https://lodash.com/","icon":"https://lodash.com/icon.svg","license":"MIT","keywords":["lodash-modularized","without"],"author":{"name":"John-David Dalton","email":"john.david.dalton@gmail.com","url":"http://allyoucanleet.com/"},"contributors":[{"name":"John-David Dalton","email":"john.david.dalton@gmail.com","url":"http://allyoucanleet.com/"},{"name":"Blaine Bublitz","email":"blaine@iceddev.com","url":"https://github.com/phated"},{"name":"Mathias Bynens","email":"mathias@qiwi.be","url":"https://mathiasbynens.be/"}],"repository":{"type":"git","url":"git+https://github.com/lodash/lodash.git"},"scripts":{"test":"echo \"See https://travis-ci.org/lodash/lodash-cli for testing details.\""},"dependencies":{"lodash._arrayincludes":"^4.0.0","lodash._arrayincludeswith":"^4.0.0","lodash._arraymap":"^3.0.0","lodash._cachehas":"^4.0.0","lodash._setcache":"^4.0.0","lodash.rest":"^4.0.0"},"bugs":{"url":"https://github.com/lodash/lodash/issues"},"_id":"lodash.without@4.0.2","_shasum":"e44e83ca13150ff146416b4dd986f24b6dd26a9e","_from":".","_npmVersion":"2.14.15","_nodeVersion":"5.4.0","_npmUser":{"name":"jdalton","email":"john.david.dalton@gmail.com"},"dist":{"shasum":"e44e83ca13150ff146416b4dd986f24b6dd26a9e","tarball":"https://registry.npmjs.org/lodash.without/-/lodash.without-4.0.2.tgz"},"maintainers":[{"name":"jdalton","email":"john.david.dalton@gmail.com"},{"name":"mathias","email":"mathias@qiwi.be"},{"name":"phated","email":"blaine@iceddev.com"}],"_npmOperationalInternal":{"host":"packages-9-west.internal.npmjs.com","tmp":"tmp/lodash.without-4.0.2.tgz_1454484814633_0.6160044688731432"},"directories":{}},"4.1.0":{"name":"lodash.without","version":"4.1.0","description":"The lodash method `_.without` exported as a module.","homepage":"https://lodash.com/","icon":"https://lodash.com/icon.svg","license":"MIT","keywords":["lodash-modularized","without"],"author":{"name":"John-David Dalton","email":"john.david.dalton@gmail.com","url":"http://allyoucanleet.com/"},"contributors":[{"name":"John-David Dalton","email":"john.david.dalton@gmail.com","url":"http://allyoucanleet.com/"},{"name":"Blaine Bublitz","email":"blaine@iceddev.com","url":"https://github.com/phated"},{"name":"Mathias Bynens","email":"mathias@qiwi.be","url":"https://mathiasbynens.be/"}],"repository":{"type":"git","url":"git+https://github.com/lodash/lodash.git"},"scripts":{"test":"echo \"See https://travis-ci.org/lodash/lodash-cli for testing details.\""},"dependencies":{"lodash._basedifference":"^4.0.0","lodash.rest":"^4.0.0"},"bugs":{"url":"https://github.com/lodash/lodash/issues"},"_id":"lodash.without@4.1.0","_shasum":"29df4dd820d40d1116c261b14078a81a804dd221","_from":".","_npmVersion":"2.14.18","_nodeVersion":"5.5.0","_npmUser":{"name":"jdalton","email":"john.david.dalton@gmail.com"},"dist":{"shasum":"29df4dd820d40d1116c261b14078a81a804dd221","tarball":"https://registry.npmjs.org/lodash.without/-/lodash.without-4.1.0.tgz"},"maintainers":[{"name":"jdalton","email":"john.david.dalton@gmail.com"},{"name":"mathias","email":"mathias@qiwi.be"},{"name":"phated","email":"blaine@iceddev.com"}],"_npmOperationalInternal":{"host":"packages-9-west.internal.npmjs.com","tmp":"tmp/lodash.without-4.1.0.tgz_1455615779138_0.012924720998853445"},"directories":{}},"4.1.1":{"name":"lodash.without","version":"4.1.1","description":"The lodash method `_.without` exported as a module.","homepage":"https://lodash.com/","icon":"https://lodash.com/icon.svg","license":"MIT","keywords":["lodash-modularized","without"],"author":{"name":"John-David Dalton","email":"john.david.dalton@gmail.com","url":"http://allyoucanleet.com/"},"contributors":[{"name":"John-David Dalton","email":"john.david.dalton@gmail.com","url":"http://allyoucanleet.com/"},{"name":"Blaine Bublitz","email":"blaine.bublitz@gmail.com","url":"https://github.com/phated"},{"name":"Mathias Bynens","email":"mathias@qiwi.be","url":"https://mathiasbynens.be/"}],"repository":{"type":"git","url":"git+https://github.com/lodash/lodash.git"},"scripts":{"test":"echo \"See https://travis-ci.org/lodash/lodash-cli for testing details.\""},"dependencies":{"lodash._basedifference":"^4.0.0","lodash.rest":"^4.0.0"},"bugs":{"url":"https://github.com/lodash/lodash/issues"},"_id":"lodash.without@4.1.1","_shasum":"00ba28bb140083195c73a156da9668afe8ce1dbe","_from":".","_npmVersion":"2.14.17","_nodeVersion":"5.5.0","_npmUser":{"name":"jdalton","email":"john.david.dalton@gmail.com"},"dist":{"shasum":"00ba28bb140083195c73a156da9668afe8ce1dbe","tarball":"https://registry.npmjs.org/lodash.without/-/lodash.without-4.1.1.tgz"},"maintainers":[{"name":"jdalton","email":"john.david.dalton@gmail.com"},{"name":"mathias","email":"mathias@qiwi.be"},{"name":"phated","email":"blaine@iceddev.com"}],"_npmOperationalInternal":{"host":"packages-12-west.internal.npmjs.com","tmp":"tmp/lodash.without-4.1.1.tgz_1456896882082_0.03977343044243753"},"directories":{}},"4.1.2":{"name":"lodash.without","version":"4.1.2","description":"The lodash method `_.without` exported as a module.","homepage":"https://lodash.com/","icon":"https://lodash.com/icon.svg","license":"MIT","keywords":["lodash-modularized","without"],"author":{"name":"John-David Dalton","email":"john.david.dalton@gmail.com","url":"http://allyoucanleet.com/"},"contributors":[{"name":"John-David Dalton","email":"john.david.dalton@gmail.com","url":"http://allyoucanleet.com/"},{"name":"Blaine Bublitz","email":"blaine.bublitz@gmail.com","url":"https://github.com/phated"},{"name":"Mathias Bynens","email":"mathias@qiwi.be","url":"https://mathiasbynens.be/"}],"repository":{"type":"git","url":"git+https://github.com/lodash/lodash.git"},"scripts":{"test":"echo \"See https://travis-ci.org/lodash/lodash-cli for testing details.\""},"dependencies":{"lodash._basedifference":"~4.4.0","lodash.rest":"^4.0.0"},"bugs":{"url":"https://github.com/lodash/lodash/issues"},"_id":"lodash.without@4.1.2","_shasum":"c68b1981e1b001bd87eef7487dba0af267846229","_from":".","_npmVersion":"2.15.1","_nodeVersion":"5.5.0","_npmUser":{"name":"jdalton","email":"john.david.dalton@gmail.com"},"dist":{"shasum":"c68b1981e1b001bd87eef7487dba0af267846229","tarball":"https://registry.npmjs.org/lodash.without/-/lodash.without-4.1.2.tgz"},"maintainers":[{"name":"jdalton","email":"john.david.dalton@gmail.com"},{"name":"mathias","email":"mathias@qiwi.be"},{"name":"phated","email":"blaine@iceddev.com"}],"_npmOperationalInternal":{"host":"packages-12-west.internal.npmjs.com","tmp":"tmp/lodash.without-4.1.2.tgz_1459311008459_0.16177126462571323"},"directories":{}},"4.2.0":{"name":"lodash.without","version":"4.2.0","description":"The lodash method `_.without` exported as a module.","homepage":"https://lodash.com/","icon":"https://lodash.com/icon.svg","license":"MIT","keywords":["lodash-modularized","without"],"author":{"name":"John-David Dalton","email":"john.david.dalton@gmail.com","url":"http://allyoucanleet.com/"},"contributors":[{"name":"John-David Dalton","email":"john.david.dalton@gmail.com","url":"http://allyoucanleet.com/"},{"name":"Blaine Bublitz","email":"blaine.bublitz@gmail.com","url":"https://github.com/phated"},{"name":"Mathias Bynens","email":"mathias@qiwi.be","url":"https://mathiasbynens.be/"}],"repository":{"type":"git","url":"git+https://github.com/lodash/lodash.git"},"scripts":{"test":"echo \"See https://travis-ci.org/lodash/lodash-cli for testing details.\""},"dependencies":{"lodash._basedifference":"~4.5.0","lodash.rest":"^4.0.0"},"bugs":{"url":"https://github.com/lodash/lodash/issues"},"_id":"lodash.without@4.2.0","_shasum":"f89ec9a8ee2d7ec14f8a9cad72a3f5ee12c5a4a6","_from":".","_npmVersion":"2.15.5","_nodeVersion":"5.5.0","_npmUser":{"name":"jdalton","email":"john.david.dalton@gmail.com"},"dist":{"shasum":"f89ec9a8ee2d7ec14f8a9cad72a3f5ee12c5a4a6","tarball":"https://registry.npmjs.org/lodash.without/-/lodash.without-4.2.0.tgz"},"maintainers":[{"name":"jdalton","email":"john.david.dalton@gmail.com"},{"name":"mathias","email":"mathias@qiwi.be"},{"name":"phated","email":"blaine@iceddev.com"}],"_npmOperationalInternal":{"host":"packages-16-east.internal.npmjs.com","tmp":"tmp/lodash.without-4.2.0.tgz_1463062688060_0.9002856267616153"},"directories":{}},"4.3.0":{"name":"lodash.without","version":"4.3.0","description":"The lodash method `_.without` exported as a module.","homepage":"https://lodash.com/","icon":"https://lodash.com/icon.svg","license":"MIT","keywords":["lodash-modularized","without"],"author":{"name":"John-David Dalton","email":"john.david.dalton@gmail.com","url":"http://allyoucanleet.com/"},"contributors":[{"name":"John-David Dalton","email":"john.david.dalton@gmail.com","url":"http://allyoucanleet.com/"},{"name":"Blaine Bublitz","email":"blaine.bublitz@gmail.com","url":"https://github.com/phated"},{"name":"Mathias Bynens","email":"mathias@qiwi.be","url":"https://mathiasbynens.be/"}],"repository":{"type":"git","url":"git+https://github.com/lodash/lodash.git"},"scripts":{"test":"echo \"See https://travis-ci.org/lodash/lodash-cli for testing details.\""},"bugs":{"url":"https://github.com/lodash/lodash/issues"},"_id":"lodash.without@4.3.0","_shasum":"b4e5c92c4e1fd1c2f4a9359993716e51ce12a2ba","_from":".","_npmVersion":"2.15.9","_nodeVersion":"4.2.4","_npmUser":{"name":"jdalton","email":"john.david.dalton@gmail.com"},"dist":{"shasum":"b4e5c92c4e1fd1c2f4a9359993716e51ce12a2ba","tarball":"https://registry.npmjs.org/lodash.without/-/lodash.without-4.3.0.tgz"},"maintainers":[{"name":"jdalton","email":"john.david.dalton@gmail.com"},{"name":"mathias","email":"mathias@qiwi.be"},{"name":"phated","email":"blaine@iceddev.com"}],"_npmOperationalInternal":{"host":"packages-12-west.internal.npmjs.com","tmp":"tmp/lodash.without-4.3.0.tgz_1469458412457_0.7994278059341013"},"directories":{}},"4.4.0":{"name":"lodash.without","version":"4.4.0","description":"The lodash method `_.without` exported as a module.","homepage":"https://lodash.com/","icon":"https://lodash.com/icon.svg","license":"MIT","keywords":["lodash-modularized","without"],"author":{"name":"John-David Dalton","email":"john.david.dalton@gmail.com","url":"http://allyoucanleet.com/"},"contributors":[{"name":"John-David Dalton","email":"john.david.dalton@gmail.com","url":"http://allyoucanleet.com/"},{"name":"Blaine Bublitz","email":"blaine.bublitz@gmail.com","url":"https://github.com/phated"},{"name":"Mathias Bynens","email":"mathias@qiwi.be","url":"https://mathiasbynens.be/"}],"repository":{"type":"git","url":"git+https://github.com/lodash/lodash.git"},"scripts":{"test":"echo \"See https://travis-ci.org/lodash/lodash-cli for testing details.\""},"bugs":{"url":"https://github.com/lodash/lodash/issues"},"_id":"lodash.without@4.4.0","_shasum":"3cd4574a00b67bae373a94b748772640507b7aac","_from":".","_npmVersion":"2.15.10","_nodeVersion":"4.4.7","_npmUser":{"name":"jdalton","email":"john.david.dalton@gmail.com"},"dist":{"shasum":"3cd4574a00b67bae373a94b748772640507b7aac","tarball":"https://registry.npmjs.org/lodash.without/-/lodash.without-4.4.0.tgz"},"maintainers":[{"name":"jdalton","email":"john.david.dalton@gmail.com"},{"name":"mathias","email":"mathias@qiwi.be"},{"name":"phated","email":"blaine@iceddev.com"}],"_npmOperationalInternal":{"host":"packages-16-east.internal.npmjs.com","tmp":"tmp/lodash.without-4.4.0.tgz_1471110432266_0.7884129623416811"},"directories":{}}},"readme":"# lodash.without v4.4.0\n\nThe [lodash](https://lodash.com/) method `_.without` exported as a [Node.js](https://nodejs.org/) module.\n\n## Installation\n\nUsing npm:\n```bash\n$ {sudo -H} npm i -g npm\n$ npm i --save lodash.without\n```\n\nIn Node.js:\n```js\nvar without = require('lodash.without');\n```\n\nSee the [documentation](https://lodash.com/docs#without) or [package source](https://github.com/lodash/lodash/blob/4.4.0-npm-packages/lodash.without) for more details.\n","maintainers":[{"name":"jdalton","email":"john.david.dalton@gmail.com"},{"name":"mathias","email":"mathias@qiwi.be"}],"time":{"modified":"2016-10-06T16:53:15.955Z","created":"2013-09-23T06:39:10.824Z","2.0.0":"2013-09-23T07:43:53.443Z","2.1.0":"2013-09-23T08:01:53.928Z","2.2.0":"2013-09-29T22:11:54.372Z","2.2.1":"2013-10-03T18:52:46.412Z","2.3.0":"2013-11-11T16:49:48.843Z","2.4.0":"2013-11-26T19:57:21.423Z","2.4.1":"2013-12-03T17:18:34.286Z","3.0.0":"2015-01-26T15:30:31.675Z","3.1.0":"2015-03-25T23:40:04.527Z","3.2.0":"2015-05-01T16:00:52.375Z","3.2.1":"2015-05-19T19:59:04.554Z","4.0.0":"2016-01-13T11:19:36.745Z","4.0.1":"2016-01-13T22:30:19.039Z","4.0.2":"2016-02-03T07:33:35.394Z","4.1.0":"2016-02-16T09:43:01.155Z","4.1.1":"2016-03-02T05:34:42.619Z","4.1.2":"2016-03-30T04:10:08.950Z","4.2.0":"2016-05-12T14:18:11.092Z","4.3.0":"2016-07-25T14:53:32.690Z","4.4.0":"2016-08-13T17:47:15.156Z"},"author":{"name":"John-David Dalton","email":"john.david.dalton@gmail.com","url":"http://allyoucanleet.com/"},"repository":{"type":"git","url":"git+https://github.com/lodash/lodash.git"},"homepage":"https://lodash.com/","keywords":["lodash-modularized","without"],"contributors":[{"name":"John-David Dalton","email":"john.david.dalton@gmail.com","url":"http://allyoucanleet.com/"},{"name":"Blaine Bublitz","email":"blaine.bublitz@gmail.com","url":"https://github.com/phated"},{"name":"Mathias Bynens","email":"mathias@qiwi.be","url":"https://mathiasbynens.be/"}],"bugs":{"url":"https://github.com/lodash/lodash/issues"},"license":"MIT","readmeFilename":"README.md","_attachments":{},"_etag":"W/\"dbeaceb1d07d3a1c3a97fce4d8cc897b\"","_lastModified":"Sun, 27 May 2018 06:59:12 GMT"}