{"_id":"fstream-npm","_rev":"66-27a0c710b95ccd5e154d987e33c1a402","name":"fstream-npm","description":"fstream class for creating npm packages","dist-tags":{"latest":"1.2.1"},"versions":{"0.0.1":{"author":{"name":"Isaac Z. Schlueter","email":"i@izs.me","url":"http://blog.izs.me/"},"name":"fstream-npm","description":"fstream class for creating npm packages","version":"0.0.1","repository":{"type":"git","url":"git://github.com/isaacs/fstream-npm.git"},"main":"./fstream-npm.js","dependencies":{"fstream-ignore":"~0.0.2"},"_npmUser":{"name":"isaacs","email":"i@izs.me"},"_id":"fstream-npm@0.0.1","devDependencies":{},"optionalDependencies":{},"engines":{"node":"*"},"_engineSupported":true,"_npmVersion":"1.1.12","_nodeVersion":"v0.7.7-pre","_defaultsLoaded":true,"dist":{"shasum":"59a906ce77db09ed20ddf16338bdf26e5003d1fd","tarball":"https://registry.npmjs.org/fstream-npm/-/fstream-npm-0.0.1.tgz"},"maintainers":[{"name":"isaacs","email":"i@izs.me"}],"directories":{}},"0.0.2":{"author":{"name":"Isaac Z. Schlueter","email":"i@izs.me","url":"http://blog.izs.me/"},"name":"fstream-npm","description":"fstream class for creating npm packages","version":"0.0.2","repository":{"type":"git","url":"git://github.com/isaacs/fstream-npm.git"},"main":"./fstream-npm.js","dependencies":{"fstream-ignore":"~0.0.2"},"_npmUser":{"name":"isaacs","email":"i@izs.me"},"_id":"fstream-npm@0.0.2","devDependencies":{},"optionalDependencies":{},"engines":{"node":"*"},"_engineSupported":true,"_npmVersion":"1.1.13","_nodeVersion":"v0.7.7-pre","_defaultsLoaded":true,"dist":{"shasum":"c8d4af6c24aad7732ac5667b5466452abf962d99","tarball":"https://registry.npmjs.org/fstream-npm/-/fstream-npm-0.0.2.tgz"},"maintainers":[{"name":"isaacs","email":"i@izs.me"}],"directories":{}},"0.0.3":{"author":{"name":"Isaac Z. Schlueter","email":"i@izs.me","url":"http://blog.izs.me/"},"name":"fstream-npm","description":"fstream class for creating npm packages","version":"0.0.3","repository":{"type":"git","url":"git://github.com/isaacs/fstream-npm.git"},"main":"./fstream-npm.js","dependencies":{"fstream-ignore":"~0.0.5","inherits":""},"_npmUser":{"name":"isaacs","email":"i@izs.me"},"_id":"fstream-npm@0.0.3","devDependencies":{},"optionalDependencies":{},"engines":{"node":"*"},"_engineSupported":true,"_npmVersion":"1.1.12","_nodeVersion":"v0.7.7-pre","_defaultsLoaded":true,"dist":{"shasum":"f2500f786da77c76bf820a2a7a7879cb413d065f","tarball":"https://registry.npmjs.org/fstream-npm/-/fstream-npm-0.0.3.tgz"},"maintainers":[{"name":"isaacs","email":"i@izs.me"}],"directories":{}},"0.0.4":{"author":{"name":"Isaac Z. Schlueter","email":"i@izs.me","url":"http://blog.izs.me/"},"name":"fstream-npm","description":"fstream class for creating npm packages","version":"0.0.4","repository":{"type":"git","url":"git://github.com/isaacs/fstream-npm.git"},"main":"./fstream-npm.js","dependencies":{"fstream-ignore":"~0.0.5","inherits":""},"_npmUser":{"name":"isaacs","email":"i@izs.me"},"_id":"fstream-npm@0.0.4","devDependencies":{},"optionalDependencies":{},"engines":{"node":"*"},"_engineSupported":true,"_npmVersion":"1.1.13","_nodeVersion":"v0.7.7-pre","_defaultsLoaded":true,"dist":{"shasum":"023d69cb2d32779aae1d86d399879e10bfcd3270","tarball":"https://registry.npmjs.org/fstream-npm/-/fstream-npm-0.0.4.tgz"},"maintainers":[{"name":"isaacs","email":"i@izs.me"}],"directories":{}},"0.0.5":{"author":{"name":"Isaac Z. Schlueter","email":"i@izs.me","url":"http://blog.izs.me/"},"name":"fstream-npm","description":"fstream class for creating npm packages","version":"0.0.5","repository":{"type":"git","url":"git://github.com/isaacs/fstream-npm.git"},"main":"./fstream-npm.js","dependencies":{"fstream-ignore":"~0.0.5","inherits":""},"_npmUser":{"name":"isaacs","email":"i@izs.me"},"_id":"fstream-npm@0.0.5","devDependencies":{},"optionalDependencies":{},"engines":{"node":"*"},"_engineSupported":true,"_npmVersion":"1.1.16","_nodeVersion":"v0.6.15","_defaultsLoaded":true,"dist":{"shasum":"ff5a72fed7299b2a94e8a80b0d160a08a7fdfc2b","tarball":"https://registry.npmjs.org/fstream-npm/-/fstream-npm-0.0.5.tgz"},"maintainers":[{"name":"isaacs","email":"i@izs.me"}],"directories":{}},"0.0.6":{"author":{"name":"Isaac Z. Schlueter","email":"i@izs.me","url":"http://blog.izs.me/"},"name":"fstream-npm","description":"fstream class for creating npm packages","version":"0.0.6","repository":{"type":"git","url":"git://github.com/isaacs/fstream-npm.git"},"main":"./fstream-npm.js","dependencies":{"fstream-ignore":"~0.0.5","inherits":""},"license":"BSD","_npmUser":{"name":"isaacs","email":"i@izs.me"},"_id":"fstream-npm@0.0.6","devDependencies":{},"optionalDependencies":{},"engines":{"node":"*"},"_engineSupported":true,"_npmVersion":"1.1.23","_nodeVersion":"v0.7.10-pre","_defaultsLoaded":true,"dist":{"shasum":"f57eb3a8d77428f612c5e6e5b84042f7406b47fe","tarball":"https://registry.npmjs.org/fstream-npm/-/fstream-npm-0.0.6.tgz"},"maintainers":[{"name":"isaacs","email":"i@izs.me"}],"directories":{}},"0.1.0":{"author":{"name":"Isaac Z. Schlueter","email":"i@izs.me","url":"http://blog.izs.me/"},"name":"fstream-npm","description":"fstream class for creating npm packages","version":"0.1.0","repository":{"type":"git","url":"git://github.com/isaacs/fstream-npm.git"},"main":"./fstream-npm.js","dependencies":{"fstream-ignore":"~0.0.5","inherits":""},"license":"BSD","_npmUser":{"name":"isaacs","email":"i@izs.me"},"_id":"fstream-npm@0.1.0","devDependencies":{},"optionalDependencies":{},"engines":{"node":"*"},"_engineSupported":true,"_npmVersion":"1.1.23","_nodeVersion":"v0.7.10-pre","_defaultsLoaded":true,"dist":{"shasum":"9b2bbd7ffb460a845f8cbfb4ddc19124d7b1157e","tarball":"https://registry.npmjs.org/fstream-npm/-/fstream-npm-0.1.0.tgz"},"maintainers":[{"name":"isaacs","email":"i@izs.me"}],"directories":{}},"0.1.1":{"author":{"name":"Isaac Z. Schlueter","email":"i@izs.me","url":"http://blog.izs.me/"},"name":"fstream-npm","description":"fstream class for creating npm packages","version":"0.1.1","repository":{"type":"git","url":"git://github.com/isaacs/fstream-npm.git"},"main":"./fstream-npm.js","dependencies":{"fstream-ignore":"~0.0.5","inherits":""},"license":"BSD","_id":"fstream-npm@0.1.1","dist":{"shasum":"f93649ed792f97a4f3a1932f718b2ce9aa78bf86","tarball":"https://registry.npmjs.org/fstream-npm/-/fstream-npm-0.1.1.tgz"},"maintainers":[{"name":"isaacs","email":"i@izs.me"}],"directories":{}},"0.1.2":{"author":{"name":"Isaac Z. Schlueter","email":"i@izs.me","url":"http://blog.izs.me/"},"name":"fstream-npm","description":"fstream class for creating npm packages","version":"0.1.2","repository":{"type":"git","url":"git://github.com/isaacs/fstream-npm.git"},"main":"./fstream-npm.js","dependencies":{"fstream-ignore":"~0.0.5","inherits":""},"license":"BSD","_id":"fstream-npm@0.1.2","dist":{"shasum":"bf975107851ffbab26f3cc9d9958ddc19fdaa3d1","tarball":"https://registry.npmjs.org/fstream-npm/-/fstream-npm-0.1.2.tgz"},"_npmVersion":"1.1.60","_npmUser":{"name":"isaacs","email":"i@izs.me"},"maintainers":[{"name":"isaacs","email":"i@izs.me"}],"directories":{}},"0.1.3":{"author":{"name":"Isaac Z. Schlueter","email":"i@izs.me","url":"http://blog.izs.me/"},"name":"fstream-npm","description":"fstream class for creating npm packages","version":"0.1.3","repository":{"type":"git","url":"git://github.com/isaacs/fstream-npm.git"},"main":"./fstream-npm.js","dependencies":{"fstream-ignore":"~0.0.5","inherits":""},"license":"BSD","_id":"fstream-npm@0.1.3","dist":{"shasum":"e911c9e28914b505d964215f352bbf066120b2dd","tarball":"https://registry.npmjs.org/fstream-npm/-/fstream-npm-0.1.3.tgz"},"_npmVersion":"1.1.63","_npmUser":{"name":"isaacs","email":"i@izs.me"},"maintainers":[{"name":"isaacs","email":"i@izs.me"}],"directories":{}},"0.1.4":{"author":{"name":"Isaac Z. Schlueter","email":"i@izs.me","url":"http://blog.izs.me/"},"name":"fstream-npm","description":"fstream class for creating npm packages","version":"0.1.4","repository":{"type":"git","url":"git://github.com/isaacs/fstream-npm.git"},"main":"./fstream-npm.js","dependencies":{"fstream-ignore":"~0.0.5","inherits":""},"license":"BSD","_id":"fstream-npm@0.1.4","dist":{"shasum":"85b9b87f48574550b59e55421c96c1b8bcca0c3e","tarball":"https://registry.npmjs.org/fstream-npm/-/fstream-npm-0.1.4.tgz"},"_from":".","_npmVersion":"1.2.14","_npmUser":{"name":"isaacs","email":"i@izs.me"},"maintainers":[{"name":"isaacs","email":"i@izs.me"}],"directories":{}},"0.1.5":{"author":{"name":"Isaac Z. Schlueter","email":"i@izs.me","url":"http://blog.izs.me/"},"name":"fstream-npm","description":"fstream class for creating npm packages","version":"0.1.5","repository":{"type":"git","url":"git://github.com/isaacs/fstream-npm.git"},"main":"./fstream-npm.js","dependencies":{"fstream-ignore":"~0.0.5","inherits":"2"},"license":"BSD","bugs":{"url":"https://github.com/isaacs/fstream-npm/issues"},"_id":"fstream-npm@0.1.5","dist":{"shasum":"8f9fdd38c0940f91f7b6ebda4b6611be88f97ec9","tarball":"https://registry.npmjs.org/fstream-npm/-/fstream-npm-0.1.5.tgz"},"_from":".","_npmVersion":"1.2.23","_npmUser":{"name":"isaacs","email":"i@izs.me"},"maintainers":[{"name":"isaacs","email":"i@izs.me"}],"directories":{}},"0.1.6":{"author":{"name":"Isaac Z. Schlueter","email":"i@izs.me","url":"http://blog.izs.me/"},"name":"fstream-npm","description":"fstream class for creating npm packages","version":"0.1.6","repository":{"type":"git","url":"git://github.com/isaacs/fstream-npm.git"},"main":"./fstream-npm.js","dependencies":{"fstream-ignore":"~0.0.5","inherits":"2"},"license":"BSD","bugs":{"url":"https://github.com/isaacs/fstream-npm/issues"},"_id":"fstream-npm@0.1.6","dist":{"shasum":"1369323075d9bd85cfcc9409f33f0d6fe5be104d","tarball":"https://registry.npmjs.org/fstream-npm/-/fstream-npm-0.1.6.tgz"},"_from":".","_npmVersion":"1.3.11","_npmUser":{"name":"isaacs","email":"i@izs.me"},"maintainers":[{"name":"isaacs","email":"i@izs.me"}],"directories":{}},"0.1.7":{"author":{"name":"Isaac Z. Schlueter","email":"i@izs.me","url":"http://blog.izs.me/"},"name":"fstream-npm","description":"fstream class for creating npm packages","version":"0.1.7","repository":{"type":"git","url":"git://github.com/isaacs/fstream-npm.git"},"main":"./fstream-npm.js","dependencies":{"fstream-ignore":"~0.0","inherits":"2"},"license":"BSD","gitHead":"13839c9be784f2addc9352d525b35835fba01151","bugs":{"url":"https://github.com/isaacs/fstream-npm/issues"},"homepage":"https://github.com/isaacs/fstream-npm","_id":"fstream-npm@0.1.7","scripts":{},"_shasum":"423dc5d1d1fcb7d878501f43c7e11a33292bd55f","_from":".","_npmVersion":"1.4.10","_npmUser":{"name":"isaacs","email":"i@izs.me"},"maintainers":[{"name":"isaacs","email":"i@izs.me"}],"dist":{"shasum":"423dc5d1d1fcb7d878501f43c7e11a33292bd55f","tarball":"https://registry.npmjs.org/fstream-npm/-/fstream-npm-0.1.7.tgz"},"directories":{}},"0.1.8":{"author":{"name":"Isaac Z. Schlueter","email":"i@izs.me","url":"http://blog.izs.me/"},"name":"fstream-npm","description":"fstream class for creating npm packages","version":"0.1.8","repository":{"type":"git","url":"git://github.com/isaacs/fstream-npm.git"},"main":"./fstream-npm.js","dependencies":{"fstream-ignore":"^1.0.0","inherits":"2"},"license":"ISC","gitHead":"4d50d2bf82a614c5a2547041967a88d528e2a6bb","bugs":{"url":"https://github.com/isaacs/fstream-npm/issues"},"homepage":"https://github.com/isaacs/fstream-npm","_id":"fstream-npm@0.1.8","scripts":{},"_shasum":"38a70fdeb510a443e1a5378d90413403fc724fa8","_from":".","_npmVersion":"1.4.22","_npmUser":{"name":"isaacs","email":"i@izs.me"},"maintainers":[{"name":"isaacs","email":"i@izs.me"}],"dist":{"shasum":"38a70fdeb510a443e1a5378d90413403fc724fa8","tarball":"https://registry.npmjs.org/fstream-npm/-/fstream-npm-0.1.8.tgz"},"directories":{}},"1.0.0":{"author":{"name":"Isaac Z. Schlueter","email":"i@izs.me","url":"http://blog.izs.me/"},"name":"fstream-npm","description":"fstream class for creating npm packages","version":"1.0.0","repository":{"type":"git","url":"git://github.com/isaacs/fstream-npm.git"},"main":"./fstream-npm.js","dependencies":{"fstream-ignore":"^1.0.0","inherits":"2"},"license":"ISC","gitHead":"807e0a8653ab793dc2e1b3b798e6256d09f972e7","bugs":{"url":"https://github.com/isaacs/fstream-npm/issues"},"homepage":"https://github.com/isaacs/fstream-npm","_id":"fstream-npm@1.0.0","scripts":{},"_shasum":"0262c95c771d393e7cf59fcfeabce621703f3d27","_from":".","_npmVersion":"1.4.22","_npmUser":{"name":"isaacs","email":"i@izs.me"},"maintainers":[{"name":"isaacs","email":"i@izs.me"}],"dist":{"shasum":"0262c95c771d393e7cf59fcfeabce621703f3d27","tarball":"https://registry.npmjs.org/fstream-npm/-/fstream-npm-1.0.0.tgz"},"directories":{}},"1.0.1":{"author":{"name":"Isaac Z. Schlueter","email":"i@izs.me","url":"http://blog.izs.me/"},"name":"fstream-npm","description":"fstream class for creating npm packages","version":"1.0.1","repository":{"type":"git","url":"git://github.com/isaacs/fstream-npm.git"},"main":"./fstream-npm.js","dependencies":{"fstream-ignore":"^1.0.0","inherits":"2"},"license":"ISC","gitHead":"4a95e1903f93dc122320349bb55e367ddd08ad6b","bugs":{"url":"https://github.com/isaacs/fstream-npm/issues"},"homepage":"https://github.com/isaacs/fstream-npm","_id":"fstream-npm@1.0.1","scripts":{},"_shasum":"1e35c77f0fa24f5d6367e6d447ae7d6ddb482db2","_from":".","_npmVersion":"2.1.3","_nodeVersion":"0.10.31","_npmUser":{"name":"isaacs","email":"i@izs.me"},"maintainers":[{"name":"isaacs","email":"i@izs.me"}],"dist":{"shasum":"1e35c77f0fa24f5d6367e6d447ae7d6ddb482db2","tarball":"https://registry.npmjs.org/fstream-npm/-/fstream-npm-1.0.1.tgz"},"directories":{}},"1.0.2":{"author":{"name":"Isaac Z. Schlueter","email":"i@izs.me","url":"http://blog.izs.me/"},"name":"fstream-npm","description":"fstream class for creating npm packages","version":"1.0.2","repository":{"type":"git","url":"git://github.com/isaacs/fstream-npm.git"},"scripts":{"test":"standard"},"main":"./fstream-npm.js","dependencies":{"fstream-ignore":"^1.0.0","inherits":"2"},"devDependencies":{"standard":"^2.7.3"},"license":"ISC","gitHead":"d5e26643135522925effa2c112258f1feeec2ba5","bugs":{"url":"https://github.com/isaacs/fstream-npm/issues"},"homepage":"https://github.com/isaacs/fstream-npm","_id":"fstream-npm@1.0.2","_shasum":"a1d2a4ce6ac2db731f0f66a85b4dddfea9565d77","_from":".","_npmVersion":"2.7.3","_nodeVersion":"1.5.1","_npmUser":{"name":"othiym23","email":"ogd@aoaioxxysz.net"},"maintainers":[{"name":"isaacs","email":"i@izs.me"},{"name":"othiym23","email":"ogd@aoaioxxysz.net"}],"dist":{"shasum":"a1d2a4ce6ac2db731f0f66a85b4dddfea9565d77","tarball":"https://registry.npmjs.org/fstream-npm/-/fstream-npm-1.0.2.tgz"},"directories":{}},"1.0.3":{"author":{"name":"Isaac Z. Schlueter","email":"i@izs.me","url":"http://blog.izs.me/"},"name":"fstream-npm","description":"fstream class for creating npm packages","version":"1.0.3","repository":{"type":"git","url":"git://github.com/isaacs/fstream-npm.git"},"scripts":{"test":"standard"},"main":"./fstream-npm.js","dependencies":{"fstream-ignore":"^1.0.0","inherits":"2"},"devDependencies":{"standard":"^4.3.1"},"license":"ISC","gitHead":"910a52b38c7fb4d4f2204058b37294e4e370e2cb","bugs":{"url":"https://github.com/isaacs/fstream-npm/issues"},"homepage":"https://github.com/isaacs/fstream-npm#readme","_id":"fstream-npm@1.0.3","_shasum":"67cfb5437b14237155bf319c0536e6d4335170fe","_from":".","_npmVersion":"2.11.3","_nodeVersion":"2.0.2","_npmUser":{"name":"othiym23","email":"ogd@aoaioxxysz.net"},"dist":{"shasum":"67cfb5437b14237155bf319c0536e6d4335170fe","tarball":"https://registry.npmjs.org/fstream-npm/-/fstream-npm-1.0.3.tgz"},"maintainers":[{"name":"isaacs","email":"i@izs.me"},{"name":"othiym23","email":"ogd@aoaioxxysz.net"}],"directories":{}},"1.0.4":{"author":{"name":"Isaac Z. Schlueter","email":"i@izs.me","url":"http://blog.izs.me/"},"name":"fstream-npm","description":"fstream class for creating npm packages","version":"1.0.4","repository":{"type":"git","url":"git://github.com/isaacs/fstream-npm.git"},"scripts":{"test":"standard"},"main":"./fstream-npm.js","dependencies":{"fstream-ignore":"^1.0.0","inherits":"2"},"devDependencies":{"standard":"^4.3.1"},"license":"ISC","gitHead":"d4bec1d24e777b8cef64857d26af828cff1bba68","bugs":{"url":"https://github.com/isaacs/fstream-npm/issues"},"homepage":"https://github.com/isaacs/fstream-npm#readme","_id":"fstream-npm@1.0.4","_shasum":"22196318b8fc2ab5ce15fd330fff931165e0305a","_from":".","_npmVersion":"3.1.0","_nodeVersion":"0.10.38","_npmUser":{"name":"iarna","email":"me@re-becca.org"},"dist":{"shasum":"22196318b8fc2ab5ce15fd330fff931165e0305a","tarball":"https://registry.npmjs.org/fstream-npm/-/fstream-npm-1.0.4.tgz"},"maintainers":[{"name":"isaacs","email":"isaacs@npmjs.com"},{"name":"othiym23","email":"ogd@aoaioxxysz.net"},{"name":"iarna","email":"me@re-becca.org"}],"directories":{}},"1.0.5":{"author":{"name":"Isaac Z. Schlueter","email":"i@izs.me","url":"http://blog.izs.me/"},"name":"fstream-npm","description":"fstream class for creating npm packages","version":"1.0.5","repository":{"type":"git","url":"git://github.com/isaacs/fstream-npm.git"},"scripts":{"test":"standard && tap test/*.js"},"main":"./fstream-npm.js","dependencies":{"fstream-ignore":"^1.0.0","inherits":"2"},"devDependencies":{"graceful-fs":"^4.1.2","mkdirp":"^0.5.1","rimraf":"^2.4.2","standard":"^4.3.1","tap":"^1.3.2"},"license":"ISC","gitHead":"f6ec06b9c45d7330213a5b446fff424b5a74e197","bugs":{"url":"https://github.com/isaacs/fstream-npm/issues"},"homepage":"https://github.com/isaacs/fstream-npm#readme","_id":"fstream-npm@1.0.5","_shasum":"4c1d1cbc6da95c745f8d2c52077a1d2e7b337206","_from":".","_npmVersion":"2.14.0","_nodeVersion":"2.5.0","_npmUser":{"name":"othiym23","email":"ogd@aoaioxxysz.net"},"dist":{"shasum":"4c1d1cbc6da95c745f8d2c52077a1d2e7b337206","tarball":"https://registry.npmjs.org/fstream-npm/-/fstream-npm-1.0.5.tgz"},"maintainers":[{"name":"isaacs","email":"isaacs@npmjs.com"},{"name":"othiym23","email":"ogd@aoaioxxysz.net"},{"name":"iarna","email":"me@re-becca.org"}],"directories":{}},"1.0.6":{"author":{"name":"Isaac Z. Schlueter","email":"i@izs.me","url":"http://blog.izs.me/"},"name":"fstream-npm","description":"fstream class for creating npm packages","version":"1.0.6","repository":{"type":"git","url":"git+https://github.com/npm/fstream-npm.git"},"scripts":{"test":"standard && tap test/*.js"},"main":"./fstream-npm.js","dependencies":{"fstream-ignore":"^1.0.0","inherits":"2"},"devDependencies":{"graceful-fs":"^4.1.2","mkdirp":"^0.5.1","rimraf":"^2.4.2","standard":"^4.3.1","tap":"^1.3.2"},"license":"ISC","gitHead":"b921369d396f0a51326e15b33072b0147290a7a3","bugs":{"url":"https://github.com/npm/fstream-npm/issues"},"homepage":"https://github.com/npm/fstream-npm#readme","_id":"fstream-npm@1.0.6","_shasum":"33fb64874b8e5a28b328773b1a70f8b4ffbfa69c","_from":".","_npmVersion":"3.3.12","_nodeVersion":"4.2.1","_npmUser":{"name":"othiym23","email":"ogd@aoaioxxysz.net"},"dist":{"shasum":"33fb64874b8e5a28b328773b1a70f8b4ffbfa69c","tarball":"https://registry.npmjs.org/fstream-npm/-/fstream-npm-1.0.6.tgz"},"maintainers":[{"name":"isaacs","email":"isaacs@npmjs.com"},{"name":"othiym23","email":"ogd@aoaioxxysz.net"},{"name":"iarna","email":"me@re-becca.org"}],"directories":{}},"1.0.7":{"author":{"name":"Isaac Z. Schlueter","email":"i@izs.me","url":"http://blog.izs.me/"},"name":"fstream-npm","description":"fstream class for creating npm packages","version":"1.0.7","repository":{"type":"git","url":"git+https://github.com/npm/fstream-npm.git"},"scripts":{"test":"standard && tap test/*.js"},"main":"./fstream-npm.js","dependencies":{"fstream-ignore":"^1.0.0","inherits":"2"},"devDependencies":{"graceful-fs":"^4.1.2","mkdirp":"^0.5.1","rimraf":"^2.4.2","standard":"^4.3.1","tap":"^1.3.2"},"license":"ISC","gitHead":"d57b6b24f91156067f73417dd8785c6312bfc75f","bugs":{"url":"https://github.com/npm/fstream-npm/issues"},"homepage":"https://github.com/npm/fstream-npm#readme","_id":"fstream-npm@1.0.7","_shasum":"7ed0d1ac13d7686dd9e1bf6ceb8be273bf6d2f86","_from":".","_npmVersion":"2.14.9","_nodeVersion":"4.2.1","_npmUser":{"name":"othiym23","email":"ogd@aoaioxxysz.net"},"dist":{"shasum":"7ed0d1ac13d7686dd9e1bf6ceb8be273bf6d2f86","tarball":"https://registry.npmjs.org/fstream-npm/-/fstream-npm-1.0.7.tgz"},"maintainers":[{"name":"isaacs","email":"isaacs@npmjs.com"},{"name":"othiym23","email":"ogd@aoaioxxysz.net"},{"name":"iarna","email":"me@re-becca.org"}],"directories":{}},"1.1.0":{"author":{"name":"Isaac Z. Schlueter","email":"i@izs.me","url":"http://blog.izs.me/"},"name":"fstream-npm","description":"fstream class for creating npm packages","version":"1.1.0","repository":{"type":"git","url":"git+https://github.com/npm/fstream-npm.git"},"scripts":{"test":"standard && tap test/*.js"},"main":"./fstream-npm.js","dependencies":{"fstream-ignore":"^1.0.0","inherits":"2"},"devDependencies":{"graceful-fs":"^4.1.2","mkdirp":"^0.5.1","rimraf":"^2.4.2","standard":"^4.3.1","tap":"^1.3.2"},"license":"ISC","gitHead":"7df2e946714506f287b0a8125dc05566b840d4b0","bugs":{"url":"https://github.com/npm/fstream-npm/issues"},"homepage":"https://github.com/npm/fstream-npm#readme","_id":"fstream-npm@1.1.0","_shasum":"80e09743485eaa70d57e89d1ff8fafa366cdefea","_from":".","_npmVersion":"3.9.1","_nodeVersion":"5.10.1","_npmUser":{"name":"zkat","email":"kat@sykosomatic.org"},"dist":{"shasum":"80e09743485eaa70d57e89d1ff8fafa366cdefea","tarball":"https://registry.npmjs.org/fstream-npm/-/fstream-npm-1.1.0.tgz"},"maintainers":[{"name":"iarna","email":"me@re-becca.org"},{"name":"isaacs","email":"i@izs.me"},{"name":"othiym23","email":"ogd@aoaioxxysz.net"},{"name":"zkat","email":"kat@sykosomatic.org"}],"_npmOperationalInternal":{"host":"packages-12-west.internal.npmjs.com","tmp":"tmp/fstream-npm-1.1.0.tgz_1463528747313_0.84859543829225"},"directories":{}},"1.1.1":{"author":{"name":"Isaac Z. Schlueter","email":"i@izs.me","url":"http://blog.izs.me/"},"name":"fstream-npm","description":"fstream class for creating npm packages","version":"1.1.1","repository":{"type":"git","url":"git+https://github.com/npm/fstream-npm.git"},"scripts":{"test":"standard && tap test/*.js"},"main":"./fstream-npm.js","dependencies":{"fstream-ignore":"^1.0.0","inherits":"2"},"devDependencies":{"graceful-fs":"^4.1.2","mkdirp":"^0.5.1","rimraf":"^2.4.2","standard":"^4.3.1","tap":"^1.3.2"},"license":"ISC","gitHead":"434415a678c4759c997207f974b25c7492d39127","bugs":{"url":"https://github.com/npm/fstream-npm/issues"},"homepage":"https://github.com/npm/fstream-npm#readme","_id":"fstream-npm@1.1.1","_shasum":"6b9175db6239a83d8209e232426c494dbb29690c","_from":".","_npmVersion":"3.10.6","_nodeVersion":"5.10.1","_npmUser":{"name":"zkat","email":"kat@sykosomatic.org"},"dist":{"shasum":"6b9175db6239a83d8209e232426c494dbb29690c","tarball":"https://registry.npmjs.org/fstream-npm/-/fstream-npm-1.1.1.tgz"},"maintainers":[{"name":"iarna","email":"me@re-becca.org"},{"name":"isaacs","email":"i@izs.me"},{"name":"othiym23","email":"ogd@aoaioxxysz.net"},{"name":"zkat","email":"kat@sykosomatic.org"}],"_npmOperationalInternal":{"host":"packages-16-east.internal.npmjs.com","tmp":"tmp/fstream-npm-1.1.1.tgz_1470163716583_0.04285589815117419"},"directories":{}},"1.2.0":{"author":{"name":"Isaac Z. Schlueter","email":"i@izs.me","url":"http://blog.izs.me/"},"name":"fstream-npm","description":"fstream class for creating npm packages","version":"1.2.0","repository":{"type":"git","url":"git+https://github.com/npm/fstream-npm.git"},"scripts":{"test":"standard && tap test/*.js"},"main":"./fstream-npm.js","dependencies":{"fstream-ignore":"^1.0.0","inherits":"2"},"devDependencies":{"graceful-fs":"^4.1.2","mkdirp":"^0.5.1","rimraf":"^2.4.2","standard":"^4.3.1","tap":"^1.3.2"},"license":"ISC","gitHead":"b839e060768000d634b43e44274df68e383d5791","bugs":{"url":"https://github.com/npm/fstream-npm/issues"},"homepage":"https://github.com/npm/fstream-npm#readme","_id":"fstream-npm@1.2.0","_shasum":"d2c3c89101346982d64e57091c38487bda916fce","_from":".","_npmVersion":"3.10.7","_nodeVersion":"4.5.0","_npmUser":{"name":"zkat","email":"kat@sykosomatic.org"},"dist":{"shasum":"d2c3c89101346982d64e57091c38487bda916fce","tarball":"https://registry.npmjs.org/fstream-npm/-/fstream-npm-1.2.0.tgz"},"maintainers":[{"name":"iarna","email":"me@re-becca.org"},{"name":"isaacs","email":"i@izs.me"},{"name":"othiym23","email":"ogd@aoaioxxysz.net"},{"name":"zkat","email":"kat@sykosomatic.org"}],"_npmOperationalInternal":{"host":"packages-16-east.internal.npmjs.com","tmp":"tmp/fstream-npm-1.2.0.tgz_1473287973531_0.21196374762803316"},"directories":{}},"1.2.1":{"author":{"name":"Isaac Z. Schlueter","email":"i@izs.me","url":"http://blog.izs.me/"},"name":"fstream-npm","description":"fstream class for creating npm packages","version":"1.2.1","repository":{"type":"git","url":"git+https://github.com/npm/fstream-npm.git"},"scripts":{"test":"standard && tap test/*.js"},"main":"./fstream-npm.js","dependencies":{"fstream-ignore":"^1.0.0","inherits":"2"},"devDependencies":{"graceful-fs":"^4.1.2","mkdirp":"^0.5.1","rimraf":"^2.4.2","standard":"^4.3.1","tap":"^1.3.2"},"license":"ISC","gitHead":"b0a7b6fd9381689eeef9147ea4a1c71c250b177f","bugs":{"url":"https://github.com/npm/fstream-npm/issues"},"homepage":"https://github.com/npm/fstream-npm#readme","_id":"fstream-npm@1.2.1","_npmVersion":"4.6.1","_nodeVersion":"7.9.0","_npmUser":{"name":"zkat","email":"kat@sykosomatic.org"},"dist":{"integrity":"sha512-iBHpm/LmD1qw0TlHMAqVd9rwdU6M+EHRUnPkXpRi5G/Hf0FIFH+oZFryodAU2MFNfGRh/CzhUFlMKV3pdeOTDw==","shasum":"08c4a452f789dcbac4c89a4563c902b2c862fd5b","tarball":"https://registry.npmjs.org/fstream-npm/-/fstream-npm-1.2.1.tgz"},"maintainers":[{"name":"iarna","email":"me@re-becca.org"},{"name":"isaacs","email":"i@izs.me"},{"name":"othiym23","email":"ogd@aoaioxxysz.net"},{"name":"zkat","email":"kat@sykosomatic.org"}],"_npmOperationalInternal":{"host":"packages-12-west.internal.npmjs.com","tmp":"tmp/fstream-npm-1.2.1.tgz_1494694290633_0.659721463220194"},"directories":{}}},"readme":"# fstream-npm\n\nThis is an fstream DirReader class that will read a directory and filter\nthings according to the semantics of what goes in an npm package.\n\nFor example:\n\n```javascript\n// This will print out all the files that would be included\n// by 'npm publish' or 'npm install' of this directory.\n\nvar FN = require(\"fstream-npm\")\nFN({ path: \"./\" })\n  .on(\"child\", function (e) {\n    console.error(e.path.substr(e.root.path.length + 1))\n  })\n```\n\n","maintainers":[{"email":"kzm@sykosomatic.org","name":"zkat"},{"email":"me@re-becca.org","name":"iarna"},{"email":"i@izs.me","name":"isaacs"},{"email":"ogd@aoaioxxysz.net","name":"othiym23"}],"time":{"modified":"2018-03-15T07:23:30.659Z","created":"2012-03-27T06:40:31.239Z","0.0.1":"2012-03-27T06:40:32.662Z","0.0.2":"2012-03-27T14:54:19.370Z","0.0.3":"2012-03-27T20:45:57.651Z","0.0.4":"2012-03-27T21:18:15.406Z","0.0.5":"2012-04-17T23:32:10.253Z","0.0.6":"2012-06-04T04:02:16.409Z","0.1.0":"2012-06-04T21:51:24.831Z","0.1.1":"2012-07-13T16:20:54.285Z","0.1.2":"2012-09-10T16:04:22.034Z","0.1.3":"2012-10-22T15:44:29.713Z","0.1.4":"2013-03-10T03:18:10.633Z","0.1.5":"2013-05-29T00:34:05.402Z","0.1.6":"2013-10-11T22:33:48.953Z","0.1.7":"2014-05-19T22:19:17.440Z","0.1.8":"2014-07-31T22:10:12.316Z","1.0.0":"2014-07-31T22:10:48.368Z","1.0.1":"2014-10-17T14:44:51.828Z","1.0.2":"2015-03-20T07:13:31.006Z","1.0.3":"2015-06-19T06:59:09.780Z","1.0.4":"2015-07-08T07:16:40.492Z","1.0.5":"2015-08-20T01:51:17.584Z","1.0.6":"2015-11-05T01:20:20.954Z","1.0.7":"2015-11-05T03:43:56.302Z","1.1.0":"2016-05-17T23:45:47.876Z","1.1.1":"2016-08-02T18:48:38.763Z","1.2.0":"2016-09-07T22:39:35.554Z","1.2.1":"2017-05-13T16:51:30.873Z"},"author":{"name":"Isaac Z. Schlueter","email":"i@izs.me","url":"http://blog.izs.me/"},"repository":{"type":"git","url":"git+https://github.com/npm/fstream-npm.git"},"users":{"pftom":true},"homepage":"https://github.com/npm/fstream-npm#readme","bugs":{"url":"https://github.com/npm/fstream-npm/issues"},"license":"ISC","readmeFilename":"README.md","_attachments":{},"_etag":"W/\"db665dd079c2261946ca205cba16f5f6\"","_lastModified":"Sun, 27 May 2018 01:18:32 GMT"}