{"_id":"ansistyles","_rev":"9-db07934967357ce173b5c56e8cd94de3","name":"ansistyles","description":"Functions that surround a string with ansistyle codes so it prints in style.","dist-tags":{"latest":"0.1.3"},"versions":{"0.1.0":{"name":"ansistyles","version":"0.1.0","description":"Functions that surround a string with ansistyle codes so it prints in style.","main":"ansistyles.js","scripts":{"test":"node test/ansistyles.js"},"repository":{"type":"git","url":"git://github.com/thlorenz/ansistyles.git"},"keywords":["ansi","style","terminal","console"],"author":{"name":"Thorsten Lorenz","email":"thlorenz@gmx.de","url":"thlorenz.com"},"license":"MIT","readmeFilename":"README.md","gitHead":"27bf1bc65231bcc7fd109bf13b13601b51f8cd04","readme":"# ansistyles [![build status](https://secure.travis-ci.org/thlorenz/ansistyles.png)](http://next.travis-ci.org/thlorenz/ansistyles)\n\nFunctions that surround a string with ansistyle codes so it prints in style.\n\n## Installation\n\n    npm install ansistyles\n\n## Usage\n\n```js\nvar styles = require('ansistyles');\n\nconsole.log(styles.bright('hello world'));    // prints hello world in 'bright' white\nconsole.log(styles.underline('hello world')); // prints hello world underlined\nconsole.log(styles.inverse('hello world'));   // prints hello world black on white\n```\n\n## Combining with ansicolors\n\nGet the ansicolors module:\n\n    npm install ansicolors\n\n```js\nvar styles = require('ansistyles')\n  , colors = require('ansicolors');\n\n  console.log(\n    // prints hello world underlined in blue on a green background\n    colors.bgGreen(colors.blue(styles.underline('hello world'))) \n  );\n```\n\n## Tests\n\nLook at the [tests](https://github.com/thlorenz/ansistyles/blob/master/test/ansistyles.js) to see more examples and/or run them via: \n\n    npm explore ansistyles && npm test\n\n## More Styles\n\nAs you can see from [here](https://github.com/thlorenz/ansistyles/blob/master/ansistyles.js#L4-L15), more styles are available,\nbut didn't have any effect on the terminals that I tested on Mac Lion and Ubuntu Linux.\n\nI included them for completeness, but didn't show them in the examples because they seem to have no effect.\n\n## Alternatives\n\n**ansistyles** tries to meet simple use cases with a very simple API. However, if you need a more powerful ansi formatting tool, \nI'd suggest to look at the [features](https://github.com/TooTallNate/ansi.js#features) of the [ansi module](https://github.com/TooTallNate/ansi.js).\n","_id":"ansistyles@0.1.0","dist":{"shasum":"b016782d42cc6ff334c8712e820b884cfbafdeb1","tarball":"https://registry.npmjs.org/ansistyles/-/ansistyles-0.1.0.tgz"},"_npmVersion":"1.1.69","_npmUser":{"name":"thlorenz","email":"thlorenz@gmx.de"},"maintainers":[{"name":"thlorenz","email":"thlorenz@gmx.de"}],"directories":{}},"0.1.1":{"name":"ansistyles","version":"0.1.1","description":"Functions that surround a string with ansistyle codes so it prints in style.","main":"ansistyles.js","scripts":{"test":"node test/ansistyles.js"},"repository":{"type":"git","url":"git://github.com/thlorenz/ansistyles.git"},"keywords":["ansi","style","terminal","console"],"author":{"name":"Thorsten Lorenz","email":"thlorenz@gmx.de","url":"thlorenz.com"},"license":"MIT","readmeFilename":"README.md","gitHead":"27bf1bc65231bcc7fd109bf13b13601b51f8cd04","readme":"# ansistyles [![build status](https://secure.travis-ci.org/thlorenz/ansistyles.png)](http://next.travis-ci.org/thlorenz/ansistyles)\n\nFunctions that surround a string with ansistyle codes so it prints in style.\n\n## Installation\n\n    npm install ansistyles\n\n## Usage\n\n```js\nvar styles = require('ansistyles');\n\nconsole.log(styles.bright('hello world'));    // prints hello world in 'bright' white\nconsole.log(styles.underline('hello world')); // prints hello world underlined\nconsole.log(styles.inverse('hello world'));   // prints hello world black on white\n```\n\n## Combining with ansicolors\n\nGet the ansicolors module:\n\n    npm install ansicolors\n\n```js\nvar styles = require('ansistyles')\n  , colors = require('ansicolors');\n\n  console.log(\n    // prints hello world underlined in blue on a green background\n    colors.bgGreen(colors.blue(styles.underline('hello world'))) \n  );\n```\n\n## Tests\n\nLook at the [tests](https://github.com/thlorenz/ansistyles/blob/master/test/ansistyles.js) to see more examples and/or run them via: \n\n    npm explore ansistyles && npm test\n\n## More Styles\n\nAs you can see from [here](https://github.com/thlorenz/ansistyles/blob/master/ansistyles.js#L4-L15), more styles are available,\nbut didn't have any effect on the terminals that I tested on Mac Lion and Ubuntu Linux.\n\nI included them for completeness, but didn't show them in the examples because they seem to have no effect.\n\n### reset\n\nA style reset function is also included, please note however that this is not nestable.\n\nTherefore the below only underlines `hell` only, but not `world`.\n\n```js\nconsole.log(styles.underline('hell' + styles.reset('o') + ' world'));\n```\n\nIt is essentially the same as:\n\n```js\nconsole.log(styles.underline('hell') + styles.reset('') + 'o world');\n```\n\n\n\n## Alternatives\n\n**ansistyles** tries to meet simple use cases with a very simple API. However, if you need a more powerful ansi formatting tool, \nI'd suggest to look at the [features](https://github.com/TooTallNate/ansi.js#features) of the [ansi module](https://github.com/TooTallNate/ansi.js).\n","_id":"ansistyles@0.1.1","dist":{"shasum":"57294c7ba92fa754c7866b159e07493d1c403fe6","tarball":"https://registry.npmjs.org/ansistyles/-/ansistyles-0.1.1.tgz"},"_npmVersion":"1.1.69","_npmUser":{"name":"thlorenz","email":"thlorenz@gmx.de"},"maintainers":[{"name":"thlorenz","email":"thlorenz@gmx.de"}],"directories":{}},"0.1.2":{"name":"ansistyles","version":"0.1.2","description":"Functions that surround a string with ansistyle codes so it prints in style.","main":"ansistyles.js","scripts":{"test":"node test/ansistyles.js"},"repository":{"type":"git","url":"git://github.com/thlorenz/ansistyles.git"},"keywords":["ansi","style","terminal","console"],"author":{"name":"Thorsten Lorenz","email":"thlorenz@gmx.de","url":"thlorenz.com"},"license":"MIT","readmeFilename":"README.md","gitHead":"27bf1bc65231bcc7fd109bf13b13601b51f8cd04","readme":"# ansistyles [![build status](https://secure.travis-ci.org/thlorenz/ansistyles.png)](http://next.travis-ci.org/thlorenz/ansistyles)\n\nFunctions that surround a string with ansistyle codes so it prints in style.\n\nIn case you need colors, like `red`, have a look at [ansicolors](https://github.com/thlorenz/ansicolors).\n\n## Installation\n\n    npm install ansistyles\n\n## Usage\n\n```js\nvar styles = require('ansistyles');\n\nconsole.log(styles.bright('hello world'));    // prints hello world in 'bright' white\nconsole.log(styles.underline('hello world')); // prints hello world underlined\nconsole.log(styles.inverse('hello world'));   // prints hello world black on white\n```\n\n## Combining with ansicolors\n\nGet the ansicolors module:\n\n    npm install ansicolors\n\n```js\nvar styles = require('ansistyles')\n  , colors = require('ansicolors');\n\n  console.log(\n    // prints hello world underlined in blue on a green background\n    colors.bgGreen(colors.blue(styles.underline('hello world'))) \n  );\n```\n\n## Tests\n\nLook at the [tests](https://github.com/thlorenz/ansistyles/blob/master/test/ansistyles.js) to see more examples and/or run them via: \n\n    npm explore ansistyles && npm test\n\n## More Styles\n\nAs you can see from [here](https://github.com/thlorenz/ansistyles/blob/master/ansistyles.js#L4-L15), more styles are available,\nbut didn't have any effect on the terminals that I tested on Mac Lion and Ubuntu Linux.\n\nI included them for completeness, but didn't show them in the examples because they seem to have no effect.\n\n### reset\n\nA style reset function is also included, please note however that this is not nestable.\n\nTherefore the below only underlines `hell` only, but not `world`.\n\n```js\nconsole.log(styles.underline('hell' + styles.reset('o') + ' world'));\n```\n\nIt is essentially the same as:\n\n```js\nconsole.log(styles.underline('hell') + styles.reset('') + 'o world');\n```\n\n\n\n## Alternatives\n\n**ansistyles** tries to meet simple use cases with a very simple API. However, if you need a more powerful ansi formatting tool, \nI'd suggest to look at the [features](https://github.com/TooTallNate/ansi.js#features) of the [ansi module](https://github.com/TooTallNate/ansi.js).\n","bugs":{"url":"https://github.com/thlorenz/ansistyles/issues"},"_id":"ansistyles@0.1.2","dist":{"shasum":"436c0afa9dcfe1cd3193d959fc97ddb88edd8f69","tarball":"https://registry.npmjs.org/ansistyles/-/ansistyles-0.1.2.tgz"},"_from":".","_npmVersion":"1.3.11","_npmUser":{"name":"thlorenz","email":"thlorenz@gmx.de"},"maintainers":[{"name":"thlorenz","email":"thlorenz@gmx.de"}],"directories":{}},"0.1.3":{"name":"ansistyles","version":"0.1.3","description":"Functions that surround a string with ansistyle codes so it prints in style.","main":"ansistyles.js","scripts":{"test":"node test/ansistyles.js"},"repository":{"type":"git","url":"git://github.com/thlorenz/ansistyles.git"},"keywords":["ansi","style","terminal","console"],"author":{"name":"Thorsten Lorenz","email":"thlorenz@gmx.de","url":"thlorenz.com"},"license":"MIT","readmeFilename":"README.md","gitHead":"27bf1bc65231bcc7fd109bf13b13601b51f8cd04","readme":"# ansistyles [![build status](https://secure.travis-ci.org/thlorenz/ansistyles.png)](http://next.travis-ci.org/thlorenz/ansistyles)\n\nFunctions that surround a string with ansistyle codes so it prints in style.\n\nIn case you need colors, like `red`, have a look at [ansicolors](https://github.com/thlorenz/ansicolors).\n\n## Installation\n\n    npm install ansistyles\n\n## Usage\n\n```js\nvar styles = require('ansistyles');\n\nconsole.log(styles.bright('hello world'));    // prints hello world in 'bright' white\nconsole.log(styles.underline('hello world')); // prints hello world underlined\nconsole.log(styles.inverse('hello world'));   // prints hello world black on white\n```\n\n## Combining with ansicolors\n\nGet the ansicolors module:\n\n    npm install ansicolors\n\n```js\nvar styles = require('ansistyles')\n  , colors = require('ansicolors');\n\n  console.log(\n    // prints hello world underlined in blue on a green background\n    colors.bgGreen(colors.blue(styles.underline('hello world'))) \n  );\n```\n\n## Tests\n\nLook at the [tests](https://github.com/thlorenz/ansistyles/blob/master/test/ansistyles.js) to see more examples and/or run them via: \n\n    npm explore ansistyles && npm test\n\n## More Styles\n\nAs you can see from [here](https://github.com/thlorenz/ansistyles/blob/master/ansistyles.js#L4-L15), more styles are available,\nbut didn't have any effect on the terminals that I tested on Mac Lion and Ubuntu Linux.\n\nI included them for completeness, but didn't show them in the examples because they seem to have no effect.\n\n### reset\n\nA style reset function is also included, please note however that this is not nestable.\n\nTherefore the below only underlines `hell` only, but not `world`.\n\n```js\nconsole.log(styles.underline('hell' + styles.reset('o') + ' world'));\n```\n\nIt is essentially the same as:\n\n```js\nconsole.log(styles.underline('hell') + styles.reset('') + 'o world');\n```\n\n\n\n## Alternatives\n\n**ansistyles** tries to meet simple use cases with a very simple API. However, if you need a more powerful ansi formatting tool, \nI'd suggest to look at the [features](https://github.com/TooTallNate/ansi.js#features) of the [ansi module](https://github.com/TooTallNate/ansi.js).\n","bugs":{"url":"https://github.com/thlorenz/ansistyles/issues"},"_id":"ansistyles@0.1.3","dist":{"shasum":"5de60415bda071bb37127854c864f41b23254539","tarball":"https://registry.npmjs.org/ansistyles/-/ansistyles-0.1.3.tgz"},"_from":".","_npmVersion":"1.3.11","_npmUser":{"name":"thlorenz","email":"thlorenz@gmx.de"},"maintainers":[{"name":"thlorenz","email":"thlorenz@gmx.de"}],"directories":{}}},"readme":"# ansistyles [![build status](https://secure.travis-ci.org/thlorenz/ansistyles.png)](http://next.travis-ci.org/thlorenz/ansistyles)\n\nFunctions that surround a string with ansistyle codes so it prints in style.\n\n## Installation\n\n    npm install ansistyles\n\n## Usage\n\n```js\nvar styles = require('ansistyles');\n\nconsole.log(styles.bright('hello world'));    // prints hello world in 'bright' white\nconsole.log(styles.underline('hello world')); // prints hello world underlined\nconsole.log(styles.inverse('hello world'));   // prints hello world black on white\n```\n\n## Combining with ansicolors\n\nGet the ansicolors module:\n\n    npm install ansicolors\n\n```js\nvar styles = require('ansistyles')\n  , colors = require('ansicolors');\n\n  console.log(\n    // prints hello world underlined in blue on a green background\n    colors.bgGreen(colors.blue(styles.underline('hello world'))) \n  );\n```\n\n## Tests\n\nLook at the [tests](https://github.com/thlorenz/ansistyles/blob/master/test/ansistyles.js) to see more examples and/or run them via: \n\n    npm explore ansistyles && npm test\n\n## More Styles\n\nAs you can see from [here](https://github.com/thlorenz/ansistyles/blob/master/ansistyles.js#L4-L15), more styles are available,\nbut didn't have any effect on the terminals that I tested on Mac Lion and Ubuntu Linux.\n\nI included them for completeness, but didn't show them in the examples because they seem to have no effect.\n\n## Alternatives\n\n**ansistyles** tries to meet simple use cases with a very simple API. However, if you need a more powerful ansi formatting tool, \nI'd suggest to look at the [features](https://github.com/TooTallNate/ansi.js#features) of the [ansi module](https://github.com/TooTallNate/ansi.js).\n","maintainers":[{"name":"thlorenz","email":"thlorenz@gmx.de"}],"time":{"modified":"2013-12-03T15:23:09.166Z","created":"2013-01-12T21:42:18.065Z","0.1.0":"2013-01-12T21:42:19.279Z","0.1.1":"2013-02-26T02:46:21.847Z","0.1.2":"2013-11-24T17:40:47.183Z","0.1.3":"2013-12-03T15:23:09.166Z"},"author":{"name":"Thorsten Lorenz","email":"thlorenz@gmx.de","url":"thlorenz.com"},"repository":{"type":"git","url":"git://github.com/thlorenz/ansistyles.git"},"_attachments":{},"_etag":"W/\"4bc158cd9d6f8e7412e47968f7f73a66\"","_lastModified":"Sat, 26 May 2018 16:54:30 GMT"}