{"_id":"read-cmd-shim","_rev":"4-a3da006e426d714141cef391d07d476a","name":"read-cmd-shim","description":"Figure out what a cmd-shim is pointing at. This acts as the equivalent of fs.readlink.","dist-tags":{"latest":"1.0.1"},"versions":{"1.0.0":{"name":"read-cmd-shim","version":"1.0.0","description":"Figure out what a cmd-shim is pointing at. This acts as the equivalent of fs.readlink.","main":"index.js","dependencies":{"graceful-fs":"^4.1.2"},"devDependencies":{"cmd-shim":"^2.0.1","rimraf":"^2.4.3","standard":"^5.2.2","tap":"^1.4.1"},"scripts":{"test":"standard && tap test/*.js"},"repository":{"type":"git","url":"git+https://github.com/npm/read-cmd-shim.git"},"author":{"name":"Rebecca Turner","email":"me@re-becca.org","url":"http://re-becca.org/"},"license":"ISC","bugs":{"url":"https://github.com/npm/read-cmd-shim/issues"},"homepage":"https://github.com/npm/read-cmd-shim#readme","gitHead":"094627616b319c37456abe9f2bb2ce513966eaad","_id":"read-cmd-shim@1.0.0","_shasum":"00c4abc7b92d623caeb7ed4bbf580bf5e43e9a25","_from":".","_npmVersion":"3.3.0","_nodeVersion":"3.1.0","_npmUser":{"name":"iarna","email":"me@re-becca.org"},"dist":{"shasum":"00c4abc7b92d623caeb7ed4bbf580bf5e43e9a25","tarball":"https://registry.npmjs.org/read-cmd-shim/-/read-cmd-shim-1.0.0.tgz"},"maintainers":[{"name":"iarna","email":"me@re-becca.org"}],"directories":{}},"1.0.1":{"name":"read-cmd-shim","version":"1.0.1","description":"Figure out what a cmd-shim is pointing at. This acts as the equivalent of fs.readlink.","main":"index.js","dependencies":{"graceful-fs":"^4.1.2"},"devDependencies":{"cmd-shim":"^2.0.1","rimraf":"^2.4.3","standard":"^5.2.2","tap":"^1.4.1"},"scripts":{"test":"standard && tap test/*.js"},"repository":{"type":"git","url":"git+https://github.com/npm/read-cmd-shim.git"},"author":{"name":"Rebecca Turner","email":"me@re-becca.org","url":"http://re-becca.org/"},"license":"ISC","bugs":{"url":"https://github.com/npm/read-cmd-shim/issues"},"homepage":"https://github.com/npm/read-cmd-shim#readme","gitHead":"7c50879bf49743a1c69f9d7f0ba1638fc46bb40c","_id":"read-cmd-shim@1.0.1","_shasum":"2d5d157786a37c055d22077c32c53f8329e91c7b","_from":".","_npmVersion":"3.3.0","_nodeVersion":"3.1.0","_npmUser":{"name":"iarna","email":"me@re-becca.org"},"dist":{"shasum":"2d5d157786a37c055d22077c32c53f8329e91c7b","tarball":"https://registry.npmjs.org/read-cmd-shim/-/read-cmd-shim-1.0.1.tgz"},"maintainers":[{"name":"iarna","email":"me@re-becca.org"}],"directories":{}}},"readme":"# read-cmd-shim\n\nFigure out what a [`cmd-shim`](https://github.com/ForbesLindesay/cmd-shim)\nis pointing at.  This acts as the equivalent of\n[`fs.readlink`](https://nodejs.org/api/fs.html#fs_fs_readlink_path_callback).\n\n### Usage\n\n```\nvar readCmdShim = require('read-cmd-shim')\n\nreadCmdShim('/path/to/shim.cmd', function (er, destination) {\n  …\n})\n\nvar destination = readCmdShim.sync('/path/to/shim.cmd')\n\n### readCmdShim(path, callback)\n\nReads the `cmd-shim` located at `path` and calls back with the _relative_\npath that the shim points at. Consider this as roughly the equivalent of\n`fs.readlink`.\n\nThis can read both `.cmd` style that are run by the Windows Command Prompt\nand Powershell, and the kind without any extension that are used by Cygwin.\n\nThis can return errors that `fs.readFile` returns, except that they'll\ninclude a stack trace from where `readCmdShim` was called.  Plus it can\nreturn a special `ENOTASHIM` exception, when it can't find a cmd-shim in the\nfile referenced by `path`.  This should only happen if you pass in a\nnon-command shim.\n\n\n### readCmdShim.sync(path)\n\nSame as above but synchronous. Errors are thrown.\n","maintainers":[{"name":"iarna","email":"me@re-becca.org"}],"time":{"modified":"2015-09-09T21:48:26.193Z","created":"2015-09-09T20:14:50.889Z","1.0.0":"2015-09-09T20:14:50.889Z","1.0.1":"2015-09-09T21:48:26.193Z"},"homepage":"https://github.com/npm/read-cmd-shim#readme","repository":{"type":"git","url":"git+https://github.com/npm/read-cmd-shim.git"},"author":{"name":"Rebecca Turner","email":"me@re-becca.org","url":"http://re-becca.org/"},"bugs":{"url":"https://github.com/npm/read-cmd-shim/issues"},"license":"ISC","readmeFilename":"README.md","users":{"mattmcfarland":true,"iarna":true},"_attachments":{},"_etag":"W/\"36b445454ad1660c770b7085092a61e2\"","_lastModified":"Sun, 27 May 2018 15:26:21 GMT"}