{"_id":"readdir-scoped-modules","_rev":"10-c6ed1464b10ed6be7aabb2abf8d94016","name":"readdir-scoped-modules","description":"Like `fs.readdir` but handling `@org/module` dirs as if they were a single entry.","dist-tags":{"latest":"1.0.2"},"versions":{"1.0.0":{"name":"readdir-scoped-modules","version":"1.0.0","description":"Like `fs.readdir` but handling `@org/module` dirs as if they were a single entry.","main":"readdir.js","directories":{"test":"test"},"dependencies":{"debuglog":"^1.0.1","dezalgo":"^1.0.0","once":"^1.3.0"},"devDependencies":{"tap":"0.4"},"scripts":{"test":"tap test/*.js"},"repository":{"type":"git","url":"https://github.com/npm/readdir-scoped-modules"},"author":{"name":"Isaac Z. Schlueter","email":"i@izs.me","url":"http://blog.izs.me/"},"license":"ISC","bugs":{"url":"https://github.com/npm/readdir-scoped-modules/issues"},"homepage":"https://github.com/npm/readdir-scoped-modules","gitHead":"35a4a7a2325d12ed25ed322cd61f976b740f7fb7","_id":"readdir-scoped-modules@1.0.0","_shasum":"e939de969b38b3e7dfaa14fbcfe7a2fd15a4ea37","_from":".","_npmVersion":"2.0.0-alpha.6.0","_npmUser":{"name":"isaacs","email":"i@izs.me"},"maintainers":[{"name":"isaacs","email":"i@izs.me"}],"dist":{"shasum":"e939de969b38b3e7dfaa14fbcfe7a2fd15a4ea37","tarball":"https://registry.npmjs.org/readdir-scoped-modules/-/readdir-scoped-modules-1.0.0.tgz"}},"1.0.1":{"name":"readdir-scoped-modules","version":"1.0.1","description":"Like `fs.readdir` but handling `@org/module` dirs as if they were a single entry.","main":"readdir.js","directories":{"test":"test"},"dependencies":{"debuglog":"^1.0.1","dezalgo":"^1.0.0","graceful-fs":"^3.0.4","once":"^1.3.0"},"devDependencies":{"tap":"0.4"},"scripts":{"test":"tap test/*.js"},"repository":{"type":"git","url":"https://github.com/npm/readdir-scoped-modules"},"author":{"name":"Isaac Z. Schlueter","email":"i@izs.me","url":"http://blog.izs.me/"},"license":"ISC","bugs":{"url":"https://github.com/npm/readdir-scoped-modules/issues"},"homepage":"https://github.com/npm/readdir-scoped-modules","gitHead":"451d38946c5b6b6c0db33a890f33536a11ed79f7","_id":"readdir-scoped-modules@1.0.1","_shasum":"5c2a77f3e08250a8fddf53fa58cdc17900b808b9","_from":".","_npmVersion":"2.1.9","_nodeVersion":"0.10.33","_npmUser":{"name":"othiym23","email":"ogd@aoaioxxysz.net"},"maintainers":[{"name":"isaacs","email":"i@izs.me"},{"name":"othiym23","email":"ogd@aoaioxxysz.net"}],"dist":{"shasum":"5c2a77f3e08250a8fddf53fa58cdc17900b808b9","tarball":"https://registry.npmjs.org/readdir-scoped-modules/-/readdir-scoped-modules-1.0.1.tgz"}},"1.0.2":{"name":"readdir-scoped-modules","version":"1.0.2","description":"Like `fs.readdir` but handling `@org/module` dirs as if they were a single entry.","main":"readdir.js","directories":{"test":"test"},"dependencies":{"debuglog":"^1.0.1","dezalgo":"^1.0.0","graceful-fs":"^4.1.2","once":"^1.3.0"},"devDependencies":{"tap":"^1.2.0"},"scripts":{"test":"tap test/*.js"},"repository":{"type":"git","url":"git+https://github.com/npm/readdir-scoped-modules.git"},"author":{"name":"Isaac Z. Schlueter","email":"i@izs.me","url":"http://blog.izs.me/"},"license":"ISC","bugs":{"url":"https://github.com/npm/readdir-scoped-modules/issues"},"homepage":"https://github.com/npm/readdir-scoped-modules","gitHead":"d41d5de877cb4e9e3f14b92913132680af73d1b4","_id":"readdir-scoped-modules@1.0.2","_shasum":"9fafa37d286be5d92cbaebdee030dc9b5f406747","_from":".","_npmVersion":"2.14.3","_nodeVersion":"2.2.2","_npmUser":{"name":"zkat","email":"kat@sykosomatic.org"},"dist":{"shasum":"9fafa37d286be5d92cbaebdee030dc9b5f406747","tarball":"https://registry.npmjs.org/readdir-scoped-modules/-/readdir-scoped-modules-1.0.2.tgz"},"maintainers":[{"name":"isaacs","email":"isaacs@npmjs.com"},{"name":"othiym23","email":"ogd@aoaioxxysz.net"},{"name":"zkat","email":"kat@sykosomatic.org"}]}},"readme":"# readdir-scoped-modules\n\nLike `fs.readdir` but handling `@org/module` dirs as if they were\na single entry.\n\nUsed by npm.\n\n## USAGE\n\n```javascript\nvar readdir = require('readdir-scoped-modules')\n\nreaddir('node_modules', function (er, entries) {\n  // entries will be something like\n  // ['a', '@org/foo', '@org/bar']\n})\n```\n","maintainers":[{"email":"kzm@sykosomatic.org","name":"zkat"},{"email":"ogd@aoaioxxysz.net","name":"othiym23"},{"email":"i@izs.me","name":"isaacs"}],"time":{"modified":"2017-10-13T22:50:29.653Z","created":"2014-08-12T19:18:14.101Z","1.0.0":"2014-08-12T19:18:14.101Z","1.0.1":"2014-11-19T18:52:52.128Z","1.0.2":"2015-09-10T18:03:09.765Z"},"homepage":"https://github.com/npm/readdir-scoped-modules","repository":{"type":"git","url":"git+https://github.com/npm/readdir-scoped-modules.git"},"author":{"name":"Isaac Z. Schlueter","email":"i@izs.me","url":"http://blog.izs.me/"},"bugs":{"url":"https://github.com/npm/readdir-scoped-modules/issues"},"license":"ISC","readmeFilename":"README.md","users":{"mattmcfarland":true},"_attachments":{},"_etag":"W/\"f544199879b4cf15b6b4ae4ebd962708\"","_lastModified":"Sun, 27 May 2018 15:26:50 GMT"}