{"_id":"to-iso-string","_rev":"5-e36b408eb52f3080c3b32d7e313473fc","name":"to-iso-string","time":{"modified":"2016-07-08T23:08:07.403Z","created":"2015-05-13T02:17:16.678Z","0.0.1":"2015-05-13T02:17:16.678Z","0.0.2":"2015-05-13T02:23:10.898Z"},"maintainers":[{"name":"ndhoule","email":"nathan@nathanhoule.com"}],"dist-tags":{"latest":"0.0.2"},"description":"Cross-browser toISOString support.","readme":"\n# to-iso-string\n  \n  Cross-browser toISOString support.\n\n## Example\n\n```js\nvar iso = require('to-iso-string');\nvar date = new Date(\"05 October 2011 14:48 UTC\");\n\niso(date);\n// \"2011-10-05T14:48:00.000Z\"\n```\n\n## License\n\n  MIT","versions":{"0.0.2":{"name":"to-iso-string","repository":{"type":"git","url":"git://github.com/segmentio/to-iso-string.git"},"version":"0.0.2","license":"MIT","description":"Cross-browser toISOString support.","keywords":["iso","format","iso8601","date","isostring","toISOString"],"devDependencies":{"mocha":"*"},"gitHead":"dded50dbad7ad7568dfaf38e7fe623e43977837d","bugs":{"url":"https://github.com/segmentio/to-iso-string/issues"},"homepage":"https://github.com/segmentio/to-iso-string#readme","_id":"to-iso-string@0.0.2","scripts":{},"_shasum":"4dc19e664dfccbe25bd8db508b00c6da158255d1","_from":".","_npmVersion":"2.9.0","_nodeVersion":"2.0.1","_npmUser":{"name":"ndhoule","email":"nathan@nathanhoule.com"},"dist":{"shasum":"4dc19e664dfccbe25bd8db508b00c6da158255d1","tarball":"https://registry.npmjs.org/to-iso-string/-/to-iso-string-0.0.2.tgz"},"maintainers":[{"name":"ndhoule","email":"nathan@nathanhoule.com"}],"deprecated":"to-iso-string has been deprecated, use @segment/to-iso-string instead.","directories":{}}},"homepage":"https://github.com/segmentio/to-iso-string#readme","keywords":["iso","format","iso8601","date","isostring","toISOString"],"repository":{"type":"git","url":"git://github.com/segmentio/to-iso-string.git"},"bugs":{"url":"https://github.com/segmentio/to-iso-string/issues"},"license":"MIT","readmeFilename":"Readme.md","_attachments":{},"_etag":"W/\"5bbae265e116b80270ad2ada537b899e\"","_lastModified":"Sun, 27 May 2018 19:40:46 GMT"}