{"_id":"lodash._createcache","_rev":"36-85de2e38724c9a050c81c565c88c103b","name":"lodash._createcache","description":"The modern build of lodash’s internal `createCache` as a module.","dist-tags":{"latest":"3.1.2"},"versions":{"2.0.0":{"name":"lodash._createcache","version":"2.0.0","description":"The internal Lo-Dash function `createCache` as a Node.js module generated by lodash-cli.","homepage":"http://lodash.com/custom-builds","license":"MIT","keywords":["customize","functional","lodash","performance","speed","util"],"author":{"name":"John-David Dalton","email":"john.david.dalton@gmail.com","url":"http://allyoucanleet.com/"},"contributors":[{"name":"John-David Dalton","email":"john.david.dalton@gmail.com","url":"http://allyoucanleet.com/"},{"name":"Blaine Bublitz","email":"blaine@iceddev.com","url":"http://iceddev.com/"},{"name":"Kit Cambridge","email":"github@kitcambridge.be","url":"http://kitcambridge.be/"},{"name":"Mathias Bynens","email":"mathias@qiwi.be","url":"http://mathiasbynens.be/"}],"bugs":{"url":"https://github.com/lodash/lodash-cli/issues"},"repository":{"type":"git","url":"https://github.com/lodash/lodash-cli.git"},"dependencies":{"lodash._cachepush":"~2.0.0","lodash._getobject":"~2.0.0","lodash._releaseobject":"~2.0.0"},"_id":"lodash._createcache@2.0.0","dist":{"shasum":"9410efa9b2732dd0adf9ffbf2f9fce9da02973c0","tarball":"https://registry.npmjs.org/lodash._createcache/-/lodash._createcache-2.0.0.tgz"},"_from":".","_npmVersion":"1.3.8","_npmUser":{"name":"jdalton","email":"john.david.dalton@gmail.com"},"maintainers":[{"name":"jdalton","email":"john.david.dalton@gmail.com"},{"name":"kitcambridge","email":"github@kitcambridge.be"},{"name":"mathias","email":"mathias@qiwi.be"},{"name":"phated","email":"blaine@iceddev.com"}],"directories":{}},"2.1.0":{"name":"lodash._createcache","version":"2.1.0","description":"The internal Lo-Dash function `createCache` as a Node.js module generated by lodash-cli.","homepage":"http://lodash.com/custom-builds","license":"MIT","keywords":["functional","lodash","lodash-modularized","performance","speed","util"],"author":{"name":"John-David Dalton","email":"john.david.dalton@gmail.com","url":"http://allyoucanleet.com/"},"contributors":[{"name":"John-David Dalton","email":"john.david.dalton@gmail.com","url":"http://allyoucanleet.com/"},{"name":"Blaine Bublitz","email":"blaine@iceddev.com","url":"http://iceddev.com/"},{"name":"Kit Cambridge","email":"github@kitcambridge.be","url":"http://kitcambridge.be/"},{"name":"Mathias Bynens","email":"mathias@qiwi.be","url":"http://mathiasbynens.be/"}],"bugs":{"url":"https://github.com/lodash/lodash-cli/issues"},"repository":{"type":"git","url":"https://github.com/lodash/lodash-cli.git"},"dependencies":{"lodash._cachepush":"~2.1.0","lodash._getobject":"~2.1.0","lodash._releaseobject":"~2.1.0"},"_id":"lodash._createcache@2.1.0","dist":{"shasum":"02b3d19a44babe8ba032089234dd78c62754bca9","tarball":"https://registry.npmjs.org/lodash._createcache/-/lodash._createcache-2.1.0.tgz"},"_from":".","_npmVersion":"1.3.8","_npmUser":{"name":"jdalton","email":"john.david.dalton@gmail.com"},"maintainers":[{"name":"jdalton","email":"john.david.dalton@gmail.com"},{"name":"kitcambridge","email":"github@kitcambridge.be"},{"name":"mathias","email":"mathias@qiwi.be"},{"name":"phated","email":"blaine@iceddev.com"}],"directories":{}},"2.2.0":{"name":"lodash._createcache","version":"2.2.0","description":"The internal Lo-Dash function `createCache` as a Node.js module generated by lodash-cli.","homepage":"http://lodash.com/custom-builds","license":"MIT","author":{"name":"John-David Dalton","email":"john.david.dalton@gmail.com","url":"http://allyoucanleet.com/"},"contributors":[{"name":"John-David Dalton","email":"john.david.dalton@gmail.com","url":"http://allyoucanleet.com/"},{"name":"Blaine Bublitz","email":"blaine@iceddev.com","url":"http://iceddev.com/"},{"name":"Kit Cambridge","email":"github@kitcambridge.be","url":"http://kitcambridge.be/"},{"name":"Mathias Bynens","email":"mathias@qiwi.be","url":"http://mathiasbynens.be/"}],"bugs":{"url":"https://github.com/lodash/lodash-cli/issues"},"repository":{"type":"git","url":"https://github.com/lodash/lodash-cli.git"},"dependencies":{"lodash._cachepush":"~2.2.0","lodash._getobject":"~2.2.0","lodash._releaseobject":"~2.2.0"},"_id":"lodash._createcache@2.2.0","dist":{"shasum":"e0549e76b656b1b341c42e4637118f0046fc09e3","tarball":"https://registry.npmjs.org/lodash._createcache/-/lodash._createcache-2.2.0.tgz"},"_from":".","_npmVersion":"1.3.8","_npmUser":{"name":"jdalton","email":"john.david.dalton@gmail.com"},"maintainers":[{"name":"jdalton","email":"john.david.dalton@gmail.com"},{"name":"kitcambridge","email":"github@kitcambridge.be"},{"name":"mathias","email":"mathias@qiwi.be"},{"name":"phated","email":"blaine@iceddev.com"}],"directories":{}},"2.2.1":{"name":"lodash._createcache","version":"2.2.1","description":"The internal Lo-Dash function `createCache` as a Node.js module generated by lodash-cli.","homepage":"http://lodash.com/custom-builds","license":"MIT","author":{"name":"John-David Dalton","email":"john.david.dalton@gmail.com","url":"http://allyoucanleet.com/"},"contributors":[{"name":"John-David Dalton","email":"john.david.dalton@gmail.com","url":"http://allyoucanleet.com/"},{"name":"Blaine Bublitz","email":"blaine@iceddev.com","url":"http://iceddev.com/"},{"name":"Kit Cambridge","email":"github@kitcambridge.be","url":"http://kitcambridge.be/"},{"name":"Mathias Bynens","email":"mathias@qiwi.be","url":"http://mathiasbynens.be/"}],"bugs":{"url":"https://github.com/lodash/lodash-cli/issues"},"repository":{"type":"git","url":"https://github.com/lodash/lodash-cli.git"},"dependencies":{"lodash._cachepush":"~2.2.1","lodash._getobject":"~2.2.1","lodash._releaseobject":"~2.2.1"},"_id":"lodash._createcache@2.2.1","dist":{"shasum":"1f63950fcbd7c5f78a50759581f35e105cbd6256","tarball":"https://registry.npmjs.org/lodash._createcache/-/lodash._createcache-2.2.1.tgz"},"_from":".","_npmVersion":"1.3.11","_npmUser":{"name":"jdalton","email":"john.david.dalton@gmail.com"},"maintainers":[{"name":"jdalton","email":"john.david.dalton@gmail.com"},{"name":"kitcambridge","email":"github@kitcambridge.be"},{"name":"mathias","email":"mathias@qiwi.be"},{"name":"phated","email":"blaine@iceddev.com"}],"directories":{}},"2.3.0":{"name":"lodash._createcache","version":"2.3.0","description":"The internal Lo-Dash function `createCache` as a Node.js module generated by lodash-cli.","homepage":"http://lodash.com/custom-builds","license":"MIT","author":{"name":"John-David Dalton","email":"john.david.dalton@gmail.com","url":"http://allyoucanleet.com/"},"contributors":[{"name":"John-David Dalton","email":"john.david.dalton@gmail.com","url":"http://allyoucanleet.com/"},{"name":"Blaine Bublitz","email":"blaine@iceddev.com","url":"http://www.iceddev.com/"},{"name":"Kit Cambridge","email":"github@kitcambridge.be","url":"http://kitcambridge.be/"},{"name":"Mathias Bynens","email":"mathias@qiwi.be","url":"http://mathiasbynens.be/"}],"bugs":{"url":"https://github.com/lodash/lodash-cli/issues"},"repository":{"type":"git","url":"https://github.com/lodash/lodash-cli.git"},"dependencies":{"lodash._cachepush":"~2.3.0","lodash._getobject":"~2.3.0","lodash._releaseobject":"~2.3.0"},"_id":"lodash._createcache@2.3.0","dist":{"shasum":"fbc2975d5b186027d02d68fb4851e1a60d878c17","tarball":"https://registry.npmjs.org/lodash._createcache/-/lodash._createcache-2.3.0.tgz"},"_from":".","_npmVersion":"1.3.11","_npmUser":{"name":"jdalton","email":"john.david.dalton@gmail.com"},"maintainers":[{"name":"jdalton","email":"john.david.dalton@gmail.com"},{"name":"kitcambridge","email":"github@kitcambridge.be"},{"name":"mathias","email":"mathias@qiwi.be"},{"name":"phated","email":"blaine@iceddev.com"}],"directories":{}},"2.4.0":{"name":"lodash._createcache","version":"2.4.0","description":"The internal Lo-Dash function `createCache` as a Node.js module generated by lodash-cli.","homepage":"http://lodash.com/custom-builds","license":"MIT","author":{"name":"John-David Dalton","email":"john.david.dalton@gmail.com","url":"http://allyoucanleet.com/"},"contributors":[{"name":"John-David Dalton","email":"john.david.dalton@gmail.com","url":"http://allyoucanleet.com/"},{"name":"Blaine Bublitz","email":"blaine@iceddev.com","url":"http://www.iceddev.com/"},{"name":"Kit Cambridge","email":"github@kitcambridge.be","url":"http://kitcambridge.be/"},{"name":"Mathias Bynens","email":"mathias@qiwi.be","url":"http://mathiasbynens.be/"}],"bugs":{"url":"https://github.com/lodash/lodash-cli/issues"},"repository":{"type":"git","url":"https://github.com/lodash/lodash-cli.git"},"dependencies":{"lodash._cachepush":"~2.4.0","lodash._getobject":"~2.4.0","lodash._releaseobject":"~2.4.0"},"_id":"lodash._createcache@2.4.0","dist":{"shasum":"592ef50985d91db1352701b591abe9abd2258fa6","tarball":"https://registry.npmjs.org/lodash._createcache/-/lodash._createcache-2.4.0.tgz"},"_from":".","_npmVersion":"1.3.14","_npmUser":{"name":"jdalton","email":"john.david.dalton@gmail.com"},"maintainers":[{"name":"jdalton","email":"john.david.dalton@gmail.com"},{"name":"kitcambridge","email":"github@kitcambridge.be"},{"name":"mathias","email":"mathias@qiwi.be"},{"name":"phated","email":"blaine@iceddev.com"}],"directories":{}},"2.4.1":{"name":"lodash._createcache","version":"2.4.1","description":"The internal Lo-Dash function `createCache` as a Node.js module generated by lodash-cli.","homepage":"http://lodash.com/custom-builds","license":"MIT","author":{"name":"John-David Dalton","email":"john.david.dalton@gmail.com","url":"http://allyoucanleet.com/"},"contributors":[{"name":"John-David Dalton","email":"john.david.dalton@gmail.com","url":"http://allyoucanleet.com/"},{"name":"Blaine Bublitz","email":"blaine@iceddev.com","url":"http://www.iceddev.com/"},{"name":"Kit Cambridge","email":"github@kitcambridge.be","url":"http://kitcambridge.be/"},{"name":"Mathias Bynens","email":"mathias@qiwi.be","url":"http://mathiasbynens.be/"}],"bugs":{"url":"https://github.com/lodash/lodash-cli/issues"},"repository":{"type":"git","url":"https://github.com/lodash/lodash-cli.git"},"dependencies":{"lodash._cachepush":"~2.4.1","lodash._getobject":"~2.4.1","lodash._releaseobject":"~2.4.1"},"_id":"lodash._createcache@2.4.1","dist":{"shasum":"f4c2282c3bca198d12f4184ac2b6212e691dc854","tarball":"https://registry.npmjs.org/lodash._createcache/-/lodash._createcache-2.4.1.tgz"},"_from":".","_npmVersion":"1.3.14","_npmUser":{"name":"jdalton","email":"john.david.dalton@gmail.com"},"maintainers":[{"name":"jdalton","email":"john.david.dalton@gmail.com"},{"name":"kitcambridge","email":"github@kitcambridge.be"},{"name":"mathias","email":"mathias@qiwi.be"},{"name":"phated","email":"blaine@iceddev.com"}],"directories":{}},"3.0.0":{"name":"lodash._createcache","version":"3.0.0","description":"The modern build of lodash’s internal `createCache` as a module.","homepage":"https://lodash.com/","icon":"https://lodash.com/icon.svg","license":"MIT","author":{"name":"John-David Dalton","email":"john.david.dalton@gmail.com","url":"http://allyoucanleet.com/"},"contributors":[{"name":"John-David Dalton","email":"john.david.dalton@gmail.com","url":"http://allyoucanleet.com/"},{"name":"Benjamin Tan","email":"demoneaux@gmail.com","url":"https://d10.github.io/"},{"name":"Blaine Bublitz","email":"blaine@iceddev.com","url":"http://www.iceddev.com/"},{"name":"Kit Cambridge","email":"github@kitcambridge.be","url":"http://kitcambridge.be/"},{"name":"Mathias Bynens","email":"mathias@qiwi.be","url":"https://mathiasbynens.be/"}],"repository":{"type":"git","url":"https://github.com/lodash/lodash"},"scripts":{"test":"echo \"See https://travis-ci.org/lodash/lodash-cli for testing details.\""},"dependencies":{"lodash.isnative":"^3.0.0"},"bugs":{"url":"https://github.com/lodash/lodash/issues"},"_id":"lodash._createcache@3.0.0","_shasum":"f0431c5315c844c21a43da53f43b3995be828bd7","_from":".","_npmVersion":"2.3.0","_nodeVersion":"0.10.35","_npmUser":{"name":"jdalton","email":"john.david.dalton@gmail.com"},"maintainers":[{"name":"jdalton","email":"john.david.dalton@gmail.com"},{"name":"kitcambridge","email":"github@kitcambridge.be"},{"name":"mathias","email":"mathias@qiwi.be"},{"name":"phated","email":"blaine@iceddev.com"}],"dist":{"shasum":"f0431c5315c844c21a43da53f43b3995be828bd7","tarball":"https://registry.npmjs.org/lodash._createcache/-/lodash._createcache-3.0.0.tgz"},"directories":{}},"3.0.1":{"name":"lodash._createcache","version":"3.0.1","description":"The modern build of lodash’s internal `createCache` as a module.","homepage":"https://lodash.com/","icon":"https://lodash.com/icon.svg","license":"MIT","author":{"name":"John-David Dalton","email":"john.david.dalton@gmail.com","url":"http://allyoucanleet.com/"},"contributors":[{"name":"John-David Dalton","email":"john.david.dalton@gmail.com","url":"http://allyoucanleet.com/"},{"name":"Benjamin Tan","email":"demoneaux@gmail.com","url":"https://d10.github.io/"},{"name":"Blaine Bublitz","email":"blaine@iceddev.com","url":"http://www.iceddev.com/"},{"name":"Kit Cambridge","email":"github@kitcambridge.be","url":"http://kitcambridge.be/"},{"name":"Mathias Bynens","email":"mathias@qiwi.be","url":"https://mathiasbynens.be/"}],"repository":{"type":"git","url":"https://github.com/lodash/lodash"},"scripts":{"test":"echo \"See https://travis-ci.org/lodash/lodash-cli for testing details.\""},"dependencies":{"lodash.isnative":"^3.0.0"},"bugs":{"url":"https://github.com/lodash/lodash/issues"},"_id":"lodash._createcache@3.0.1","_shasum":"0d45823b2973a4fa3c0e298f67ec49494cbd5cc3","_from":".","_npmVersion":"2.7.3","_nodeVersion":"0.12.0","_npmUser":{"name":"jdalton","email":"john.david.dalton@gmail.com"},"maintainers":[{"name":"jdalton","email":"john.david.dalton@gmail.com"},{"name":"kitcambridge","email":"github@kitcambridge.be"},{"name":"mathias","email":"mathias@qiwi.be"},{"name":"phated","email":"blaine@iceddev.com"},{"name":"d10","email":"demoneaux@gmail.com"}],"dist":{"shasum":"0d45823b2973a4fa3c0e298f67ec49494cbd5cc3","tarball":"https://registry.npmjs.org/lodash._createcache/-/lodash._createcache-3.0.1.tgz"},"directories":{}},"3.1.0":{"name":"lodash._createcache","version":"3.1.0","description":"The modern build of lodash’s internal `createCache` as a module.","homepage":"https://lodash.com/","icon":"https://lodash.com/icon.svg","license":"MIT","author":{"name":"John-David Dalton","email":"john.david.dalton@gmail.com","url":"http://allyoucanleet.com/"},"contributors":[{"name":"John-David Dalton","email":"john.david.dalton@gmail.com","url":"http://allyoucanleet.com/"},{"name":"Benjamin Tan","email":"demoneaux@gmail.com","url":"https://d10.github.io/"},{"name":"Blaine Bublitz","email":"blaine@iceddev.com","url":"http://www.iceddev.com/"},{"name":"Kit Cambridge","email":"github@kitcambridge.be","url":"http://kitcambridge.be/"},{"name":"Mathias Bynens","email":"mathias@qiwi.be","url":"https://mathiasbynens.be/"}],"repository":{"type":"git","url":"git+https://github.com/lodash/lodash.git"},"scripts":{"test":"echo \"See https://travis-ci.org/lodash/lodash-cli for testing details.\""},"dependencies":{"lodash._getnative":"^3.0.0"},"bugs":{"url":"https://github.com/lodash/lodash/issues"},"_id":"lodash._createcache@3.1.0","_shasum":"329b5ff283165f4d70cc518bf86f049557ea2b95","_from":".","_npmVersion":"2.10.0","_nodeVersion":"0.12.3","_npmUser":{"name":"jdalton","email":"john.david.dalton@gmail.com"},"maintainers":[{"name":"jdalton","email":"john.david.dalton@gmail.com"},{"name":"kitcambridge","email":"github@kitcambridge.be"},{"name":"mathias","email":"mathias@qiwi.be"},{"name":"phated","email":"blaine@iceddev.com"},{"name":"d10","email":"demoneaux@gmail.com"}],"dist":{"shasum":"329b5ff283165f4d70cc518bf86f049557ea2b95","tarball":"https://registry.npmjs.org/lodash._createcache/-/lodash._createcache-3.1.0.tgz"},"directories":{}},"3.1.1":{"name":"lodash._createcache","version":"3.1.1","description":"The modern build of lodash’s internal `createCache` as a module.","homepage":"https://lodash.com/","icon":"https://lodash.com/icon.svg","license":"MIT","author":{"name":"John-David Dalton","email":"john.david.dalton@gmail.com","url":"http://allyoucanleet.com/"},"contributors":[{"name":"John-David Dalton","email":"john.david.dalton@gmail.com","url":"http://allyoucanleet.com/"},{"name":"Benjamin Tan","email":"demoneaux@gmail.com","url":"https://d10.github.io/"},{"name":"Blaine Bublitz","email":"blaine@iceddev.com","url":"http://www.iceddev.com/"},{"name":"Kit Cambridge","email":"github@kitcambridge.be","url":"http://kitcambridge.be/"},{"name":"Mathias Bynens","email":"mathias@qiwi.be","url":"https://mathiasbynens.be/"}],"repository":{"type":"git","url":"git+https://github.com/lodash/lodash.git"},"scripts":{"test":"echo \"See https://travis-ci.org/lodash/lodash-cli for testing details.\""},"dependencies":{"lodash._getnative":"^3.0.0"},"bugs":{"url":"https://github.com/lodash/lodash/issues"},"_id":"lodash._createcache@3.1.1","_shasum":"83c2e486cef63033b3764fb50910157726487c45","_from":".","_npmVersion":"2.9.0","_nodeVersion":"2.0.2","_npmUser":{"name":"jdalton","email":"john.david.dalton@gmail.com"},"maintainers":[{"name":"jdalton","email":"john.david.dalton@gmail.com"},{"name":"kitcambridge","email":"github@kitcambridge.be"},{"name":"mathias","email":"mathias@qiwi.be"},{"name":"phated","email":"blaine@iceddev.com"},{"name":"d10","email":"demoneaux@gmail.com"}],"dist":{"shasum":"83c2e486cef63033b3764fb50910157726487c45","tarball":"https://registry.npmjs.org/lodash._createcache/-/lodash._createcache-3.1.1.tgz"},"directories":{}},"3.1.2":{"name":"lodash._createcache","version":"3.1.2","description":"The modern build of lodash’s internal `createCache` as a module.","homepage":"https://lodash.com/","icon":"https://lodash.com/icon.svg","license":"MIT","author":{"name":"John-David Dalton","email":"john.david.dalton@gmail.com","url":"http://allyoucanleet.com/"},"contributors":[{"name":"John-David Dalton","email":"john.david.dalton@gmail.com","url":"http://allyoucanleet.com/"},{"name":"Benjamin Tan","email":"demoneaux@gmail.com","url":"https://d10.github.io/"},{"name":"Blaine Bublitz","email":"blaine@iceddev.com","url":"http://www.iceddev.com/"},{"name":"Kit Cambridge","email":"github@kitcambridge.be","url":"http://kitcambridge.be/"},{"name":"Mathias Bynens","email":"mathias@qiwi.be","url":"https://mathiasbynens.be/"}],"repository":{"type":"git","url":"git+https://github.com/lodash/lodash.git"},"scripts":{"test":"echo \"See https://travis-ci.org/lodash/lodash-cli for testing details.\""},"dependencies":{"lodash._getnative":"^3.0.0"},"bugs":{"url":"https://github.com/lodash/lodash/issues"},"_id":"lodash._createcache@3.1.2","_shasum":"56d6a064017625e79ebca6b8018e17440bdcf093","_from":".","_npmVersion":"2.12.0","_nodeVersion":"0.12.5","_npmUser":{"name":"jdalton","email":"john.david.dalton@gmail.com"},"maintainers":[{"name":"jdalton","email":"john.david.dalton@gmail.com"},{"name":"kitcambridge","email":"github@kitcambridge.be"},{"name":"mathias","email":"mathias@qiwi.be"},{"name":"phated","email":"blaine@iceddev.com"},{"name":"d10","email":"demoneaux@gmail.com"}],"dist":{"shasum":"56d6a064017625e79ebca6b8018e17440bdcf093","tarball":"https://registry.npmjs.org/lodash._createcache/-/lodash._createcache-3.1.2.tgz"},"directories":{}}},"readme":"# lodash._createcache v3.1.2\n\nThe [modern build](https://github.com/lodash/lodash/wiki/Build-Differences) of [lodash’s](https://lodash.com/) internal `createCache` exported as a [Node.js](http://nodejs.org/)/[io.js](https://iojs.org/) module.\n\n## Installation\n\nUsing npm:\n\n```bash\n$ {sudo -H} npm i -g npm\n$ npm i --save lodash._createcache\n```\n\nIn Node.js/io.js:\n\n```js\nvar createCache = require('lodash._createcache');\n```\n\nSee the [package source](https://github.com/lodash/lodash/blob/3.1.2-npm-packages/lodash._createcache) for more details.\n","maintainers":[{"name":"jdalton","email":"john.david.dalton@gmail.com"},{"name":"mathias","email":"mathias@qiwi.be"}],"time":{"modified":"2016-10-06T16:55:25.129Z","created":"2013-09-23T06:27:33.205Z","2.0.0":"2013-09-23T07:27:42.978Z","2.1.0":"2013-09-23T07:47:36.997Z","2.2.0":"2013-09-29T22:06:04.347Z","2.2.1":"2013-10-03T18:47:13.224Z","2.3.0":"2013-11-11T16:44:20.219Z","2.4.0":"2013-11-26T19:53:49.699Z","2.4.1":"2013-12-03T17:08:24.419Z","3.0.0":"2015-01-26T15:28:15.150Z","3.0.1":"2015-03-25T23:30:56.489Z","3.1.0":"2015-05-19T19:46:25.574Z","3.1.1":"2015-05-19T21:22:17.432Z","3.1.2":"2015-06-30T15:16:18.787Z"},"author":{"name":"John-David Dalton","email":"john.david.dalton@gmail.com","url":"http://allyoucanleet.com/"},"repository":{"type":"git","url":"git+https://github.com/lodash/lodash.git"},"homepage":"https://lodash.com/","contributors":[{"name":"John-David Dalton","email":"john.david.dalton@gmail.com","url":"http://allyoucanleet.com/"},{"name":"Benjamin Tan","email":"demoneaux@gmail.com","url":"https://d10.github.io/"},{"name":"Blaine Bublitz","email":"blaine@iceddev.com","url":"http://www.iceddev.com/"},{"name":"Kit Cambridge","email":"github@kitcambridge.be","url":"http://kitcambridge.be/"},{"name":"Mathias Bynens","email":"mathias@qiwi.be","url":"https://mathiasbynens.be/"}],"bugs":{"url":"https://github.com/lodash/lodash/issues"},"license":"MIT","readmeFilename":"README.md","_attachments":{},"_etag":"W/\"2f812e77dd6cd716327d079ab843db55\"","_lastModified":"Sun, 27 May 2018 06:58:08 GMT"}