{"_id":"sorted-object","_rev":"5-c8ecc980de1b115f743965292ca77d18","name":"sorted-object","description":"Returns a copy of an object with its keys sorted","dist-tags":{"latest":"2.0.1"},"versions":{"1.0.0":{"name":"sorted-object","description":"Returns a copy of an object with its keys sorted","keywords":["sort","keys","object"],"version":"1.0.0","author":{"name":"Domenic Denicola","email":"domenic@domenicdenicola.com","url":"http://domenic.me/"},"license":"WTFPL","repository":{"type":"git","url":"git://github.com/domenic/sorted-object.git"},"bugs":{"url":"http://github.com/domenic/sorted-object/issues"},"main":"lib/sorted-object.js","scripts":{"test":"tape test/tests.js","lint":"jshint lib && jshint test"},"devDependencies":{"jshint":"~2.4.3","tape":"~2.4.2"},"homepage":"https://github.com/domenic/sorted-object","_id":"sorted-object@1.0.0","dist":{"shasum":"5d1f4f9c1fb2cd48965967304e212eb44cfb6d05","tarball":"https://registry.npmjs.org/sorted-object/-/sorted-object-1.0.0.tgz"},"_from":".","_npmVersion":"1.3.25","_npmUser":{"name":"domenic","email":"domenic@domenicdenicola.com"},"maintainers":[{"name":"domenic","email":"domenic@domenicdenicola.com"}],"directories":{}},"2.0.0":{"name":"sorted-object","description":"Returns a copy of an object with its keys sorted","keywords":["sort","keys","object"],"version":"2.0.0","author":{"name":"Domenic Denicola","email":"d@domenic.me","url":"https://domenic.me/"},"license":"WTFPL","repository":{"type":"git","url":"git+https://github.com/domenic/sorted-object.git"},"main":"lib/sorted-object.js","files":["lib/"],"scripts":{"test":"tape test/tests.js","lint":"eslint ."},"devDependencies":{"eslint":"^2.4.0","tape":"^4.5.1"},"gitHead":"3cbdde212c8ceef219fbb8fa7805bfc38b94aa90","bugs":{"url":"https://github.com/domenic/sorted-object/issues"},"homepage":"https://github.com/domenic/sorted-object#readme","_id":"sorted-object@2.0.0","_shasum":"1cfea981609047d8043807a490a9d99b317faf7f","_from":".","_npmVersion":"3.6.0","_nodeVersion":"5.7.1","_npmUser":{"name":"domenic","email":"d@domenic.me"},"dist":{"shasum":"1cfea981609047d8043807a490a9d99b317faf7f","tarball":"https://registry.npmjs.org/sorted-object/-/sorted-object-2.0.0.tgz"},"maintainers":[{"name":"domenic","email":"domenic@domenicdenicola.com"}],"_npmOperationalInternal":{"host":"packages-12-west.internal.npmjs.com","tmp":"tmp/sorted-object-2.0.0.tgz_1457910693572_0.6718082851730287"},"directories":{}},"2.0.1":{"name":"sorted-object","description":"Returns a copy of an object with its keys sorted","keywords":["sort","keys","object"],"version":"2.0.1","author":{"name":"Domenic Denicola","email":"d@domenic.me","url":"https://domenic.me/"},"license":"(WTFPL OR MIT)","repository":{"type":"git","url":"git+https://github.com/domenic/sorted-object.git"},"main":"lib/sorted-object.js","files":["lib/"],"scripts":{"test":"tape test/tests.js","lint":"eslint ."},"devDependencies":{"eslint":"^2.4.0","tape":"^4.5.1"},"gitHead":"87105deb13d4f4151b2abd1a78d27a5216e3e79d","bugs":{"url":"https://github.com/domenic/sorted-object/issues"},"homepage":"https://github.com/domenic/sorted-object#readme","_id":"sorted-object@2.0.1","_shasum":"7d631f4bd3a798a24af1dffcfbfe83337a5df5fc","_from":".","_npmVersion":"3.9.5","_nodeVersion":"6.2.2","_npmUser":{"name":"domenic","email":"d@domenic.me"},"dist":{"shasum":"7d631f4bd3a798a24af1dffcfbfe83337a5df5fc","tarball":"https://registry.npmjs.org/sorted-object/-/sorted-object-2.0.1.tgz"},"maintainers":[{"name":"domenic","email":"domenic@domenicdenicola.com"}],"_npmOperationalInternal":{"host":"packages-12-west.internal.npmjs.com","tmp":"tmp/sorted-object-2.0.1.tgz_1473550768215_0.1242613298818469"},"directories":{}}},"readme":"# Get a Version of an Object with Sorted Keys\n\nAlthough objects in JavaScript are theoretically unsorted, in practice most engines use insertion order—at least, ignoring numeric keys. This manifests itself most prominently when dealing with an object's JSON serialization.\n\nSo, for example, you might be trying to serialize some object to a JSON file. But every time you write it, it ends up being output in a different order, depending on how you created it in the first place! This makes for some ugly diffs.\n\n**sorted-object** gives you the answer. Just use this package to create a version of your object with its keys sorted before serializing, and you'll get a consistent order every time.\n\n```js\nvar sortedObject = require(\"sorted-object\");\n\nvar objectToSerialize = generateStuffNondeterministically();\n\n// Before:\nfs.writeFileSync(\"dest.json\", JSON.stringify(objectToSerialize));\n\n// After:\nvar sortedVersion = sortedObject(objectToSerialize);\nfs.writeFileSync(\"dest.json\", JSON.stringify(sortedVersion));\n```\n","maintainers":[{"name":"domenic","email":"domenic@domenicdenicola.com"}],"time":{"modified":"2016-09-10T23:39:29.652Z","created":"2014-02-17T20:11:34.745Z","1.0.0":"2014-02-17T20:11:34.745Z","2.0.0":"2016-03-13T23:11:36.093Z","2.0.1":"2016-09-10T23:39:29.652Z"},"readmeFilename":"README.md","homepage":"https://github.com/domenic/sorted-object#readme","keywords":["sort","keys","object"],"repository":{"type":"git","url":"git+https://github.com/domenic/sorted-object.git"},"author":{"name":"Domenic Denicola","email":"d@domenic.me","url":"https://domenic.me/"},"bugs":{"url":"https://github.com/domenic/sorted-object/issues"},"license":"(WTFPL OR MIT)","users":{"mattmcfarland":true},"_attachments":{},"_etag":"W/\"ea98145528816e58739d28c9c9bc4e4f\"","_lastModified":"Sun, 27 May 2018 17:50:35 GMT"}