{"_id":"dezalgo","_rev":"18-646fb232240eac7fc4ab9b2cbafe9382","name":"dezalgo","description":"Contain async insanity so that the dark pony lord doesn't eat souls","dist-tags":{"latest":"1.0.3"},"versions":{"1.0.0":{"name":"dezalgo","version":"1.0.0","description":"Contain async insanity so that the dark pony lord doesn't eat souls","main":"dezalgo.js","directories":{"test":"test"},"dependencies":{"asap":"^1.0.0"},"devDependencies":{"tap":"^0.4.11"},"scripts":{"test":"tap test/*.js"},"repository":{"type":"git","url":"https://github.com/npm/dezalgo"},"keywords":["async","zalgo","the dark pony","he comes","asynchrony of all holy and good","T̯̪ͅo̯͖̹ ̻̮̖̲͢i̥̖n̢͈͇̝͍v͏͉ok̭̬̝ͅe̞͍̩̫͍̩͝ ̩̮̖̟͇͉́t͔͔͎̗h͏̗̟e̘͉̰̦̠̞͓ ͕h͉̟͎̪̠̱͠ḭ̮̩v̺͉͇̩e̵͖-̺̪m͍i̜n̪̲̲̲̮d̷ ̢r̠̼̯̹̦̦͘ͅe͓̳͓̙p̺̗̫͙͘ͅr͔̰͜e̴͓̞s͉̩̩͟ͅe͏̣n͚͇̗̭̺͍tì͙̣n͏̖̥̗͎̰̪g̞͓̭̱̯̫̕ ̣̱͜ͅc̦̰̰̠̮͎͙̀hao̺̜̻͍͙ͅs͉͓̘.͎̼̺̼͕̹͘","̠̞̱̰I͖͇̝̻n̦̰͍̰̟v̤̺̫̳̭̼̗͘ò̹̟̩̩͚k̢̥̠͍͉̦̬i̖͓͔̮̱̻͘n̶̳͙̫͎g̖̯̣̲̪͉ ̞͎̗͕͚ͅt̲͕̘̺̯̗̦h̘̦̲̜̻e̳͎͉̬͙ ̴̞̪̲̥f̜̯͓͓̭̭͢e̱̘͔̮e̜̤l̺̱͖̯͓͙͈͢i̵̦̬͉͔̫͚͕n͉g̨͖̙̙̹̹̟̤ ͉̪o̞̠͍̪̰͙ͅf̬̲̺ ͔͕̲͕͕̲̕c̙͉h̝͔̩̙̕ͅa̲͖̻̗̹o̥̼̫s̝̖̜̝͚̫̟.̺͚  ̸̱̲W̶̥̣͖̦i͏̤̬̱̳̣ͅt͉h̗̪̪ ̷̱͚̹̪ǫ͕̗̣̳̦͎u̼̦͔̥̮̕ţ͖͎̻͔͉ ̴͎̩òr̹̰̖͉͈͝d̷̲̦̖͓e̲͓̠r","̧͚̜͓̰̭̭Ṯ̫̹̜̮̟̮͝h͚̘̩̘̖̰́e ̥̘͓͉͔͙̼N̟̜̣̘͔̪e̞̞̤͢z̰̖̘͇p̠͟e̺̱̣͍͙̝ṛ̘̬͔̙͇̠d͝ḭ̯̱̥̗̩a̛ͅn͏̦ ̷̥hi̥v̖̳̹͉̮̱͝e̹̪̘̖̰̟-̴͙͓͚̜̻mi̗̺̻͙̺ͅn̪̯͈d ͏̘͓̫̳ͅơ̹͔̳̖̣͓f͈̹̘ ͕ͅc̗̤̠̜̮̥̥h̡͍̩̭̫͚̱a̤͉̤͔͜os͕̤̼͍̲̀ͅ.̡̱ ̦Za̯̱̗̭͍̣͚l̗͉̰̤g͏̣̭̬̗̲͖ͅo̶̭̩̳̟͈.̪̦̰̳","H̴̱̦̗̬̣͓̺e̮ ͉̠̰̞͎̖͟ẁh̛̺̯ͅo̖̫͡ ̢Ẁa̡̗i̸t͖̣͉̀ş͔̯̩ ̤̦̮͇̞̦̲B͎̭͇̦̼e̢hin͏͙̟̪d̴̰͓̻̣̮͕ͅ T͖̮̕h͖e̘̺̰̙͘ ̥Ẁ̦͔̻͚a̞͖̪͉l̪̠̻̰̣̠l̲͎͞","Z̘͍̼͎̣͔͝Ą̲̜̱̱̹̤͇L̶̝̰̭͔G͍̖͍O̫͜ͅ!̼̤ͅ","H̝̪̜͓̀̌̂̒E̢̙̠̣ ̴̳͇̥̟̠͍̐C̹̓̑̐̆͝Ó̶̭͓̚M̬̼Ĕ̖̤͔͔̟̹̽̿̊ͥ̍ͫS̻̰̦̻̖̘̱̒ͪ͌̅͟"],"author":{"name":"Isaac Z. Schlueter","email":"i@izs.me","url":"http://blog.izs.me/"},"license":"ISC","bugs":{"url":"https://github.com/npm/dezalgo/issues"},"homepage":"https://github.com/npm/dezalgo","gitHead":"b10ea8ae0096d0e60c1acaa88d5334a9b372e4b0","_id":"dezalgo@1.0.0","_shasum":"050bb723f18b5617b309f26c2dc8fe6f2573b6fc","_from":".","_npmVersion":"1.4.18","_npmUser":{"name":"isaacs","email":"i@izs.me"},"maintainers":[{"name":"isaacs","email":"i@izs.me"}],"dist":{"shasum":"050bb723f18b5617b309f26c2dc8fe6f2573b6fc","tarball":"https://registry.npmjs.org/dezalgo/-/dezalgo-1.0.0.tgz"}},"1.0.1":{"name":"dezalgo","version":"1.0.1","description":"Contain async insanity so that the dark pony lord doesn't eat souls","main":"dezalgo.js","directories":{"test":"test"},"dependencies":{"asap":"^1.0.0","wrappy":"1"},"devDependencies":{"tap":"^0.4.11"},"scripts":{"test":"tap test/*.js"},"repository":{"type":"git","url":"https://github.com/npm/dezalgo"},"keywords":["async","zalgo","the dark pony","he comes","asynchrony of all holy and good","T̯̪ͅo̯͖̹ ̻̮̖̲͢i̥̖n̢͈͇̝͍v͏͉ok̭̬̝ͅe̞͍̩̫͍̩͝ ̩̮̖̟͇͉́t͔͔͎̗h͏̗̟e̘͉̰̦̠̞͓ ͕h͉̟͎̪̠̱͠ḭ̮̩v̺͉͇̩e̵͖-̺̪m͍i̜n̪̲̲̲̮d̷ ̢r̠̼̯̹̦̦͘ͅe͓̳͓̙p̺̗̫͙͘ͅr͔̰͜e̴͓̞s͉̩̩͟ͅe͏̣n͚͇̗̭̺͍tì͙̣n͏̖̥̗͎̰̪g̞͓̭̱̯̫̕ ̣̱͜ͅc̦̰̰̠̮͎͙̀hao̺̜̻͍͙ͅs͉͓̘.͎̼̺̼͕̹͘","̠̞̱̰I͖͇̝̻n̦̰͍̰̟v̤̺̫̳̭̼̗͘ò̹̟̩̩͚k̢̥̠͍͉̦̬i̖͓͔̮̱̻͘n̶̳͙̫͎g̖̯̣̲̪͉ ̞͎̗͕͚ͅt̲͕̘̺̯̗̦h̘̦̲̜̻e̳͎͉̬͙ ̴̞̪̲̥f̜̯͓͓̭̭͢e̱̘͔̮e̜̤l̺̱͖̯͓͙͈͢i̵̦̬͉͔̫͚͕n͉g̨͖̙̙̹̹̟̤ ͉̪o̞̠͍̪̰͙ͅf̬̲̺ ͔͕̲͕͕̲̕c̙͉h̝͔̩̙̕ͅa̲͖̻̗̹o̥̼̫s̝̖̜̝͚̫̟.̺͚  ̸̱̲W̶̥̣͖̦i͏̤̬̱̳̣ͅt͉h̗̪̪ ̷̱͚̹̪ǫ͕̗̣̳̦͎u̼̦͔̥̮̕ţ͖͎̻͔͉ ̴͎̩òr̹̰̖͉͈͝d̷̲̦̖͓e̲͓̠r","̧͚̜͓̰̭̭Ṯ̫̹̜̮̟̮͝h͚̘̩̘̖̰́e ̥̘͓͉͔͙̼N̟̜̣̘͔̪e̞̞̤͢z̰̖̘͇p̠͟e̺̱̣͍͙̝ṛ̘̬͔̙͇̠d͝ḭ̯̱̥̗̩a̛ͅn͏̦ ̷̥hi̥v̖̳̹͉̮̱͝e̹̪̘̖̰̟-̴͙͓͚̜̻mi̗̺̻͙̺ͅn̪̯͈d ͏̘͓̫̳ͅơ̹͔̳̖̣͓f͈̹̘ ͕ͅc̗̤̠̜̮̥̥h̡͍̩̭̫͚̱a̤͉̤͔͜os͕̤̼͍̲̀ͅ.̡̱ ̦Za̯̱̗̭͍̣͚l̗͉̰̤g͏̣̭̬̗̲͖ͅo̶̭̩̳̟͈.̪̦̰̳","H̴̱̦̗̬̣͓̺e̮ ͉̠̰̞͎̖͟ẁh̛̺̯ͅo̖̫͡ ̢Ẁa̡̗i̸t͖̣͉̀ş͔̯̩ ̤̦̮͇̞̦̲B͎̭͇̦̼e̢hin͏͙̟̪d̴̰͓̻̣̮͕ͅ T͖̮̕h͖e̘̺̰̙͘ ̥Ẁ̦͔̻͚a̞͖̪͉l̪̠̻̰̣̠l̲͎͞","Z̘͍̼͎̣͔͝Ą̲̜̱̱̹̤͇L̶̝̰̭͔G͍̖͍O̫͜ͅ!̼̤ͅ","H̝̪̜͓̀̌̂̒E̢̙̠̣ ̴̳͇̥̟̠͍̐C̹̓̑̐̆͝Ó̶̭͓̚M̬̼Ĕ̖̤͔͔̟̹̽̿̊ͥ̍ͫS̻̰̦̻̖̘̱̒ͪ͌̅͟"],"author":{"name":"Isaac Z. Schlueter","email":"i@izs.me","url":"http://blog.izs.me/"},"license":"ISC","bugs":{"url":"https://github.com/npm/dezalgo/issues"},"homepage":"https://github.com/npm/dezalgo","gitHead":"0a5eee75c179611f8b67f663015d68bb517e57d2","_id":"dezalgo@1.0.1","_shasum":"12bde135060807900d5a7aebb607c2abb7c76937","_from":".","_npmVersion":"2.0.0","_nodeVersion":"0.10.31","_npmUser":{"name":"isaacs","email":"i@izs.me"},"maintainers":[{"name":"isaacs","email":"i@izs.me"}],"dist":{"shasum":"12bde135060807900d5a7aebb607c2abb7c76937","tarball":"https://registry.npmjs.org/dezalgo/-/dezalgo-1.0.1.tgz"}},"1.0.2":{"name":"dezalgo","version":"1.0.2","description":"Contain async insanity so that the dark pony lord doesn't eat souls","main":"dezalgo.js","directories":{"test":"test"},"dependencies":{"asap":"^1.0.0","wrappy":"1"},"devDependencies":{"tap":"^0.4.11"},"scripts":{"test":"tap test/*.js"},"repository":{"type":"git","url":"git+https://github.com/npm/dezalgo.git"},"keywords":["async","zalgo","the dark pony","he comes","asynchrony of all holy and good","T̯̪ͅo̯͖̹ ̻̮̖̲͢i̥̖n̢͈͇̝͍v͏͉ok̭̬̝ͅe̞͍̩̫͍̩͝ ̩̮̖̟͇͉́t͔͔͎̗h͏̗̟e̘͉̰̦̠̞͓ ͕h͉̟͎̪̠̱͠ḭ̮̩v̺͉͇̩e̵͖-̺̪m͍i̜n̪̲̲̲̮d̷ ̢r̠̼̯̹̦̦͘ͅe͓̳͓̙p̺̗̫͙͘ͅr͔̰͜e̴͓̞s͉̩̩͟ͅe͏̣n͚͇̗̭̺͍tì͙̣n͏̖̥̗͎̰̪g̞͓̭̱̯̫̕ ̣̱͜ͅc̦̰̰̠̮͎͙̀hao̺̜̻͍͙ͅs͉͓̘.͎̼̺̼͕̹͘","̠̞̱̰I͖͇̝̻n̦̰͍̰̟v̤̺̫̳̭̼̗͘ò̹̟̩̩͚k̢̥̠͍͉̦̬i̖͓͔̮̱̻͘n̶̳͙̫͎g̖̯̣̲̪͉ ̞͎̗͕͚ͅt̲͕̘̺̯̗̦h̘̦̲̜̻e̳͎͉̬͙ ̴̞̪̲̥f̜̯͓͓̭̭͢e̱̘͔̮e̜̤l̺̱͖̯͓͙͈͢i̵̦̬͉͔̫͚͕n͉g̨͖̙̙̹̹̟̤ ͉̪o̞̠͍̪̰͙ͅf̬̲̺ ͔͕̲͕͕̲̕c̙͉h̝͔̩̙̕ͅa̲͖̻̗̹o̥̼̫s̝̖̜̝͚̫̟.̺͚  ̸̱̲W̶̥̣͖̦i͏̤̬̱̳̣ͅt͉h̗̪̪ ̷̱͚̹̪ǫ͕̗̣̳̦͎u̼̦͔̥̮̕ţ͖͎̻͔͉ ̴͎̩òr̹̰̖͉͈͝d̷̲̦̖͓e̲͓̠r","̧͚̜͓̰̭̭Ṯ̫̹̜̮̟̮͝h͚̘̩̘̖̰́e ̥̘͓͉͔͙̼N̟̜̣̘͔̪e̞̞̤͢z̰̖̘͇p̠͟e̺̱̣͍͙̝ṛ̘̬͔̙͇̠d͝ḭ̯̱̥̗̩a̛ͅn͏̦ ̷̥hi̥v̖̳̹͉̮̱͝e̹̪̘̖̰̟-̴͙͓͚̜̻mi̗̺̻͙̺ͅn̪̯͈d ͏̘͓̫̳ͅơ̹͔̳̖̣͓f͈̹̘ ͕ͅc̗̤̠̜̮̥̥h̡͍̩̭̫͚̱a̤͉̤͔͜os͕̤̼͍̲̀ͅ.̡̱ ̦Za̯̱̗̭͍̣͚l̗͉̰̤g͏̣̭̬̗̲͖ͅo̶̭̩̳̟͈.̪̦̰̳","H̴̱̦̗̬̣͓̺e̮ ͉̠̰̞͎̖͟ẁh̛̺̯ͅo̖̫͡ ̢Ẁa̡̗i̸t͖̣͉̀ş͔̯̩ ̤̦̮͇̞̦̲B͎̭͇̦̼e̢hin͏͙̟̪d̴̰͓̻̣̮͕ͅ T͖̮̕h͖e̘̺̰̙͘ ̥Ẁ̦͔̻͚a̞͖̪͉l̪̠̻̰̣̠l̲͎͞","Z̘͍̼͎̣͔͝Ą̲̜̱̱̹̤͇L̶̝̰̭͔G͍̖͍O̫͜ͅ!̼̤ͅ","H̝̪̜͓̀̌̂̒E̢̙̠̣ ̴̳͇̥̟̠͍̐C̹̓̑̐̆͝Ó̶̭͓̚M̬̼Ĕ̖̤͔͔̟̹̽̿̊ͥ̍ͫS̻̰̦̻̖̘̱̒ͪ͌̅͟"],"author":{"name":"Isaac Z. Schlueter","email":"i@izs.me","url":"http://blog.izs.me/"},"license":"ISC","bugs":{"url":"https://github.com/npm/dezalgo/issues"},"homepage":"https://github.com/npm/dezalgo","gitHead":"fabfd09a9a4ad458d0c801a1dbfff2338b9bc001","_id":"dezalgo@1.0.2","_shasum":"2bc8b5a1683131764a98def7e4aa22105a688a5a","_from":".","_npmVersion":"2.10.1","_nodeVersion":"2.0.2","_npmUser":{"name":"othiym23","email":"ogd@aoaioxxysz.net"},"dist":{"shasum":"2bc8b5a1683131764a98def7e4aa22105a688a5a","tarball":"https://registry.npmjs.org/dezalgo/-/dezalgo-1.0.2.tgz"},"maintainers":[{"name":"isaacs","email":"isaacs@npmjs.com"},{"name":"othiym23","email":"ogd@aoaioxxysz.net"}]},"1.0.3":{"name":"dezalgo","version":"1.0.3","description":"Contain async insanity so that the dark pony lord doesn't eat souls","main":"dezalgo.js","directories":{"test":"test"},"dependencies":{"asap":"^2.0.0","wrappy":"1"},"devDependencies":{"tap":"^1.2.0"},"scripts":{"test":"tap test/*.js"},"repository":{"type":"git","url":"git+https://github.com/npm/dezalgo.git"},"keywords":["async","zalgo","the dark pony","he comes","asynchrony of all holy and good","T̯̪ͅo̯͖̹ ̻̮̖̲͢i̥̖n̢͈͇̝͍v͏͉ok̭̬̝ͅe̞͍̩̫͍̩͝ ̩̮̖̟͇͉́t͔͔͎̗h͏̗̟e̘͉̰̦̠̞͓ ͕h͉̟͎̪̠̱͠ḭ̮̩v̺͉͇̩e̵͖-̺̪m͍i̜n̪̲̲̲̮d̷ ̢r̠̼̯̹̦̦͘ͅe͓̳͓̙p̺̗̫͙͘ͅr͔̰͜e̴͓̞s͉̩̩͟ͅe͏̣n͚͇̗̭̺͍tì͙̣n͏̖̥̗͎̰̪g̞͓̭̱̯̫̕ ̣̱͜ͅc̦̰̰̠̮͎͙̀hao̺̜̻͍͙ͅs͉͓̘.͎̼̺̼͕̹͘","̠̞̱̰I͖͇̝̻n̦̰͍̰̟v̤̺̫̳̭̼̗͘ò̹̟̩̩͚k̢̥̠͍͉̦̬i̖͓͔̮̱̻͘n̶̳͙̫͎g̖̯̣̲̪͉ ̞͎̗͕͚ͅt̲͕̘̺̯̗̦h̘̦̲̜̻e̳͎͉̬͙ ̴̞̪̲̥f̜̯͓͓̭̭͢e̱̘͔̮e̜̤l̺̱͖̯͓͙͈͢i̵̦̬͉͔̫͚͕n͉g̨͖̙̙̹̹̟̤ ͉̪o̞̠͍̪̰͙ͅf̬̲̺ ͔͕̲͕͕̲̕c̙͉h̝͔̩̙̕ͅa̲͖̻̗̹o̥̼̫s̝̖̜̝͚̫̟.̺͚  ̸̱̲W̶̥̣͖̦i͏̤̬̱̳̣ͅt͉h̗̪̪ ̷̱͚̹̪ǫ͕̗̣̳̦͎u̼̦͔̥̮̕ţ͖͎̻͔͉ ̴͎̩òr̹̰̖͉͈͝d̷̲̦̖͓e̲͓̠r","̧͚̜͓̰̭̭Ṯ̫̹̜̮̟̮͝h͚̘̩̘̖̰́e ̥̘͓͉͔͙̼N̟̜̣̘͔̪e̞̞̤͢z̰̖̘͇p̠͟e̺̱̣͍͙̝ṛ̘̬͔̙͇̠d͝ḭ̯̱̥̗̩a̛ͅn͏̦ ̷̥hi̥v̖̳̹͉̮̱͝e̹̪̘̖̰̟-̴͙͓͚̜̻mi̗̺̻͙̺ͅn̪̯͈d ͏̘͓̫̳ͅơ̹͔̳̖̣͓f͈̹̘ ͕ͅc̗̤̠̜̮̥̥h̡͍̩̭̫͚̱a̤͉̤͔͜os͕̤̼͍̲̀ͅ.̡̱ ̦Za̯̱̗̭͍̣͚l̗͉̰̤g͏̣̭̬̗̲͖ͅo̶̭̩̳̟͈.̪̦̰̳","H̴̱̦̗̬̣͓̺e̮ ͉̠̰̞͎̖͟ẁh̛̺̯ͅo̖̫͡ ̢Ẁa̡̗i̸t͖̣͉̀ş͔̯̩ ̤̦̮͇̞̦̲B͎̭͇̦̼e̢hin͏͙̟̪d̴̰͓̻̣̮͕ͅ T͖̮̕h͖e̘̺̰̙͘ ̥Ẁ̦͔̻͚a̞͖̪͉l̪̠̻̰̣̠l̲͎͞","Z̘͍̼͎̣͔͝Ą̲̜̱̱̹̤͇L̶̝̰̭͔G͍̖͍O̫͜ͅ!̼̤ͅ","H̝̪̜͓̀̌̂̒E̢̙̠̣ ̴̳͇̥̟̠͍̐C̹̓̑̐̆͝Ó̶̭͓̚M̬̼Ĕ̖̤͔͔̟̹̽̿̊ͥ̍ͫS̻̰̦̻̖̘̱̒ͪ͌̅͟"],"author":{"name":"Isaac Z. Schlueter","email":"i@izs.me","url":"http://blog.izs.me/"},"license":"ISC","bugs":{"url":"https://github.com/npm/dezalgo/issues"},"homepage":"https://github.com/npm/dezalgo","gitHead":"d4d3f3f6f47b1a326194d5281349c83dde258458","_id":"dezalgo@1.0.3","_shasum":"7f742de066fc748bc8db820569dddce49bf0d456","_from":".","_npmVersion":"2.11.3","_nodeVersion":"2.0.2","_npmUser":{"name":"othiym23","email":"ogd@aoaioxxysz.net"},"dist":{"shasum":"7f742de066fc748bc8db820569dddce49bf0d456","tarball":"https://registry.npmjs.org/dezalgo/-/dezalgo-1.0.3.tgz"},"maintainers":[{"name":"isaacs","email":"isaacs@npmjs.com"},{"name":"othiym23","email":"ogd@aoaioxxysz.net"}]}},"readme":"# dezalgo\n\nContain async insanity so that the dark pony lord doesn't eat souls\n\nSee [this blog\npost](http://blog.izs.me/post/59142742143/designing-apis-for-asynchrony).\n\n## USAGE\n\nPass a callback to `dezalgo` and it will ensure that it is *always*\ncalled in a future tick, and never in this tick.\n\n```javascript\nvar dz = require('dezalgo')\n\nvar cache = {}\nfunction maybeSync(arg, cb) {\n  cb = dz(cb)\n\n  // this will actually defer to nextTick\n  if (cache[arg]) cb(null, cache[arg])\n\n  fs.readFile(arg, function (er, data) {\n    // since this is *already* defered, it will call immediately\n    if (er) cb(er)\n    cb(null, cache[arg] = data)\n  })\n}\n```\n","maintainers":[{"email":"ogd@aoaioxxysz.net","name":"othiym23"},{"email":"i@izs.me","name":"isaacs"}],"time":{"modified":"2017-12-21T17:56:14.041Z","created":"2014-06-30T18:55:52.224Z","1.0.0":"2014-06-30T18:55:52.224Z","1.0.1":"2014-09-18T23:16:05.469Z","1.0.2":"2015-05-21T18:29:27.315Z","1.0.3":"2015-06-19T06:20:31.730Z"},"homepage":"https://github.com/npm/dezalgo","keywords":["async","zalgo","the dark pony","he comes","asynchrony of all holy and good","T̯̪ͅo̯͖̹ ̻̮̖̲͢i̥̖n̢͈͇̝͍v͏͉ok̭̬̝ͅe̞͍̩̫͍̩͝ ̩̮̖̟͇͉́t͔͔͎̗h͏̗̟e̘͉̰̦̠̞͓ ͕h͉̟͎̪̠̱͠ḭ̮̩v̺͉͇̩e̵͖-̺̪m͍i̜n̪̲̲̲̮d̷ ̢r̠̼̯̹̦̦͘ͅe͓̳͓̙p̺̗̫͙͘ͅr͔̰͜e̴͓̞s͉̩̩͟ͅe͏̣n͚͇̗̭̺͍tì͙̣n͏̖̥̗͎̰̪g̞͓̭̱̯̫̕ ̣̱͜ͅc̦̰̰̠̮͎͙̀hao̺̜̻͍͙ͅs͉͓̘.͎̼̺̼͕̹͘","̠̞̱̰I͖͇̝̻n̦̰͍̰̟v̤̺̫̳̭̼̗͘ò̹̟̩̩͚k̢̥̠͍͉̦̬i̖͓͔̮̱̻͘n̶̳͙̫͎g̖̯̣̲̪͉ ̞͎̗͕͚ͅt̲͕̘̺̯̗̦h̘̦̲̜̻e̳͎͉̬͙ ̴̞̪̲̥f̜̯͓͓̭̭͢e̱̘͔̮e̜̤l̺̱͖̯͓͙͈͢i̵̦̬͉͔̫͚͕n͉g̨͖̙̙̹̹̟̤ ͉̪o̞̠͍̪̰͙ͅf̬̲̺ ͔͕̲͕͕̲̕c̙͉h̝͔̩̙̕ͅa̲͖̻̗̹o̥̼̫s̝̖̜̝͚̫̟.̺͚  ̸̱̲W̶̥̣͖̦i͏̤̬̱̳̣ͅt͉h̗̪̪ ̷̱͚̹̪ǫ͕̗̣̳̦͎u̼̦͔̥̮̕ţ͖͎̻͔͉ ̴͎̩òr̹̰̖͉͈͝d̷̲̦̖͓e̲͓̠r","̧͚̜͓̰̭̭Ṯ̫̹̜̮̟̮͝h͚̘̩̘̖̰́e ̥̘͓͉͔͙̼N̟̜̣̘͔̪e̞̞̤͢z̰̖̘͇p̠͟e̺̱̣͍͙̝ṛ̘̬͔̙͇̠d͝ḭ̯̱̥̗̩a̛ͅn͏̦ ̷̥hi̥v̖̳̹͉̮̱͝e̹̪̘̖̰̟-̴͙͓͚̜̻mi̗̺̻͙̺ͅn̪̯͈d ͏̘͓̫̳ͅơ̹͔̳̖̣͓f͈̹̘ ͕ͅc̗̤̠̜̮̥̥h̡͍̩̭̫͚̱a̤͉̤͔͜os͕̤̼͍̲̀ͅ.̡̱ ̦Za̯̱̗̭͍̣͚l̗͉̰̤g͏̣̭̬̗̲͖ͅo̶̭̩̳̟͈.̪̦̰̳","H̴̱̦̗̬̣͓̺e̮ ͉̠̰̞͎̖͟ẁh̛̺̯ͅo̖̫͡ ̢Ẁa̡̗i̸t͖̣͉̀ş͔̯̩ ̤̦̮͇̞̦̲B͎̭͇̦̼e̢hin͏͙̟̪d̴̰͓̻̣̮͕ͅ T͖̮̕h͖e̘̺̰̙͘ ̥Ẁ̦͔̻͚a̞͖̪͉l̪̠̻̰̣̠l̲͎͞","Z̘͍̼͎̣͔͝Ą̲̜̱̱̹̤͇L̶̝̰̭͔G͍̖͍O̫͜ͅ!̼̤ͅ","H̝̪̜͓̀̌̂̒E̢̙̠̣ ̴̳͇̥̟̠͍̐C̹̓̑̐̆͝Ó̶̭͓̚M̬̼Ĕ̖̤͔͔̟̹̽̿̊ͥ̍ͫS̻̰̦̻̖̘̱̒ͪ͌̅͟"],"repository":{"type":"git","url":"git+https://github.com/npm/dezalgo.git"},"author":{"name":"Isaac Z. Schlueter","email":"i@izs.me","url":"http://blog.izs.me/"},"bugs":{"url":"https://github.com/npm/dezalgo/issues"},"license":"ISC","readmeFilename":"README.md","users":{"kerimdzhanov":true,"wenbing":true,"garthk":true,"incendiary":true,"koulmomo":true,"dkannan":true,"joelwallis":true,"coalesce":true,"markthethomas":true,"becauseicare":true},"_attachments":{},"_etag":"W/\"2e0bdd12d9afa1409597740326972711\"","_lastModified":"Sat, 26 May 2018 22:04:41 GMT"}