{"_id":"lodash._baseuniq","_rev":"41-be977db4ab64f94352d1334945cb2ac2","name":"lodash._baseuniq","description":"The internal lodash function `baseUniq` exported as a module.","dist-tags":{"latest":"4.6.0"},"versions":{"2.0.0":{"name":"lodash._baseuniq","version":"2.0.0","description":"The internal Lo-Dash function `baseUniq` as a Node.js module generated by lodash-cli.","homepage":"http://lodash.com/custom-builds","license":"MIT","keywords":["customize","functional","lodash","performance","speed","util"],"author":{"name":"John-David Dalton","email":"john.david.dalton@gmail.com","url":"http://allyoucanleet.com/"},"contributors":[{"name":"John-David Dalton","email":"john.david.dalton@gmail.com","url":"http://allyoucanleet.com/"},{"name":"Blaine Bublitz","email":"blaine@iceddev.com","url":"http://iceddev.com/"},{"name":"Kit Cambridge","email":"github@kitcambridge.be","url":"http://kitcambridge.be/"},{"name":"Mathias Bynens","email":"mathias@qiwi.be","url":"http://mathiasbynens.be/"}],"bugs":{"url":"https://github.com/lodash/lodash-cli/issues"},"repository":{"type":"git","url":"https://github.com/lodash/lodash-cli.git"},"dependencies":{"lodash._baseindexof":"~2.0.0","lodash._cacheindexof":"~2.0.0","lodash._createcache":"~2.0.0","lodash._getarray":"~2.0.0","lodash._largearraysize":"~2.0.0","lodash._releasearray":"~2.0.0","lodash._releaseobject":"~2.0.0"},"_id":"lodash._baseuniq@2.0.0","dist":{"shasum":"a4fd91f746aa8bea99d9fa1b9575b51dee2bffc6","tarball":"https://registry.npmjs.org/lodash._baseuniq/-/lodash._baseuniq-2.0.0.tgz"},"_from":".","_npmVersion":"1.3.8","_npmUser":{"name":"jdalton","email":"john.david.dalton@gmail.com"},"maintainers":[{"name":"jdalton","email":"john.david.dalton@gmail.com"},{"name":"kitcambridge","email":"github@kitcambridge.be"},{"name":"mathias","email":"mathias@qiwi.be"},{"name":"phated","email":"blaine@iceddev.com"}],"directories":{}},"2.1.0":{"name":"lodash._baseuniq","version":"2.1.0","description":"The internal Lo-Dash function `baseUniq` as a Node.js module generated by lodash-cli.","homepage":"http://lodash.com/custom-builds","license":"MIT","keywords":["functional","lodash","lodash-modularized","performance","speed","util"],"author":{"name":"John-David Dalton","email":"john.david.dalton@gmail.com","url":"http://allyoucanleet.com/"},"contributors":[{"name":"John-David Dalton","email":"john.david.dalton@gmail.com","url":"http://allyoucanleet.com/"},{"name":"Blaine Bublitz","email":"blaine@iceddev.com","url":"http://iceddev.com/"},{"name":"Kit Cambridge","email":"github@kitcambridge.be","url":"http://kitcambridge.be/"},{"name":"Mathias Bynens","email":"mathias@qiwi.be","url":"http://mathiasbynens.be/"}],"bugs":{"url":"https://github.com/lodash/lodash-cli/issues"},"repository":{"type":"git","url":"https://github.com/lodash/lodash-cli.git"},"dependencies":{"lodash._baseindexof":"~2.1.0","lodash._cacheindexof":"~2.1.0","lodash._createcache":"~2.1.0","lodash._getarray":"~2.1.0","lodash._largearraysize":"~2.1.0","lodash._releasearray":"~2.1.0","lodash._releaseobject":"~2.1.0"},"_id":"lodash._baseuniq@2.1.0","dist":{"shasum":"f0b50482d69467147147e6c7304e407ac39bf45b","tarball":"https://registry.npmjs.org/lodash._baseuniq/-/lodash._baseuniq-2.1.0.tgz"},"_from":".","_npmVersion":"1.3.8","_npmUser":{"name":"jdalton","email":"john.david.dalton@gmail.com"},"maintainers":[{"name":"jdalton","email":"john.david.dalton@gmail.com"},{"name":"kitcambridge","email":"github@kitcambridge.be"},{"name":"mathias","email":"mathias@qiwi.be"},{"name":"phated","email":"blaine@iceddev.com"}],"directories":{}},"2.2.0":{"name":"lodash._baseuniq","version":"2.2.0","description":"The internal Lo-Dash function `baseUniq` as a Node.js module generated by lodash-cli.","homepage":"http://lodash.com/custom-builds","license":"MIT","author":{"name":"John-David Dalton","email":"john.david.dalton@gmail.com","url":"http://allyoucanleet.com/"},"contributors":[{"name":"John-David Dalton","email":"john.david.dalton@gmail.com","url":"http://allyoucanleet.com/"},{"name":"Blaine Bublitz","email":"blaine@iceddev.com","url":"http://iceddev.com/"},{"name":"Kit Cambridge","email":"github@kitcambridge.be","url":"http://kitcambridge.be/"},{"name":"Mathias Bynens","email":"mathias@qiwi.be","url":"http://mathiasbynens.be/"}],"bugs":{"url":"https://github.com/lodash/lodash-cli/issues"},"repository":{"type":"git","url":"https://github.com/lodash/lodash-cli.git"},"dependencies":{"lodash._baseindexof":"~2.2.0","lodash._cacheindexof":"~2.2.0","lodash._createcache":"~2.2.0","lodash._getarray":"~2.2.0","lodash._largearraysize":"~2.2.0","lodash._releasearray":"~2.2.0","lodash._releaseobject":"~2.2.0"},"_id":"lodash._baseuniq@2.2.0","dist":{"shasum":"a8aa7db3275b7bb47ab37e487c3490fd2a60c456","tarball":"https://registry.npmjs.org/lodash._baseuniq/-/lodash._baseuniq-2.2.0.tgz"},"_from":".","_npmVersion":"1.3.8","_npmUser":{"name":"jdalton","email":"john.david.dalton@gmail.com"},"maintainers":[{"name":"jdalton","email":"john.david.dalton@gmail.com"},{"name":"kitcambridge","email":"github@kitcambridge.be"},{"name":"mathias","email":"mathias@qiwi.be"},{"name":"phated","email":"blaine@iceddev.com"}],"directories":{}},"2.2.1":{"name":"lodash._baseuniq","version":"2.2.1","description":"The internal Lo-Dash function `baseUniq` as a Node.js module generated by lodash-cli.","homepage":"http://lodash.com/custom-builds","license":"MIT","author":{"name":"John-David Dalton","email":"john.david.dalton@gmail.com","url":"http://allyoucanleet.com/"},"contributors":[{"name":"John-David Dalton","email":"john.david.dalton@gmail.com","url":"http://allyoucanleet.com/"},{"name":"Blaine Bublitz","email":"blaine@iceddev.com","url":"http://iceddev.com/"},{"name":"Kit Cambridge","email":"github@kitcambridge.be","url":"http://kitcambridge.be/"},{"name":"Mathias Bynens","email":"mathias@qiwi.be","url":"http://mathiasbynens.be/"}],"bugs":{"url":"https://github.com/lodash/lodash-cli/issues"},"repository":{"type":"git","url":"https://github.com/lodash/lodash-cli.git"},"dependencies":{"lodash._baseindexof":"~2.2.1","lodash._cacheindexof":"~2.2.1","lodash._createcache":"~2.2.1","lodash._getarray":"~2.2.1","lodash._largearraysize":"~2.2.1","lodash._releasearray":"~2.2.1","lodash._releaseobject":"~2.2.1"},"_id":"lodash._baseuniq@2.2.1","dist":{"shasum":"d89356d18800b3e7f0cb4a2860c311741e2d43d8","tarball":"https://registry.npmjs.org/lodash._baseuniq/-/lodash._baseuniq-2.2.1.tgz"},"_from":".","_npmVersion":"1.3.11","_npmUser":{"name":"jdalton","email":"john.david.dalton@gmail.com"},"maintainers":[{"name":"jdalton","email":"john.david.dalton@gmail.com"},{"name":"kitcambridge","email":"github@kitcambridge.be"},{"name":"mathias","email":"mathias@qiwi.be"},{"name":"phated","email":"blaine@iceddev.com"}],"directories":{}},"2.3.0":{"name":"lodash._baseuniq","version":"2.3.0","description":"The internal Lo-Dash function `baseUniq` as a Node.js module generated by lodash-cli.","homepage":"http://lodash.com/custom-builds","license":"MIT","author":{"name":"John-David Dalton","email":"john.david.dalton@gmail.com","url":"http://allyoucanleet.com/"},"contributors":[{"name":"John-David Dalton","email":"john.david.dalton@gmail.com","url":"http://allyoucanleet.com/"},{"name":"Blaine Bublitz","email":"blaine@iceddev.com","url":"http://www.iceddev.com/"},{"name":"Kit Cambridge","email":"github@kitcambridge.be","url":"http://kitcambridge.be/"},{"name":"Mathias Bynens","email":"mathias@qiwi.be","url":"http://mathiasbynens.be/"}],"bugs":{"url":"https://github.com/lodash/lodash-cli/issues"},"repository":{"type":"git","url":"https://github.com/lodash/lodash-cli.git"},"dependencies":{"lodash._baseindexof":"~2.3.0","lodash._cacheindexof":"~2.3.0","lodash._createcache":"~2.3.0","lodash._getarray":"~2.3.0","lodash._largearraysize":"~2.3.0","lodash._releasearray":"~2.3.0","lodash._releaseobject":"~2.3.0"},"_id":"lodash._baseuniq@2.3.0","dist":{"shasum":"1b37a3f5c20b116f27aafc1991b6e97471991a22","tarball":"https://registry.npmjs.org/lodash._baseuniq/-/lodash._baseuniq-2.3.0.tgz"},"_from":".","_npmVersion":"1.3.11","_npmUser":{"name":"jdalton","email":"john.david.dalton@gmail.com"},"maintainers":[{"name":"jdalton","email":"john.david.dalton@gmail.com"},{"name":"kitcambridge","email":"github@kitcambridge.be"},{"name":"mathias","email":"mathias@qiwi.be"},{"name":"phated","email":"blaine@iceddev.com"}],"directories":{}},"2.4.0":{"name":"lodash._baseuniq","version":"2.4.0","description":"The internal Lo-Dash function `baseUniq` as a Node.js module generated by lodash-cli.","homepage":"http://lodash.com/custom-builds","license":"MIT","author":{"name":"John-David Dalton","email":"john.david.dalton@gmail.com","url":"http://allyoucanleet.com/"},"contributors":[{"name":"John-David Dalton","email":"john.david.dalton@gmail.com","url":"http://allyoucanleet.com/"},{"name":"Blaine Bublitz","email":"blaine@iceddev.com","url":"http://www.iceddev.com/"},{"name":"Kit Cambridge","email":"github@kitcambridge.be","url":"http://kitcambridge.be/"},{"name":"Mathias Bynens","email":"mathias@qiwi.be","url":"http://mathiasbynens.be/"}],"bugs":{"url":"https://github.com/lodash/lodash-cli/issues"},"repository":{"type":"git","url":"https://github.com/lodash/lodash-cli.git"},"dependencies":{"lodash._baseindexof":"~2.4.0","lodash._cacheindexof":"~2.4.0","lodash._createcache":"~2.4.0","lodash._getarray":"~2.4.0","lodash._largearraysize":"~2.4.0","lodash._releasearray":"~2.4.0","lodash._releaseobject":"~2.4.0"},"_id":"lodash._baseuniq@2.4.0","dist":{"shasum":"aac1248bf4df291ff8c696c71da176b1eeac9dfb","tarball":"https://registry.npmjs.org/lodash._baseuniq/-/lodash._baseuniq-2.4.0.tgz"},"_from":".","_npmVersion":"1.3.14","_npmUser":{"name":"jdalton","email":"john.david.dalton@gmail.com"},"maintainers":[{"name":"jdalton","email":"john.david.dalton@gmail.com"},{"name":"kitcambridge","email":"github@kitcambridge.be"},{"name":"mathias","email":"mathias@qiwi.be"},{"name":"phated","email":"blaine@iceddev.com"}],"directories":{}},"2.4.1":{"name":"lodash._baseuniq","version":"2.4.1","description":"The internal Lo-Dash function `baseUniq` as a Node.js module generated by lodash-cli.","homepage":"http://lodash.com/custom-builds","license":"MIT","author":{"name":"John-David Dalton","email":"john.david.dalton@gmail.com","url":"http://allyoucanleet.com/"},"contributors":[{"name":"John-David Dalton","email":"john.david.dalton@gmail.com","url":"http://allyoucanleet.com/"},{"name":"Blaine Bublitz","email":"blaine@iceddev.com","url":"http://www.iceddev.com/"},{"name":"Kit Cambridge","email":"github@kitcambridge.be","url":"http://kitcambridge.be/"},{"name":"Mathias Bynens","email":"mathias@qiwi.be","url":"http://mathiasbynens.be/"}],"bugs":{"url":"https://github.com/lodash/lodash-cli/issues"},"repository":{"type":"git","url":"https://github.com/lodash/lodash-cli.git"},"dependencies":{"lodash._baseindexof":"~2.4.1","lodash._cacheindexof":"~2.4.1","lodash._createcache":"~2.4.1","lodash._getarray":"~2.4.1","lodash._largearraysize":"~2.4.1","lodash._releasearray":"~2.4.1","lodash._releaseobject":"~2.4.1"},"_id":"lodash._baseuniq@2.4.1","dist":{"shasum":"56b263324dd0317de72443628a290137f2120381","tarball":"https://registry.npmjs.org/lodash._baseuniq/-/lodash._baseuniq-2.4.1.tgz"},"_from":".","_npmVersion":"1.3.14","_npmUser":{"name":"jdalton","email":"john.david.dalton@gmail.com"},"maintainers":[{"name":"jdalton","email":"john.david.dalton@gmail.com"},{"name":"kitcambridge","email":"github@kitcambridge.be"},{"name":"mathias","email":"mathias@qiwi.be"},{"name":"phated","email":"blaine@iceddev.com"}],"directories":{}},"3.0.0":{"name":"lodash._baseuniq","version":"3.0.0","description":"The modern build of lodash’s internal `baseUniq` as a module.","homepage":"https://lodash.com/","icon":"https://lodash.com/icon.svg","license":"MIT","author":{"name":"John-David Dalton","email":"john.david.dalton@gmail.com","url":"http://allyoucanleet.com/"},"contributors":[{"name":"John-David Dalton","email":"john.david.dalton@gmail.com","url":"http://allyoucanleet.com/"},{"name":"Benjamin Tan","email":"demoneaux@gmail.com","url":"https://d10.github.io/"},{"name":"Blaine Bublitz","email":"blaine@iceddev.com","url":"http://www.iceddev.com/"},{"name":"Kit Cambridge","email":"github@kitcambridge.be","url":"http://kitcambridge.be/"},{"name":"Mathias Bynens","email":"mathias@qiwi.be","url":"https://mathiasbynens.be/"}],"repository":{"type":"git","url":"https://github.com/lodash/lodash"},"scripts":{"test":"echo \"See https://travis-ci.org/lodash/lodash-cli for testing details.\""},"dependencies":{"lodash._baseindexof":"^3.0.0","lodash._cacheindexof":"^3.0.0","lodash._createcache":"^3.0.0"},"bugs":{"url":"https://github.com/lodash/lodash/issues"},"_id":"lodash._baseuniq@3.0.0","_shasum":"81cc88e2927ddb2a01c7f06171f2bdee2544bc61","_from":".","_npmVersion":"2.3.0","_nodeVersion":"0.10.35","_npmUser":{"name":"jdalton","email":"john.david.dalton@gmail.com"},"maintainers":[{"name":"jdalton","email":"john.david.dalton@gmail.com"},{"name":"kitcambridge","email":"github@kitcambridge.be"},{"name":"mathias","email":"mathias@qiwi.be"},{"name":"phated","email":"blaine@iceddev.com"}],"dist":{"shasum":"81cc88e2927ddb2a01c7f06171f2bdee2544bc61","tarball":"https://registry.npmjs.org/lodash._baseuniq/-/lodash._baseuniq-3.0.0.tgz"},"directories":{}},"3.0.1":{"name":"lodash._baseuniq","version":"3.0.1","description":"The modern build of lodash’s internal `baseUniq` as a module.","homepage":"https://lodash.com/","icon":"https://lodash.com/icon.svg","license":"MIT","author":{"name":"John-David Dalton","email":"john.david.dalton@gmail.com","url":"http://allyoucanleet.com/"},"contributors":[{"name":"John-David Dalton","email":"john.david.dalton@gmail.com","url":"http://allyoucanleet.com/"},{"name":"Benjamin Tan","email":"demoneaux@gmail.com","url":"https://d10.github.io/"},{"name":"Blaine Bublitz","email":"blaine@iceddev.com","url":"http://www.iceddev.com/"},{"name":"Kit Cambridge","email":"github@kitcambridge.be","url":"http://kitcambridge.be/"},{"name":"Mathias Bynens","email":"mathias@qiwi.be","url":"https://mathiasbynens.be/"}],"repository":{"type":"git","url":"https://github.com/lodash/lodash"},"scripts":{"test":"echo \"See https://travis-ci.org/lodash/lodash-cli for testing details.\""},"dependencies":{"lodash._baseindexof":"^3.0.0","lodash._cacheindexof":"^3.0.0","lodash._createcache":"^3.0.0"},"bugs":{"url":"https://github.com/lodash/lodash/issues"},"_id":"lodash._baseuniq@3.0.1","_shasum":"d4d9472f7c48be0c063017957acc86e2cc204cc2","_from":".","_npmVersion":"2.6.0","_nodeVersion":"0.12.0","_npmUser":{"name":"jdalton","email":"john.david.dalton@gmail.com"},"maintainers":[{"name":"jdalton","email":"john.david.dalton@gmail.com"},{"name":"kitcambridge","email":"github@kitcambridge.be"},{"name":"mathias","email":"mathias@qiwi.be"},{"name":"phated","email":"blaine@iceddev.com"},{"name":"d10","email":"demoneaux@gmail.com"}],"dist":{"shasum":"d4d9472f7c48be0c063017957acc86e2cc204cc2","tarball":"https://registry.npmjs.org/lodash._baseuniq/-/lodash._baseuniq-3.0.1.tgz"},"directories":{}},"3.0.2":{"name":"lodash._baseuniq","version":"3.0.2","description":"The modern build of lodash’s internal `baseUniq` as a module.","homepage":"https://lodash.com/","icon":"https://lodash.com/icon.svg","license":"MIT","author":{"name":"John-David Dalton","email":"john.david.dalton@gmail.com","url":"http://allyoucanleet.com/"},"contributors":[{"name":"John-David Dalton","email":"john.david.dalton@gmail.com","url":"http://allyoucanleet.com/"},{"name":"Benjamin Tan","email":"demoneaux@gmail.com","url":"https://d10.github.io/"},{"name":"Blaine Bublitz","email":"blaine@iceddev.com","url":"http://www.iceddev.com/"},{"name":"Kit Cambridge","email":"github@kitcambridge.be","url":"http://kitcambridge.be/"},{"name":"Mathias Bynens","email":"mathias@qiwi.be","url":"https://mathiasbynens.be/"}],"repository":{"type":"git","url":"https://github.com/lodash/lodash"},"scripts":{"test":"echo \"See https://travis-ci.org/lodash/lodash-cli for testing details.\""},"dependencies":{"lodash._baseindexof":"^3.0.0","lodash._cacheindexof":"^3.0.0","lodash._createcache":"^3.0.0"},"bugs":{"url":"https://github.com/lodash/lodash/issues"},"_id":"lodash._baseuniq@3.0.2","_shasum":"05ec0469e3ba264ca61c27d818348e049d3ca1db","_from":".","_npmVersion":"2.6.1","_nodeVersion":"0.12.0","_npmUser":{"name":"jdalton","email":"john.david.dalton@gmail.com"},"maintainers":[{"name":"jdalton","email":"john.david.dalton@gmail.com"},{"name":"kitcambridge","email":"github@kitcambridge.be"},{"name":"mathias","email":"mathias@qiwi.be"},{"name":"phated","email":"blaine@iceddev.com"},{"name":"d10","email":"demoneaux@gmail.com"}],"dist":{"shasum":"05ec0469e3ba264ca61c27d818348e049d3ca1db","tarball":"https://registry.npmjs.org/lodash._baseuniq/-/lodash._baseuniq-3.0.2.tgz"},"directories":{}},"3.0.3":{"name":"lodash._baseuniq","version":"3.0.3","description":"The modern build of lodash’s internal `baseUniq` as a module.","homepage":"https://lodash.com/","icon":"https://lodash.com/icon.svg","license":"MIT","author":{"name":"John-David Dalton","email":"john.david.dalton@gmail.com","url":"http://allyoucanleet.com/"},"contributors":[{"name":"John-David Dalton","email":"john.david.dalton@gmail.com","url":"http://allyoucanleet.com/"},{"name":"Benjamin Tan","email":"demoneaux@gmail.com","url":"https://d10.github.io/"},{"name":"Blaine Bublitz","email":"blaine@iceddev.com","url":"http://www.iceddev.com/"},{"name":"Kit Cambridge","email":"github@kitcambridge.be","url":"http://kitcambridge.be/"},{"name":"Mathias Bynens","email":"mathias@qiwi.be","url":"https://mathiasbynens.be/"}],"repository":{"type":"git","url":"git+https://github.com/lodash/lodash.git"},"scripts":{"test":"echo \"See https://travis-ci.org/lodash/lodash-cli for testing details.\""},"dependencies":{"lodash._baseindexof":"^3.0.0","lodash._cacheindexof":"^3.0.0","lodash._createcache":"^3.0.0"},"bugs":{"url":"https://github.com/lodash/lodash/issues"},"_id":"lodash._baseuniq@3.0.3","_shasum":"2123fa0db2d69c28d5beb1c1f36d61522a740234","_from":".","_npmVersion":"2.12.0","_nodeVersion":"0.12.5","_npmUser":{"name":"jdalton","email":"john.david.dalton@gmail.com"},"maintainers":[{"name":"jdalton","email":"john.david.dalton@gmail.com"},{"name":"kitcambridge","email":"github@kitcambridge.be"},{"name":"mathias","email":"mathias@qiwi.be"},{"name":"phated","email":"blaine@iceddev.com"},{"name":"d10","email":"demoneaux@gmail.com"}],"dist":{"shasum":"2123fa0db2d69c28d5beb1c1f36d61522a740234","tarball":"https://registry.npmjs.org/lodash._baseuniq/-/lodash._baseuniq-3.0.3.tgz"},"directories":{}},"4.4.0":{"name":"lodash._baseuniq","version":"4.4.0","description":"The internal lodash function `baseUniq` exported as a module.","homepage":"https://lodash.com/","icon":"https://lodash.com/icon.svg","license":"MIT","author":{"name":"John-David Dalton","email":"john.david.dalton@gmail.com","url":"http://allyoucanleet.com/"},"contributors":[{"name":"John-David Dalton","email":"john.david.dalton@gmail.com","url":"http://allyoucanleet.com/"},{"name":"Blaine Bublitz","email":"blaine@iceddev.com","url":"https://github.com/phated"},{"name":"Mathias Bynens","email":"mathias@qiwi.be","url":"https://mathiasbynens.be/"}],"repository":{"type":"git","url":"git+https://github.com/lodash/lodash.git"},"scripts":{"test":"echo \"See https://travis-ci.org/lodash/lodash-cli for testing details.\""},"dependencies":{"lodash._root":"^3.0.0","lodash._setcache":"^4.0.0"},"bugs":{"url":"https://github.com/lodash/lodash/issues"},"_id":"lodash._baseuniq@4.4.0","_shasum":"a445294347a2f5311f585fe3225644530b9b8fae","_from":".","_npmVersion":"2.14.18","_nodeVersion":"5.5.0","_npmUser":{"name":"jdalton","email":"john.david.dalton@gmail.com"},"dist":{"shasum":"a445294347a2f5311f585fe3225644530b9b8fae","tarball":"https://registry.npmjs.org/lodash._baseuniq/-/lodash._baseuniq-4.4.0.tgz"},"maintainers":[{"name":"jdalton","email":"john.david.dalton@gmail.com"},{"name":"mathias","email":"mathias@qiwi.be"},{"name":"phated","email":"blaine@iceddev.com"}],"_npmOperationalInternal":{"host":"packages-5-east.internal.npmjs.com","tmp":"tmp/lodash._baseuniq-4.4.0.tgz_1455615036146_0.2953244433738291"},"directories":{}},"4.5.0":{"name":"lodash._baseuniq","version":"4.5.0","description":"The internal lodash function `baseUniq` exported as a module.","homepage":"https://lodash.com/","icon":"https://lodash.com/icon.svg","license":"MIT","author":{"name":"John-David Dalton","email":"john.david.dalton@gmail.com","url":"http://allyoucanleet.com/"},"contributors":[{"name":"John-David Dalton","email":"john.david.dalton@gmail.com","url":"http://allyoucanleet.com/"},{"name":"Blaine Bublitz","email":"blaine@iceddev.com","url":"https://github.com/phated"},{"name":"Mathias Bynens","email":"mathias@qiwi.be","url":"https://mathiasbynens.be/"}],"repository":{"type":"git","url":"git+https://github.com/lodash/lodash.git"},"scripts":{"test":"echo \"See https://travis-ci.org/lodash/lodash-cli for testing details.\""},"dependencies":{"lodash._createset":"^4.0.0","lodash._setcache":"^4.0.0"},"bugs":{"url":"https://github.com/lodash/lodash/issues"},"_id":"lodash._baseuniq@4.5.0","_shasum":"50e82673ae56f5fd07160584864648b7e3c528e8","_from":".","_npmVersion":"2.14.17","_nodeVersion":"5.5.0","_npmUser":{"name":"jdalton","email":"john.david.dalton@gmail.com"},"dist":{"shasum":"50e82673ae56f5fd07160584864648b7e3c528e8","tarball":"https://registry.npmjs.org/lodash._baseuniq/-/lodash._baseuniq-4.5.0.tgz"},"maintainers":[{"name":"jdalton","email":"john.david.dalton@gmail.com"},{"name":"mathias","email":"mathias@qiwi.be"},{"name":"phated","email":"blaine@iceddev.com"}],"_npmOperationalInternal":{"host":"packages-5-east.internal.npmjs.com","tmp":"tmp/lodash._baseuniq-4.5.0.tgz_1456330775872_0.6085790924262255"},"directories":{}},"4.5.1":{"name":"lodash._baseuniq","version":"4.5.1","description":"The internal lodash function `baseUniq` exported as a module.","homepage":"https://lodash.com/","icon":"https://lodash.com/icon.svg","license":"MIT","author":{"name":"John-David Dalton","email":"john.david.dalton@gmail.com","url":"http://allyoucanleet.com/"},"contributors":[{"name":"John-David Dalton","email":"john.david.dalton@gmail.com","url":"http://allyoucanleet.com/"},{"name":"Blaine Bublitz","email":"blaine.bublitz@gmail.com","url":"https://github.com/phated"},{"name":"Mathias Bynens","email":"mathias@qiwi.be","url":"https://mathiasbynens.be/"}],"repository":{"type":"git","url":"git+https://github.com/lodash/lodash.git"},"scripts":{"test":"echo \"See https://travis-ci.org/lodash/lodash-cli for testing details.\""},"dependencies":{"lodash._createset":"~4.0.0","lodash._setcache":"~4.1.0"},"bugs":{"url":"https://github.com/lodash/lodash/issues"},"_id":"lodash._baseuniq@4.5.1","_shasum":"1980430c2e64ee86df6dd35794e1a301b2ab74de","_from":".","_npmVersion":"2.15.1","_nodeVersion":"5.5.0","_npmUser":{"name":"jdalton","email":"john.david.dalton@gmail.com"},"dist":{"shasum":"1980430c2e64ee86df6dd35794e1a301b2ab74de","tarball":"https://registry.npmjs.org/lodash._baseuniq/-/lodash._baseuniq-4.5.1.tgz"},"maintainers":[{"name":"jdalton","email":"john.david.dalton@gmail.com"},{"name":"mathias","email":"mathias@qiwi.be"},{"name":"phated","email":"blaine@iceddev.com"}],"_npmOperationalInternal":{"host":"packages-12-west.internal.npmjs.com","tmp":"tmp/lodash._baseuniq-4.5.1.tgz_1459310621859_0.6014031588565558"},"directories":{}},"4.6.0":{"name":"lodash._baseuniq","version":"4.6.0","description":"The internal lodash function `baseUniq` exported as a module.","homepage":"https://lodash.com/","icon":"https://lodash.com/icon.svg","license":"MIT","author":{"name":"John-David Dalton","email":"john.david.dalton@gmail.com","url":"http://allyoucanleet.com/"},"contributors":[{"name":"John-David Dalton","email":"john.david.dalton@gmail.com","url":"http://allyoucanleet.com/"},{"name":"Blaine Bublitz","email":"blaine.bublitz@gmail.com","url":"https://github.com/phated"},{"name":"Mathias Bynens","email":"mathias@qiwi.be","url":"https://mathiasbynens.be/"}],"repository":{"type":"git","url":"git+https://github.com/lodash/lodash.git"},"scripts":{"test":"echo \"See https://travis-ci.org/lodash/lodash-cli for testing details.\""},"dependencies":{"lodash._createset":"~4.0.0","lodash._root":"~3.0.0"},"bugs":{"url":"https://github.com/lodash/lodash/issues"},"_id":"lodash._baseuniq@4.6.0","_shasum":"0ebb44e456814af7905c6212fa2c9b2d51b841e8","_from":".","_npmVersion":"2.15.5","_nodeVersion":"5.5.0","_npmUser":{"name":"jdalton","email":"john.david.dalton@gmail.com"},"dist":{"shasum":"0ebb44e456814af7905c6212fa2c9b2d51b841e8","tarball":"https://registry.npmjs.org/lodash._baseuniq/-/lodash._baseuniq-4.6.0.tgz"},"maintainers":[{"name":"jdalton","email":"john.david.dalton@gmail.com"},{"name":"mathias","email":"mathias@qiwi.be"},{"name":"phated","email":"blaine@iceddev.com"}],"_npmOperationalInternal":{"host":"packages-12-west.internal.npmjs.com","tmp":"tmp/lodash._baseuniq-4.6.0.tgz_1463062037853_0.04403974884189665"},"directories":{}}},"readme":"# lodash._baseuniq v4.6.0\n\nThe internal [lodash](https://lodash.com/) function `baseUniq` exported as a [Node.js](https://nodejs.org/) module.\n\n## Installation\n\nUsing npm:\n```bash\n$ {sudo -H} npm i -g npm\n$ npm i --save lodash._baseuniq\n```\n\nIn Node.js:\n```js\nvar baseUniq = require('lodash._baseuniq');\n```\n\nSee the [package source](https://github.com/lodash/lodash/blob/4.6.0-npm-packages/lodash._baseuniq) for more details.\n","maintainers":[{"name":"jdalton","email":"john.david.dalton@gmail.com"},{"name":"mathias","email":"mathias@qiwi.be"}],"time":{"modified":"2016-10-06T16:55:08.049Z","created":"2013-09-23T06:26:59.640Z","2.0.0":"2013-09-23T07:26:56.490Z","2.1.0":"2013-09-23T07:46:52.491Z","2.2.0":"2013-09-29T22:05:46.191Z","2.2.1":"2013-10-03T18:46:54.203Z","2.3.0":"2013-11-11T16:44:06.496Z","2.4.0":"2013-11-26T19:53:41.169Z","2.4.1":"2013-12-03T17:08:03.047Z","3.0.0":"2015-01-26T15:28:07.881Z","3.0.1":"2015-02-24T16:19:07.074Z","3.0.2":"2015-03-06T16:55:38.751Z","3.0.3":"2015-06-30T15:15:55.983Z","4.4.0":"2016-02-16T09:30:39.819Z","4.5.0":"2016-02-24T16:19:38.047Z","4.5.1":"2016-03-30T04:03:42.375Z","4.6.0":"2016-05-12T14:07:18.344Z"},"author":{"name":"John-David Dalton","email":"john.david.dalton@gmail.com","url":"http://allyoucanleet.com/"},"repository":{"type":"git","url":"git+https://github.com/lodash/lodash.git"},"homepage":"https://lodash.com/","contributors":[{"name":"John-David Dalton","email":"john.david.dalton@gmail.com","url":"http://allyoucanleet.com/"},{"name":"Blaine Bublitz","email":"blaine.bublitz@gmail.com","url":"https://github.com/phated"},{"name":"Mathias Bynens","email":"mathias@qiwi.be","url":"https://mathiasbynens.be/"}],"bugs":{"url":"https://github.com/lodash/lodash/issues"},"license":"MIT","readmeFilename":"README.md","_attachments":{},"_etag":"W/\"a97dbe0fdba70f35083f7f4b61db6a0e\"","_lastModified":"Sun, 27 May 2018 06:58:06 GMT"}