{"_id":"npm-package-arg","_rev":"50-a8e2e6e96f131a87195378989f1fd062","name":"npm-package-arg","description":"Parse the things that can be arguments to `npm install`","dist-tags":{"latest":"6.1.0"},"versions":{"1.0.0":{"name":"npm-package-arg","version":"1.0.0","description":"Parse the things that can be arguments to `npm install`","main":"npa.js","directories":{"test":"test"},"dependencies":{"semver":"^2.3.0"},"devDependencies":{"tap":"^0.4.9"},"scripts":{"test":"tap test/*.js"},"repository":{"type":"git","url":"https://github.com/npm/npm-package-arg"},"author":{"name":"Isaac Z. Schlueter","email":"i@izs.me","url":"http://blog.izs.me/"},"license":"ISC","bugs":{"url":"https://github.com/npm/npm-package-arg/issues"},"homepage":"https://github.com/npm/npm-package-arg","gitHead":"caaee106a6648e449387cea06997c7aea622f554","_id":"npm-package-arg@1.0.0","_shasum":"518df22a0c95aa559f8f98b7dfc47d8af73c5884","_from":".","_npmVersion":"1.4.14","_npmUser":{"name":"isaacs","email":"i@izs.me"},"maintainers":[{"name":"isaacs","email":"i@izs.me"}],"dist":{"shasum":"518df22a0c95aa559f8f98b7dfc47d8af73c5884","tarball":"https://registry.npmjs.org/npm-package-arg/-/npm-package-arg-1.0.0.tgz"}},"1.1.0":{"name":"npm-package-arg","version":"1.1.0","description":"Parse the things that can be arguments to `npm install`","main":"npa.js","directories":{"test":"test"},"dependencies":{"semver":"^2.3.0"},"devDependencies":{"tap":"^0.4.9"},"scripts":{"test":"tap test/*.js"},"repository":{"type":"git","url":"https://github.com/npm/npm-package-arg"},"author":{"name":"Isaac Z. Schlueter","email":"i@izs.me","url":"http://blog.izs.me/"},"license":"ISC","bugs":{"url":"https://github.com/npm/npm-package-arg/issues"},"homepage":"https://github.com/npm/npm-package-arg","gitHead":"3bc0a6195ffb0396e8598fefed54f64b5b40723d","_id":"npm-package-arg@1.1.0","_shasum":"4546d1cf7d6c25bd1addd605ebc5a040778a2cd6","_from":".","_npmVersion":"1.4.16","_npmUser":{"name":"isaacs","email":"i@izs.me"},"maintainers":[{"name":"isaacs","email":"i@izs.me"}],"dist":{"shasum":"4546d1cf7d6c25bd1addd605ebc5a040778a2cd6","tarball":"https://registry.npmjs.org/npm-package-arg/-/npm-package-arg-1.1.0.tgz"}},"2.0.0":{"name":"npm-package-arg","version":"2.0.0","description":"Parse the things that can be arguments to `npm install`","main":"npa.js","directories":{"test":"test"},"dependencies":{"semver":"^2.3.0"},"devDependencies":{"tap":"^0.4.9"},"scripts":{"test":"tap test/*.js"},"repository":{"type":"git","url":"https://github.com/npm/npm-package-arg"},"author":{"name":"Isaac Z. Schlueter","email":"i@izs.me","url":"http://blog.izs.me/"},"license":"ISC","bugs":{"url":"https://github.com/npm/npm-package-arg/issues"},"homepage":"https://github.com/npm/npm-package-arg","gitHead":"e8b8d15b13bc254c64702a265668d35bb1cc27e0","_id":"npm-package-arg@2.0.0","_shasum":"b573aa01f3405c085564dfec930e8acc199bee08","_from":".","_npmVersion":"1.4.16","_npmUser":{"name":"isaacs","email":"i@izs.me"},"maintainers":[{"name":"isaacs","email":"i@izs.me"},{"name":"othiym23","email":"ogd@aoaioxxysz.net"}],"dist":{"shasum":"b573aa01f3405c085564dfec930e8acc199bee08","tarball":"https://registry.npmjs.org/npm-package-arg/-/npm-package-arg-2.0.0.tgz"}},"2.0.1":{"name":"npm-package-arg","version":"2.0.1","description":"Parse the things that can be arguments to `npm install`","main":"npa.js","directories":{"test":"test"},"dependencies":{"semver":"^2.3.0"},"devDependencies":{"tap":"^0.4.9"},"scripts":{"test":"tap test/*.js"},"repository":{"type":"git","url":"https://github.com/npm/npm-package-arg"},"author":{"name":"Isaac Z. Schlueter","email":"i@izs.me","url":"http://blog.izs.me/"},"license":"ISC","bugs":{"url":"https://github.com/npm/npm-package-arg/issues"},"homepage":"https://github.com/npm/npm-package-arg","gitHead":"543239e7db293cea99ac366050dd96c6cc55879c","_id":"npm-package-arg@2.0.1","_shasum":"73340bbb51cdf7656ac0bfa4fd18c16db245ba58","_from":".","_npmVersion":"2.0.0-alpha-5","_npmUser":{"name":"isaacs","email":"i@izs.me"},"maintainers":[{"name":"isaacs","email":"i@izs.me"},{"name":"othiym23","email":"ogd@aoaioxxysz.net"}],"dist":{"shasum":"73340bbb51cdf7656ac0bfa4fd18c16db245ba58","tarball":"https://registry.npmjs.org/npm-package-arg/-/npm-package-arg-2.0.1.tgz"}},"2.0.2":{"name":"npm-package-arg","version":"2.0.2","description":"Parse the things that can be arguments to `npm install`","main":"npa.js","directories":{"test":"test"},"dependencies":{"semver":"^2.3.0 || 3.x"},"devDependencies":{"tap":"^0.4.9"},"scripts":{"test":"tap test/*.js"},"repository":{"type":"git","url":"https://github.com/npm/npm-package-arg"},"author":{"name":"Isaac Z. Schlueter","email":"i@izs.me","url":"http://blog.izs.me/"},"license":"ISC","bugs":{"url":"https://github.com/npm/npm-package-arg/issues"},"homepage":"https://github.com/npm/npm-package-arg","gitHead":"2e21602126b7bda86a7db95f9939e43a6710b8be","_id":"npm-package-arg@2.0.2","_shasum":"e4f660c683068eccba9b27b4075cc00c0ccc6037","_from":".","_npmVersion":"2.0.0-alpha-5","_npmUser":{"name":"isaacs","email":"i@izs.me"},"maintainers":[{"name":"isaacs","email":"i@izs.me"},{"name":"othiym23","email":"ogd@aoaioxxysz.net"}],"dist":{"shasum":"e4f660c683068eccba9b27b4075cc00c0ccc6037","tarball":"https://registry.npmjs.org/npm-package-arg/-/npm-package-arg-2.0.2.tgz"}},"2.0.3":{"name":"npm-package-arg","version":"2.0.3","description":"Parse the things that can be arguments to `npm install`","main":"npa.js","directories":{"test":"test"},"dependencies":{"semver":"^2.3.0 || 3.x"},"devDependencies":{"tap":"^0.4.9"},"scripts":{"test":"tap test/*.js"},"repository":{"type":"git","url":"https://github.com/npm/npm-package-arg"},"author":{"name":"Isaac Z. Schlueter","email":"i@izs.me","url":"http://blog.izs.me/"},"license":"ISC","bugs":{"url":"https://github.com/npm/npm-package-arg/issues"},"homepage":"https://github.com/npm/npm-package-arg","gitHead":"c4703f16b6680820b5819a24f86a9abf03fdf549","_id":"npm-package-arg@2.0.3","_shasum":"024add26dd62eef801692fe7fa972a2d84c87beb","_from":".","_npmVersion":"2.0.0-beta.0","_npmUser":{"name":"isaacs","email":"i@izs.me"},"maintainers":[{"name":"isaacs","email":"i@izs.me"},{"name":"othiym23","email":"ogd@aoaioxxysz.net"}],"dist":{"shasum":"024add26dd62eef801692fe7fa972a2d84c87beb","tarball":"https://registry.npmjs.org/npm-package-arg/-/npm-package-arg-2.0.3.tgz"}},"2.0.4":{"name":"npm-package-arg","version":"2.0.4","description":"Parse the things that can be arguments to `npm install`","main":"npa.js","directories":{"test":"test"},"dependencies":{"semver":"^2.3.0 || 3.x"},"devDependencies":{"tap":"^0.4.9"},"scripts":{"test":"tap test/*.js"},"repository":{"type":"git","url":"https://github.com/npm/npm-package-arg"},"author":{"name":"Isaac Z. Schlueter","email":"i@izs.me","url":"http://blog.izs.me/"},"license":"ISC","bugs":{"url":"https://github.com/npm/npm-package-arg/issues"},"homepage":"https://github.com/npm/npm-package-arg","gitHead":"b630a290e12ea7c83b389b7582067ddca052d357","_id":"npm-package-arg@2.0.4","_shasum":"15647a2d5bb3b673e7a76644d43ddce929b9f84a","_from":".","_npmVersion":"2.0.0-beta.0","_npmUser":{"name":"isaacs","email":"i@izs.me"},"maintainers":[{"name":"isaacs","email":"i@izs.me"},{"name":"othiym23","email":"ogd@aoaioxxysz.net"}],"dist":{"shasum":"15647a2d5bb3b673e7a76644d43ddce929b9f84a","tarball":"https://registry.npmjs.org/npm-package-arg/-/npm-package-arg-2.0.4.tgz"}},"2.1.0":{"name":"npm-package-arg","version":"2.1.0","description":"Parse the things that can be arguments to `npm install`","main":"npa.js","directories":{"test":"test"},"dependencies":{"semver":"^2.3.0 || 3.x"},"devDependencies":{"tap":"^0.4.9"},"scripts":{"test":"tap test/*.js"},"repository":{"type":"git","url":"https://github.com/npm/npm-package-arg"},"author":{"name":"Isaac Z. Schlueter","email":"i@izs.me","url":"http://blog.izs.me/"},"license":"ISC","bugs":{"url":"https://github.com/npm/npm-package-arg/issues"},"homepage":"https://github.com/npm/npm-package-arg","gitHead":"9e46839145b953ee14ad489958c6466e59c4a874","_id":"npm-package-arg@2.1.0","_shasum":"ed0c544e2fb07403491edb3bb85aca995f0454fa","_from":".","_npmVersion":"2.0.0-beta.2","_npmUser":{"name":"othiym23","email":"ogd@aoaioxxysz.net"},"maintainers":[{"name":"isaacs","email":"i@izs.me"},{"name":"othiym23","email":"ogd@aoaioxxysz.net"}],"dist":{"shasum":"ed0c544e2fb07403491edb3bb85aca995f0454fa","tarball":"https://registry.npmjs.org/npm-package-arg/-/npm-package-arg-2.1.0.tgz"}},"2.1.1":{"name":"npm-package-arg","version":"2.1.1","description":"Parse the things that can be arguments to `npm install`","main":"npa.js","directories":{"test":"test"},"dependencies":{"semver":"^2.3.0 || 3.x || 4"},"devDependencies":{"tap":"^0.4.9"},"scripts":{"test":"tap test/*.js"},"repository":{"type":"git","url":"https://github.com/npm/npm-package-arg"},"author":{"name":"Isaac Z. Schlueter","email":"i@izs.me","url":"http://blog.izs.me/"},"license":"ISC","bugs":{"url":"https://github.com/npm/npm-package-arg/issues"},"homepage":"https://github.com/npm/npm-package-arg","gitHead":"d0098822ba9212d12cf78578973a83903d4c4f4c","_id":"npm-package-arg@2.1.1","_shasum":"05cd158bd581be9588b588d0937ebfe649ff04cd","_from":".","_npmVersion":"2.0.0-beta.3","_npmUser":{"name":"isaacs","email":"i@izs.me"},"maintainers":[{"name":"isaacs","email":"i@izs.me"},{"name":"othiym23","email":"ogd@aoaioxxysz.net"}],"dist":{"shasum":"05cd158bd581be9588b588d0937ebfe649ff04cd","tarball":"https://registry.npmjs.org/npm-package-arg/-/npm-package-arg-2.1.1.tgz"}},"2.1.2":{"name":"npm-package-arg","version":"2.1.2","description":"Parse the things that can be arguments to `npm install`","main":"npa.js","directories":{"test":"test"},"dependencies":{"semver":"^2.3.0 || 3.x || 4"},"devDependencies":{"tap":"^0.4.9"},"scripts":{"test":"tap test/*.js"},"repository":{"type":"git","url":"https://github.com/npm/npm-package-arg"},"author":{"name":"Isaac Z. Schlueter","email":"i@izs.me","url":"http://blog.izs.me/"},"license":"ISC","bugs":{"url":"https://github.com/npm/npm-package-arg/issues"},"homepage":"https://github.com/npm/npm-package-arg","gitHead":"ebb3c5ee4c362aca5722cf805adf871f86b5c4f2","_id":"npm-package-arg@2.1.2","_shasum":"14f9be32e203a77977dd8120cf749d0db8c93761","_from":".","_npmVersion":"2.0.0-beta.3","_npmUser":{"name":"othiym23","email":"ogd@aoaioxxysz.net"},"maintainers":[{"name":"isaacs","email":"i@izs.me"},{"name":"othiym23","email":"ogd@aoaioxxysz.net"}],"dist":{"shasum":"14f9be32e203a77977dd8120cf749d0db8c93761","tarball":"https://registry.npmjs.org/npm-package-arg/-/npm-package-arg-2.1.2.tgz"}},"2.1.3":{"name":"npm-package-arg","version":"2.1.3","description":"Parse the things that can be arguments to `npm install`","main":"npa.js","directories":{"test":"test"},"dependencies":{"semver":"4"},"devDependencies":{"tap":"^0.4.9"},"scripts":{"test":"tap test/*.js"},"repository":{"type":"git","url":"https://github.com/npm/npm-package-arg"},"author":{"name":"Isaac Z. Schlueter","email":"i@izs.me","url":"http://blog.izs.me/"},"license":"ISC","bugs":{"url":"https://github.com/npm/npm-package-arg/issues"},"homepage":"https://github.com/npm/npm-package-arg","gitHead":"9aaabc2aae746371a05f54cdb57a5f9ada003d8f","_id":"npm-package-arg@2.1.3","_shasum":"dfba34bd82dd327c10cb43a65c8db6ef0b812bf7","_from":".","_npmVersion":"1.4.28","_npmUser":{"name":"iarna","email":"me@re-becca.org"},"maintainers":[{"name":"isaacs","email":"i@izs.me"},{"name":"othiym23","email":"ogd@aoaioxxysz.net"},{"name":"iarna","email":"me@re-becca.org"}],"dist":{"shasum":"dfba34bd82dd327c10cb43a65c8db6ef0b812bf7","tarball":"https://registry.npmjs.org/npm-package-arg/-/npm-package-arg-2.1.3.tgz"}},"3.0.0":{"name":"npm-package-arg","version":"3.0.0","description":"Parse the things that can be arguments to `npm install`","main":"npa.js","directories":{"test":"test"},"dependencies":{"hosted-git-info":"^1.4.0","semver":"4"},"devDependencies":{"tap":"^0.4.9"},"scripts":{"test":"tap test/*.js"},"repository":{"type":"git","url":"https://github.com/npm/npm-package-arg"},"author":{"name":"Isaac Z. Schlueter","email":"i@izs.me","url":"http://blog.izs.me/"},"license":"ISC","bugs":{"url":"https://github.com/npm/npm-package-arg/issues"},"homepage":"https://github.com/npm/npm-package-arg","gitHead":"263fd43295ac8f6eca046be108782cfbf9a78bfe","_id":"npm-package-arg@3.0.0","_shasum":"84e91836fa2e4e35ae26dc984440b1e5b5aee1ee","_from":".","_npmVersion":"1.4.28","_npmUser":{"name":"iarna","email":"me@re-becca.org"},"maintainers":[{"name":"isaacs","email":"i@izs.me"},{"name":"othiym23","email":"ogd@aoaioxxysz.net"},{"name":"iarna","email":"me@re-becca.org"}],"dist":{"shasum":"84e91836fa2e4e35ae26dc984440b1e5b5aee1ee","tarball":"https://registry.npmjs.org/npm-package-arg/-/npm-package-arg-3.0.0.tgz"}},"3.1.0":{"name":"npm-package-arg","version":"3.1.0","description":"Parse the things that can be arguments to `npm install`","main":"npa.js","directories":{"test":"test"},"dependencies":{"hosted-git-info":"^1.5.3","semver":"4"},"devDependencies":{"tap":"^0.4.9"},"scripts":{"test":"tap test/*.js"},"repository":{"type":"git","url":"https://github.com/npm/npm-package-arg"},"author":{"name":"Isaac Z. Schlueter","email":"i@izs.me","url":"http://blog.izs.me/"},"license":"ISC","bugs":{"url":"https://github.com/npm/npm-package-arg/issues"},"homepage":"https://github.com/npm/npm-package-arg","gitHead":"3d5c7f91c5e90e4b9792d881080c462f718f4747","_id":"npm-package-arg@3.1.0","_shasum":"8ce9d8ad83ae9fcc433783ca813e4e91f885703e","_from":".","_npmVersion":"2.4.1","_nodeVersion":"1.0.4","_npmUser":{"name":"iarna","email":"me@re-becca.org"},"maintainers":[{"name":"isaacs","email":"i@izs.me"},{"name":"othiym23","email":"ogd@aoaioxxysz.net"},{"name":"iarna","email":"me@re-becca.org"}],"dist":{"shasum":"8ce9d8ad83ae9fcc433783ca813e4e91f885703e","tarball":"https://registry.npmjs.org/npm-package-arg/-/npm-package-arg-3.1.0.tgz"}},"3.1.1":{"name":"npm-package-arg","version":"3.1.1","description":"Parse the things that can be arguments to `npm install`","main":"npa.js","directories":{"test":"test"},"dependencies":{"hosted-git-info":"^1.5.3","semver":"4"},"devDependencies":{"tap":"^0.4.9"},"scripts":{"test":"tap test/*.js"},"repository":{"type":"git","url":"https://github.com/npm/npm-package-arg"},"author":{"name":"Isaac Z. Schlueter","email":"i@izs.me","url":"http://blog.izs.me/"},"license":"ISC","bugs":{"url":"https://github.com/npm/npm-package-arg/issues"},"homepage":"https://github.com/npm/npm-package-arg","gitHead":"1dc802d4b449f1599c7275bb948c6ecd265c23a8","_id":"npm-package-arg@3.1.1","_shasum":"c9e5f7587f8484d1372a9b386fbf8b2443fc1bdb","_from":".","_npmVersion":"2.6.1","_nodeVersion":"1.1.0","_npmUser":{"name":"iarna","email":"me@re-becca.org"},"maintainers":[{"name":"isaacs","email":"i@izs.me"},{"name":"othiym23","email":"ogd@aoaioxxysz.net"},{"name":"iarna","email":"me@re-becca.org"}],"dist":{"shasum":"c9e5f7587f8484d1372a9b386fbf8b2443fc1bdb","tarball":"https://registry.npmjs.org/npm-package-arg/-/npm-package-arg-3.1.1.tgz"}},"4.0.0":{"name":"npm-package-arg","version":"4.0.0","description":"Parse the things that can be arguments to `npm install`","main":"npa.js","directories":{"test":"test"},"dependencies":{"hosted-git-info":"^2.0.2","semver":"4"},"devDependencies":{"tap":"^0.4.9"},"scripts":{"test":"tap test/*.js"},"repository":{"type":"git","url":"https://github.com/npm/npm-package-arg"},"author":{"name":"Isaac Z. Schlueter","email":"i@izs.me","url":"http://blog.izs.me/"},"license":"ISC","bugs":{"url":"https://github.com/npm/npm-package-arg/issues"},"homepage":"https://github.com/npm/npm-package-arg","gitHead":"25ac404d9f3b77b14be9b05a7dafd9cb99557fdc","_id":"npm-package-arg@4.0.0","_shasum":"04766dc98dbc19f6d627a5817075f4ce13d64a5d","_from":".","_npmVersion":"2.7.5","_nodeVersion":"1.6.2","_npmUser":{"name":"iarna","email":"me@re-becca.org"},"maintainers":[{"name":"isaacs","email":"i@izs.me"},{"name":"othiym23","email":"ogd@aoaioxxysz.net"},{"name":"iarna","email":"me@re-becca.org"}],"dist":{"shasum":"04766dc98dbc19f6d627a5817075f4ce13d64a5d","tarball":"https://registry.npmjs.org/npm-package-arg/-/npm-package-arg-4.0.0.tgz"}},"4.0.1":{"name":"npm-package-arg","version":"4.0.1","description":"Parse the things that can be arguments to `npm install`","main":"npa.js","directories":{"test":"test"},"dependencies":{"hosted-git-info":"^2.1.4","semver":"4"},"devDependencies":{"tap":"^0.4.9"},"scripts":{"test":"tap test/*.js"},"repository":{"type":"git","url":"https://github.com/npm/npm-package-arg"},"author":{"name":"Isaac Z. Schlueter","email":"i@izs.me","url":"http://blog.izs.me/"},"license":"ISC","bugs":{"url":"https://github.com/npm/npm-package-arg/issues"},"homepage":"https://github.com/npm/npm-package-arg","gitHead":"794c9981033bb16bd4a88c7ba45c109107439172","_id":"npm-package-arg@4.0.1","_shasum":"bfbea17cd2b9fdc4fca2f02796794173dbf1877c","_from":".","_npmVersion":"2.7.6","_nodeVersion":"1.6.2","_npmUser":{"name":"iarna","email":"me@re-becca.org"},"dist":{"shasum":"bfbea17cd2b9fdc4fca2f02796794173dbf1877c","tarball":"https://registry.npmjs.org/npm-package-arg/-/npm-package-arg-4.0.1.tgz"},"maintainers":[{"name":"isaacs","email":"i@izs.me"},{"name":"othiym23","email":"ogd@aoaioxxysz.net"},{"name":"iarna","email":"me@re-becca.org"}]},"4.0.2":{"name":"npm-package-arg","version":"4.0.2","description":"Parse the things that can be arguments to `npm install`","main":"npa.js","directories":{"test":"test"},"dependencies":{"hosted-git-info":"^2.1.4","semver":"4 || 5"},"devDependencies":{"tap":"^1.2.0"},"scripts":{"test":"tap test/*.js"},"repository":{"type":"git","url":"git+https://github.com/npm/npm-package-arg.git"},"author":{"name":"Isaac Z. Schlueter","email":"i@izs.me","url":"http://blog.izs.me/"},"license":"ISC","bugs":{"url":"https://github.com/npm/npm-package-arg/issues"},"homepage":"https://github.com/npm/npm-package-arg","gitHead":"8d3c51c33807fabde4db86a3811831b756eaf2eb","_id":"npm-package-arg@4.0.2","_shasum":"3f28235f9f6428e54bfeca73629e27d6c81a7e82","_from":".","_npmVersion":"2.13.1","_nodeVersion":"2.3.1","_npmUser":{"name":"othiym23","email":"ogd@aoaioxxysz.net"},"dist":{"shasum":"3f28235f9f6428e54bfeca73629e27d6c81a7e82","tarball":"https://registry.npmjs.org/npm-package-arg/-/npm-package-arg-4.0.2.tgz"},"maintainers":[{"name":"isaacs","email":"i@izs.me"},{"name":"othiym23","email":"ogd@aoaioxxysz.net"},{"name":"iarna","email":"me@re-becca.org"}]},"4.1.0":{"name":"npm-package-arg","version":"4.1.0","description":"Parse the things that can be arguments to `npm install`","main":"npa.js","directories":{"test":"test"},"dependencies":{"hosted-git-info":"^2.1.4","semver":"4 || 5"},"devDependencies":{"tap":"^1.2.0"},"scripts":{"test":"tap test/*.js"},"repository":{"type":"git","url":"git+https://github.com/npm/npm-package-arg.git"},"author":{"name":"Isaac Z. Schlueter","email":"i@izs.me","url":"http://blog.izs.me/"},"license":"ISC","bugs":{"url":"https://github.com/npm/npm-package-arg/issues"},"homepage":"https://github.com/npm/npm-package-arg","gitHead":"383b4783a076b825815be51eb1ab2e4bb8a1e1fc","_id":"npm-package-arg@4.1.0","_shasum":"2e015f8ac00737cb97f997c9cbf059f42a74527d","_from":".","_npmVersion":"3.4.0","_nodeVersion":"4.2.1","_npmUser":{"name":"iarna","email":"me@re-becca.org"},"dist":{"shasum":"2e015f8ac00737cb97f997c9cbf059f42a74527d","tarball":"https://registry.npmjs.org/npm-package-arg/-/npm-package-arg-4.1.0.tgz"},"maintainers":[{"name":"isaacs","email":"i@izs.me"},{"name":"othiym23","email":"ogd@aoaioxxysz.net"},{"name":"iarna","email":"me@re-becca.org"}]},"4.1.1":{"name":"npm-package-arg","version":"4.1.1","description":"Parse the things that can be arguments to `npm install`","main":"npa.js","directories":{"test":"test"},"dependencies":{"hosted-git-info":"^2.1.4","semver":"4 || 5"},"devDependencies":{"tap":"^1.2.0"},"scripts":{"test":"tap test/*.js"},"repository":{"type":"git","url":"git+https://github.com/npm/npm-package-arg.git"},"author":{"name":"Isaac Z. Schlueter","email":"i@izs.me","url":"http://blog.izs.me/"},"license":"ISC","bugs":{"url":"https://github.com/npm/npm-package-arg/issues"},"homepage":"https://github.com/npm/npm-package-arg","gitHead":"b39730cf0362576be0f3d3bfbc090af512a6afd2","_id":"npm-package-arg@4.1.1","_shasum":"86d9dca985b4c5e5d59772dfd5de6919998a495a","_from":".","_npmVersion":"3.8.7","_nodeVersion":"5.6.0","_npmUser":{"name":"zkat","email":"kat@sykosomatic.org"},"dist":{"shasum":"86d9dca985b4c5e5d59772dfd5de6919998a495a","tarball":"https://registry.npmjs.org/npm-package-arg/-/npm-package-arg-4.1.1.tgz"},"maintainers":[{"name":"iarna","email":"me@re-becca.org"},{"name":"isaacs","email":"i@izs.me"},{"name":"othiym23","email":"ogd@aoaioxxysz.net"},{"name":"zkat","email":"kat@sykosomatic.org"}],"_npmOperationalInternal":{"host":"packages-16-east.internal.npmjs.com","tmp":"tmp/npm-package-arg-4.1.1.tgz_1461107377267_0.3723941845819354"}},"4.2.0":{"name":"npm-package-arg","version":"4.2.0","description":"Parse the things that can be arguments to `npm install`","main":"npa.js","directories":{"test":"test"},"dependencies":{"hosted-git-info":"^2.1.5","semver":"^5.1.0"},"devDependencies":{"standard":"^7.1.2","tap":"^5.7.2"},"scripts":{"test":"standard && tap --coverage test/*.js"},"repository":{"type":"git","url":"git+https://github.com/npm/npm-package-arg.git"},"author":{"name":"Isaac Z. Schlueter","email":"i@izs.me","url":"http://blog.izs.me/"},"license":"ISC","bugs":{"url":"https://github.com/npm/npm-package-arg/issues"},"homepage":"https://github.com/npm/npm-package-arg","gitHead":"b54a9286ef387dd1fd109c54a42e8de45d7b07e8","_id":"npm-package-arg@4.2.0","_shasum":"809bc61cabf54bd5ff94f6165c89ba8ee88c115c","_from":".","_npmVersion":"3.9.6","_nodeVersion":"6.2.1","_npmUser":{"name":"othiym23","email":"ogd@aoaioxxysz.net"},"dist":{"shasum":"809bc61cabf54bd5ff94f6165c89ba8ee88c115c","tarball":"https://registry.npmjs.org/npm-package-arg/-/npm-package-arg-4.2.0.tgz"},"maintainers":[{"name":"iarna","email":"me@re-becca.org"},{"name":"isaacs","email":"i@izs.me"},{"name":"othiym23","email":"ogd@aoaioxxysz.net"},{"name":"zkat","email":"kat@sykosomatic.org"}],"_npmOperationalInternal":{"host":"packages-16-east.internal.npmjs.com","tmp":"tmp/npm-package-arg-4.2.0.tgz_1465952856229_0.8071578682865947"}},"4.2.1":{"name":"npm-package-arg","version":"4.2.1","description":"Parse the things that can be arguments to `npm install`","main":"npa.js","directories":{"test":"test"},"files":["npa.js"],"dependencies":{"hosted-git-info":"^2.1.5","semver":"^5.1.0"},"devDependencies":{"standard":"^7.1.2","tap":"^5.7.2"},"scripts":{"test":"standard && tap --coverage test/*.js"},"repository":{"type":"git","url":"git+https://github.com/npm/npm-package-arg.git"},"author":{"name":"Isaac Z. Schlueter","email":"i@izs.me","url":"http://blog.izs.me/"},"license":"ISC","bugs":{"url":"https://github.com/npm/npm-package-arg/issues"},"homepage":"https://github.com/npm/npm-package-arg","gitHead":"2fa53ce9c3a000626e58c115205d4049c5b1ef42","_id":"npm-package-arg@4.2.1","_shasum":"593303fdea85f7c422775f17f9eb7670f680e3ec","_from":".","_npmVersion":"4.1.2","_nodeVersion":"7.7.1","_npmUser":{"name":"zkat","email":"kat@sykosomatic.org"},"dist":{"shasum":"593303fdea85f7c422775f17f9eb7670f680e3ec","tarball":"https://registry.npmjs.org/npm-package-arg/-/npm-package-arg-4.2.1.tgz"},"maintainers":[{"name":"iarna","email":"me@re-becca.org"},{"name":"isaacs","email":"i@izs.me"},{"name":"othiym23","email":"ogd@aoaioxxysz.net"},{"name":"zkat","email":"kat@sykosomatic.org"}],"_npmOperationalInternal":{"host":"packages-18-east.internal.npmjs.com","tmp":"tmp/npm-package-arg-4.2.1.tgz_1488928211600_0.17898930050432682"}},"5.0.0":{"name":"npm-package-arg","version":"5.0.0","description":"Parse the things that can be arguments to `npm install`","main":"npa.js","directories":{"test":"test"},"files":["npa.js"],"dependencies":{"hosted-git-info":"^2.4.2","osenv":"^0.1.4","semver":"^5.1.0","validate-npm-package-name":"^3.0.0"},"devDependencies":{"standard":"9.0.2","tap":"^10.3.0"},"scripts":{"test":"standard && tap -J --coverage test/*.js"},"repository":{"type":"git","url":"git+https://github.com/npm/npm-package-arg.git"},"author":{"name":"Isaac Z. Schlueter","email":"i@izs.me","url":"http://blog.izs.me/"},"license":"ISC","bugs":{"url":"https://github.com/npm/npm-package-arg/issues"},"homepage":"https://github.com/npm/npm-package-arg","gitHead":"747aa8441fdc699b71ad577302e3c301e697bb86","_id":"npm-package-arg@5.0.0","_shasum":"316fce9b535557b7a7a5cff9b32a54eb826ba1be","_from":".","_npmVersion":"4.5.0","_nodeVersion":"7.7.4","_npmUser":{"name":"iarna","email":"me@re-becca.org"},"dist":{"shasum":"316fce9b535557b7a7a5cff9b32a54eb826ba1be","tarball":"https://registry.npmjs.org/npm-package-arg/-/npm-package-arg-5.0.0.tgz"},"maintainers":[{"name":"iarna","email":"me@re-becca.org"},{"name":"isaacs","email":"i@izs.me"},{"name":"othiym23","email":"ogd@aoaioxxysz.net"},{"name":"zkat","email":"kat@sykosomatic.org"}],"_npmOperationalInternal":{"host":"packages-18-east.internal.npmjs.com","tmp":"tmp/npm-package-arg-5.0.0.tgz_1492134877206_0.17106067389249802"}},"5.0.1":{"name":"npm-package-arg","version":"5.0.1","description":"Parse the things that can be arguments to `npm install`","main":"npa.js","directories":{"test":"test"},"files":["npa.js"],"dependencies":{"hosted-git-info":"^2.4.2","osenv":"^0.1.4","semver":"^5.1.0","validate-npm-package-name":"^3.0.0"},"devDependencies":{"standard":"9.0.2","tap":"^10.3.0"},"scripts":{"test":"standard && tap -J --coverage test/*.js"},"repository":{"type":"git","url":"git+https://github.com/npm/npm-package-arg.git"},"author":{"name":"Isaac Z. Schlueter","email":"i@izs.me","url":"http://blog.izs.me/"},"license":"ISC","bugs":{"url":"https://github.com/npm/npm-package-arg/issues"},"homepage":"https://github.com/npm/npm-package-arg","gitHead":"c85a786857bcc51a6587bf980d724b82d3d4151d","_id":"npm-package-arg@5.0.1","_shasum":"09a816e3f45a549e3ddaf33e9bae5e7b31077872","_from":".","_npmVersion":"4.5.0","_nodeVersion":"7.7.4","_npmUser":{"name":"iarna","email":"me@re-becca.org"},"dist":{"shasum":"09a816e3f45a549e3ddaf33e9bae5e7b31077872","tarball":"https://registry.npmjs.org/npm-package-arg/-/npm-package-arg-5.0.1.tgz"},"maintainers":[{"name":"iarna","email":"me@re-becca.org"},{"name":"isaacs","email":"i@izs.me"},{"name":"othiym23","email":"ogd@aoaioxxysz.net"},{"name":"zkat","email":"kat@sykosomatic.org"}],"_npmOperationalInternal":{"host":"packages-18-east.internal.npmjs.com","tmp":"tmp/npm-package-arg-5.0.1.tgz_1492211885788_0.7383633449207991"}},"5.1.0":{"name":"npm-package-arg","version":"5.1.0","description":"Parse the things that can be arguments to `npm install`","main":"npa.js","directories":{"test":"test"},"files":["npa.js"],"dependencies":{"hosted-git-info":"^2.4.2","osenv":"^0.1.4","semver":"^5.1.0","validate-npm-package-name":"^3.0.0"},"devDependencies":{"standard":"9.0.2","tap":"^10.3.0"},"scripts":{"test":"standard && tap -J --coverage test/*.js"},"repository":{"type":"git","url":"git+https://github.com/npm/npm-package-arg.git"},"author":{"name":"Isaac Z. Schlueter","email":"i@izs.me","url":"http://blog.izs.me/"},"license":"ISC","bugs":{"url":"https://github.com/npm/npm-package-arg/issues"},"homepage":"https://github.com/npm/npm-package-arg","gitHead":"2ecddebe2ccfa1a30449822071866a599dc3ec5f","_id":"npm-package-arg@5.1.0","_npmVersion":"5.0.1","_nodeVersion":"7.9.0","_npmUser":{"name":"zkat","email":"kat@sykosomatic.org"},"dist":{"integrity":"sha512-KoyiRrC+spci8lkRrXP4dDl3WVQpxO014kA0uQsmdzFPI2SdpCSIgmtLJgfKhGi+zJEMcVHnXSwTuxss+Vb3Yw==","shasum":"43de324b2fb6ef8a3615062bf60969111e159eab","tarball":"https://registry.npmjs.org/npm-package-arg/-/npm-package-arg-5.1.0.tgz"},"maintainers":[{"name":"iarna","email":"me@re-becca.org"},{"name":"isaacs","email":"i@izs.me"},{"name":"othiym23","email":"ogd@aoaioxxysz.net"},{"name":"zkat","email":"kat@sykosomatic.org"}],"_npmOperationalInternal":{"host":"s3://npm-registry-packages","tmp":"tmp/npm-package-arg-5.1.0.tgz_1496370138148_0.28201422467827797"}},"5.1.1":{"name":"npm-package-arg","version":"5.1.1","description":"Parse the things that can be arguments to `npm install`","main":"npa.js","directories":{"test":"test"},"files":["npa.js"],"dependencies":{"hosted-git-info":"^2.4.2","osenv":"^0.1.4","semver":"^5.1.0","validate-npm-package-name":"^3.0.0"},"devDependencies":{"standard":"9.0.2","tap":"^10.3.0"},"scripts":{"test":"standard && tap -J --coverage test/*.js"},"repository":{"type":"git","url":"git+https://github.com/npm/npm-package-arg.git"},"author":{"name":"Isaac Z. Schlueter","email":"i@izs.me","url":"http://blog.izs.me/"},"license":"ISC","bugs":{"url":"https://github.com/npm/npm-package-arg/issues"},"homepage":"https://github.com/npm/npm-package-arg","gitHead":"1d971d2a9f7deda6b9f5afc7aecb6debce6598be","_id":"npm-package-arg@5.1.1","_npmVersion":"5.0.1","_nodeVersion":"7.9.0","_npmUser":{"name":"zkat","email":"kat@sykosomatic.org"},"dist":{"integrity":"sha512-67wPa1moaLvn9YAVLLECpGe+v3jL82pBDTE2jMxLOQHd0kWBLnmtCqbxrFagp5pVNFukqmtYRruK3wfoeVTZ2g==","shasum":"a3d09053f2d8a0bfa562624507baa597737fc3bf","tarball":"https://registry.npmjs.org/npm-package-arg/-/npm-package-arg-5.1.1.tgz"},"maintainers":[{"name":"iarna","email":"me@re-becca.org"},{"name":"isaacs","email":"i@izs.me"},{"name":"othiym23","email":"ogd@aoaioxxysz.net"},{"name":"zkat","email":"kat@sykosomatic.org"}],"_npmOperationalInternal":{"host":"s3://npm-registry-packages","tmp":"tmp/npm-package-arg-5.1.1.tgz_1496371134552_0.8993810191750526"}},"5.1.2":{"name":"npm-package-arg","version":"5.1.2","description":"Parse the things that can be arguments to `npm install`","main":"npa.js","directories":{"test":"test"},"files":["npa.js"],"dependencies":{"hosted-git-info":"^2.4.2","osenv":"^0.1.4","semver":"^5.1.0","validate-npm-package-name":"^3.0.0"},"devDependencies":{"standard":"9.0.2","tap":"^10.3.0"},"scripts":{"test":"standard && tap -J --coverage test/*.js"},"repository":{"type":"git","url":"git+https://github.com/npm/npm-package-arg.git"},"author":{"name":"Isaac Z. Schlueter","email":"i@izs.me","url":"http://blog.izs.me/"},"license":"ISC","bugs":{"url":"https://github.com/npm/npm-package-arg/issues"},"homepage":"https://github.com/npm/npm-package-arg","gitHead":"1288a66c3684b921f9f570b415ebff515c410aef","_id":"npm-package-arg@5.1.2","_npmVersion":"5.0.3-canary.9","_nodeVersion":"7.9.0","_npmUser":{"name":"zkat","email":"kat@sykosomatic.org"},"dist":{"integrity":"sha512-wJBsrf0qpypPT7A0LART18hCdyhpCMxeTtcb0X4IZO2jsP6Om7EHN1d9KSKiqD+KVH030RVNpWS9thk+pb7wzA==","shasum":"fb18d17bb61e60900d6312619919bd753755ab37","tarball":"https://registry.npmjs.org/npm-package-arg/-/npm-package-arg-5.1.2.tgz"},"maintainers":[{"name":"iarna","email":"me@re-becca.org"},{"name":"isaacs","email":"i@izs.me"},{"name":"othiym23","email":"ogd@aoaioxxysz.net"},{"name":"zkat","email":"kat@sykosomatic.org"}],"_npmOperationalInternal":{"host":"s3://npm-registry-packages","tmp":"tmp/npm-package-arg-5.1.2.tgz_1496906907985_0.7637818097136915"}},"6.0.0":{"name":"npm-package-arg","version":"6.0.0","description":"Parse the things that can be arguments to `npm install`","main":"npa.js","directories":{"test":"test"},"files":["npa.js"],"dependencies":{"hosted-git-info":"^2.5.0","osenv":"^0.1.4","semver":"^5.4.1","validate-npm-package-name":"^3.0.0"},"devDependencies":{"standard":"9.0.2","tap":"^10.3.0"},"scripts":{"test":"standard && tap -J --coverage test/*.js"},"repository":{"type":"git","url":"git+https://github.com/npm/npm-package-arg.git"},"author":{"name":"Isaac Z. Schlueter","email":"i@izs.me","url":"http://blog.izs.me/"},"license":"ISC","bugs":{"url":"https://github.com/npm/npm-package-arg/issues"},"homepage":"https://github.com/npm/npm-package-arg","gitHead":"8425a968af3ded6be26ccda6cd793d9616d9b0d7","_id":"npm-package-arg@6.0.0","_npmVersion":"5.5.1-canary.2","_nodeVersion":"8.5.0","_npmUser":{"name":"zkat","email":"kzm@sykosomatic.org"},"dist":{"integrity":"sha512-hwC7g81KLgRmchv9ol6f3Fx4Yyc9ARX5X5niDHVILgpuvf08JRIgOZcEfpFXli3BgESoTrkauqorXm6UbvSgSg==","shasum":"8cce04b49d3f9faec3f56b0fe5f4391aeb9d2fac","tarball":"https://registry.npmjs.org/npm-package-arg/-/npm-package-arg-6.0.0.tgz"},"maintainers":[{"email":"kzm@sykosomatic.org","name":"zkat"},{"email":"ogd@aoaioxxysz.net","name":"othiym23"},{"email":"me@re-becca.org","name":"iarna"},{"email":"i@izs.me","name":"isaacs"}],"_npmOperationalInternal":{"host":"s3://npm-registry-packages","tmp":"tmp/npm-package-arg-6.0.0.tgz_1508357354453_0.3592485678382218"}},"6.1.0":{"name":"npm-package-arg","version":"6.1.0","description":"Parse the things that can be arguments to `npm install`","main":"npa.js","directories":{"test":"test"},"files":["npa.js"],"dependencies":{"hosted-git-info":"^2.6.0","osenv":"^0.1.5","semver":"^5.5.0","validate-npm-package-name":"^3.0.0"},"devDependencies":{"standard":"^11.0.1","standard-version":"^4.3.0","tap":"^11.1.3","weallbehave":"^1.2.0","weallcontribute":"^1.0.8"},"scripts":{"prerelease":"npm t","postrelease":"npm publish && git push --follow-tags","pretest":"standard","release":"standard-version -s","test":"tap -J --coverage test/*.js","update-coc":"weallbehave -o . && git add CODE_OF_CONDUCT.md && git commit -m 'docs(coc): updated CODE_OF_CONDUCT.md'","update-contrib":"weallcontribute -o . && git add CONTRIBUTING.md && git commit -m 'docs(contributing): updated CONTRIBUTING.md'"},"repository":{"type":"git","url":"git+https://github.com/npm/npm-package-arg.git"},"author":{"name":"Isaac Z. Schlueter","email":"i@izs.me","url":"http://blog.izs.me/"},"license":"ISC","bugs":{"url":"https://github.com/npm/npm-package-arg/issues"},"homepage":"https://github.com/npm/npm-package-arg","gitHead":"4760e1cb3bf28a8d6671d18db975b11d203ffe25","_id":"npm-package-arg@6.1.0","_npmVersion":"6.0.0-next.0","_nodeVersion":"9.8.0","_npmUser":{"name":"zkat","email":"npm@zkat.tech"},"dist":{"integrity":"sha512-zYbhP2k9DbJhA0Z3HKUePUgdB1x7MfIfKssC+WLPFMKTBZKpZh5m13PgexJjCq6KW7j17r0jHWcCpxEqnnncSA==","shasum":"15ae1e2758a5027efb4c250554b85a737db7fcc1","tarball":"https://registry.npmjs.org/npm-package-arg/-/npm-package-arg-6.1.0.tgz","fileCount":5,"unpackedSize":15298},"maintainers":[{"email":"me@re-becca.org","name":"iarna"},{"email":"i@izs.me","name":"isaacs"},{"email":"ogd@aoaioxxysz.net","name":"othiym23"},{"email":"kzm@sykosomatic.org","name":"zkat"}],"_npmOperationalInternal":{"host":"s3://npm-registry-packages","tmp":"tmp/npm-package-arg_6.1.0_1523382345675_0.48717438015182024"}}},"readme":"# npm-package-arg\n\n[![Build Status](https://travis-ci.org/npm/npm-package-arg.svg?branch=master)](https://travis-ci.org/npm/npm-package-arg)\n\nParses package name and specifier passed to commands like `npm install` or\n`npm cache add`, or as found in `package.json` dependency sections.\n\n## EXAMPLES\n\n```javascript\nvar assert = require(\"assert\")\nvar npa = require(\"npm-package-arg\")\n\n// Pass in the descriptor, and it'll return an object\ntry {\n  var parsed = npa(\"@bar/foo@1.2\")\n} catch (ex) {\n  …\n}\n```\n\n## USING\n\n`var npa = require('npm-package-arg')`\n\n### var result = npa(*arg*[, *where*])\n\n* *arg* - a string that you might pass to `npm install`, like:\n`foo@1.2`, `@bar/foo@1.2`, `foo@user/foo`, `http://x.com/foo.tgz`,\n`git+https://github.com/user/foo`, `bitbucket:user/foo`, `foo.tar.gz`,\n`../foo/bar/` or `bar`.  If the *arg* you provide doesn't have a specifier\npart, eg `foo` then the specifier will default to `latest`.\n* *where* - Optionally the path to resolve file paths relative to. Defaults to `process.cwd()`\n\n**Throws** if the package name is invalid, a dist-tag is invalid or a URL's protocol is not supported.\n\n### var result = npa.resolve(*name*, *spec*[, *where*])\n\n* *name* - The name of the module you want to install. For example: `foo` or `@bar/foo`.\n* *spec* - The specifier indicating where and how you can get this module. Something like:\n`1.2`, `^1.7.17`, `http://x.com/foo.tgz`, `git+https://github.com/user/foo`,\n`bitbucket:user/foo`, `file:foo.tar.gz` or `file:../foo/bar/`.  If not\nincluded then the default is `latest`.\n* *where* - Optionally the path to resolve file paths relative to. Defaults to `process.cwd()`\n\n**Throws** if the package name is invalid, a dist-tag is invalid or a URL's protocol is not supported.\n\n## RESULT OBJECT\n\nThe objects that are returned by npm-package-arg contain the following\nkeys:\n\n* `type` - One of the following strings:\n  * `git` - A git repo\n  * `tag` - A tagged version, like `\"foo@latest\"`\n  * `version` - A specific version number, like `\"foo@1.2.3\"`\n  * `range` - A version range, like `\"foo@2.x\"`\n  * `file` - A local `.tar.gz`, `.tar` or `.tgz` file.\n  * `directory` - A local directory.\n  * `remote` - An http url (presumably to a tgz)\n* `registry` - If true this specifier refers to a resource hosted on a\n  registry.  This is true for `tag`, `version` and `range` types.\n* `name` - If known, the `name` field expected in the resulting pkg.\n* `scope` - If a name is something like `@org/module` then the `scope`\n  field will be set to `@org`.  If it doesn't have a scoped name, then\n  scope is `null`.\n* `escapedName` - A version of `name` escaped to match the npm scoped packages\n  specification. Mostly used when making requests against a registry. When\n  `name` is `null`, `escapedName` will also be `null`.\n* `rawSpec` - The specifier part that was parsed out in calls to `npa(arg)`,\n  or the value of `spec` in calls to `npa.resolve(name, spec).\n* `saveSpec` - The normalized specifier, for saving to package.json files.\n  `null` for registry dependencies.\n* `fetchSpec` - The version of the specifier to be used to fetch this\n  resource.  `null` for shortcuts to hosted git dependencies as there isn't\n  just one URL to try with them.\n* `gitRange` - If set, this is a semver specifier to match against git tags with\n* `gitCommittish` - If set, this is the specific committish to use with a git dependency.\n* `hosted` - If `from === 'hosted'` then this will be a `hosted-git-info`\n  object. This property is not included when serializing the object as\n  JSON.\n* `raw` - The original un-modified string that was provided.  If called as\n  `npa.resolve(name, spec)` then this will be `name + '@' + spec`.\n","maintainers":[{"email":"me@re-becca.org","name":"iarna"},{"email":"i@izs.me","name":"isaacs"},{"email":"ogd@aoaioxxysz.net","name":"othiym23"},{"email":"kzm@sykosomatic.org","name":"zkat"}],"time":{"modified":"2018-04-10T17:45:46.871Z","created":"2014-06-09T22:42:00.088Z","1.0.0":"2014-06-09T22:42:00.088Z","1.1.0":"2014-06-25T22:15:07.568Z","2.0.0":"2014-06-26T01:05:38.016Z","2.0.1":"2014-07-23T20:49:38.071Z","2.0.2":"2014-07-23T21:19:13.534Z","2.0.3":"2014-08-26T18:24:51.698Z","2.0.4":"2014-08-27T23:27:07.612Z","2.1.0":"2014-09-05T01:57:43.817Z","2.1.1":"2014-09-11T07:12:55.580Z","2.1.2":"2014-09-13T07:34:03.366Z","2.1.3":"2014-09-29T19:35:27.317Z","3.0.0":"2014-10-28T09:10:01.900Z","3.1.0":"2015-01-25T20:34:52.936Z","3.1.1":"2015-03-02T21:28:20.295Z","4.0.0":"2015-04-07T08:07:09.962Z","4.0.1":"2015-05-21T20:54:20.609Z","4.0.2":"2015-07-16T23:49:58.346Z","4.1.0":"2015-11-11T04:40:13.535Z","4.1.1":"2016-04-19T23:09:40.125Z","4.2.0":"2016-06-15T01:07:41.212Z","4.2.1":"2017-03-07T23:10:13.473Z","5.0.0":"2017-04-14T01:54:43.782Z","5.0.1":"2017-04-14T23:18:07.793Z","5.1.0":"2017-06-02T02:22:18.296Z","5.1.1":"2017-06-02T02:38:54.635Z","5.1.2":"2017-06-08T07:28:28.080Z","6.0.0":"2017-10-18T20:09:15.382Z","6.1.0":"2018-04-10T17:45:45.725Z"},"homepage":"https://github.com/npm/npm-package-arg","repository":{"type":"git","url":"git+https://github.com/npm/npm-package-arg.git"},"author":{"name":"Isaac Z. Schlueter","email":"i@izs.me","url":"http://blog.izs.me/"},"bugs":{"url":"https://github.com/npm/npm-package-arg/issues"},"license":"ISC","readmeFilename":"README.md","users":{"zeke":true,"evocateur":true,"knksmith57":true},"_attachments":{},"_etag":"W/\"d7b653dc28b34d9a9ddafe393dee73af\"","_lastModified":"Sun, 27 May 2018 10:39:57 GMT"}