{"_id":"tar.gz","_rev":"70-07ebc8fae2ce9df60ccdad49faa105ca","name":"tar.gz","description":"⚠️ DEPRECATED ⚠️ Pure javascript tarball tools for Node.js","dist-tags":{"latest":"1.0.7"},"versions":{"0.0.1":{"name":"tar.gz","version":"0.0.1","description":"Native gzip compression and decompression utility for Node.js.","keywords":["compression","decompression","compress","decompress","tar","tape archive","tape","archive","gzip","gz"],"repository":{"type":"git","url":"http://github.com/cranic/node-tar.gz.git"},"author":{"name":"Cranic Tecnologia","email":"contato@cranic.com.br"},"contributors":[{"name":"Alan Hoffmeister","email":"alan@cranic.com.br"}],"dependencies":{"coffee-script":"1.4.x","fstream":"0.1.x","tar":"0.1.x"},"devDependencies":{"vows":"0.7.x"},"main":"index","engines":{"node":"0.8.x"},"bugs":{"url":"http://github.com/cranic/node-tar.gz/issues"},"license":"MIT <http://opensource.org/licenses/MIT>","_id":"tar.gz@0.0.1","dist":{"shasum":"66017c797f403d973400d03aef58533ccfa1911e","tarball":"https://registry.npmjs.org/tar.gz/-/tar.gz-0.0.1.tgz"},"_npmVersion":"1.1.66","_npmUser":{"name":"cranic","email":"contato@cranic.com.br"},"maintainers":[{"name":"cranic","email":"contato@cranic.com.br"}],"directories":{},"deprecated":"⚠️  WARNING ⚠️ tar.gz module has been deprecated and your application is vulnerable. Please use tar module instead: https://npmjs.com/tar"},"0.1.0":{"name":"tar.gz","version":"0.1.0","description":"Native gzip compression and decompression utility for Node.js.","keywords":["compression","decompression","compress","decompress","tar","tape archive","tape","archive","gzip","gz"],"repository":{"type":"git","url":"http://github.com/cranic/node-tar.gz.git"},"author":{"name":"Cranic Tecnologia","email":"contato@cranic.com.br"},"contributors":[{"name":"Alan Hoffmeister","email":"alan@cranic.com.br"}],"dependencies":{"fstream":"0.1.x","tar":"0.1.x","commander":"1.1.x"},"devDependencies":{"coffee-script":"1.4.x","walk":"2.2.x","wrench":"1.4.x","vows":"0.7.x"},"main":"./lib/targz","engines":{"node":"0.8.x"},"scripts":{"prepublish":"cake build"},"bin":{"targz":"./bin/targz"},"bugs":{"url":"http://github.com/cranic/node-tar.gz/issues"},"license":"MIT <http://opensource.org/licenses/MIT>","_id":"tar.gz@0.1.0","dist":{"shasum":"d4366ca6894dc7583fdcd9e3b78f14cc13300d32","tarball":"https://registry.npmjs.org/tar.gz/-/tar.gz-0.1.0.tgz"},"_npmVersion":"1.1.66","_npmUser":{"name":"cranic","email":"contato@cranic.com.br"},"maintainers":[{"name":"cranic","email":"contato@cranic.com.br"}],"directories":{},"deprecated":"⚠️  WARNING ⚠️ tar.gz module has been deprecated and your application is vulnerable. Please use tar module instead: https://npmjs.com/tar"},"0.1.1":{"name":"tar.gz","version":"0.1.1","description":"Native gzip compression and decompression utility for Node.js.","keywords":["compression","decompression","compress","decompress","tar","tape archive","tape","archive","gzip","gz"],"repository":{"type":"git","url":"http://github.com/cranic/node-tar.gz.git"},"author":{"name":"Cranic Tecnologia","email":"contato@cranic.com.br"},"contributors":[{"name":"Alan Hoffmeister","email":"alan@cranic.com.br"}],"dependencies":{"fstream":"0.1.x","tar":"0.1.x","commander":"1.1.x"},"devDependencies":{"coffee-script":"1.4.x","walk":"2.2.x","wrench":"1.4.x","vows":"0.7.x"},"main":"./lib/targz","engines":{"node":">=0.6.0"},"maint.me":true,"scripts":{"prepublish":"cake build"},"bin":{"targz":"./bin/targz"},"bugs":{"url":"http://github.com/cranic/node-tar.gz/issues"},"license":"MIT <http://opensource.org/licenses/MIT>","_id":"tar.gz@0.1.1","dist":{"shasum":"e914ce23b2fdc627575fbdb3485a5b228ed59947","tarball":"https://registry.npmjs.org/tar.gz/-/tar.gz-0.1.1.tgz"},"_from":".","_npmVersion":"1.2.32","_npmUser":{"name":"cranic","email":"contato@cranic.com.br"},"maintainers":[{"name":"cranic","email":"contato@cranic.com.br"}],"deprecated":"⚠️  WARNING ⚠️ tar.gz module has been deprecated and your application is vulnerable. Please use tar module instead: https://npmjs.com/tar","directories":{}},"1.0.0":{"name":"tar.gz","version":"1.0.0","description":"Pure javascript tarball tools for Node.js","main":"index.js","scripts":{"test":"mocha --tdd --bail test/**/*-test.js","travis":"istanbul cover ./node_modules/.bin/_mocha --report lcovonly -- -R spec test/**/*-test.js && cat ./coverage/lcov.info | ./node_modules/.bin/coveralls && rm -rf ./coverage"},"repository":{"type":"git","url":"git+https://github.com/alanhoff/node-tar.gz.git"},"keywords":["compression","decompression","compress","decompress","tar","tape","archive","tape","arquive","gzip","gz","tarball"],"author":{"name":"Alan Hoffmeister","email":"alanhoffmeister@gmail.com"},"license":"ISC","bugs":{"url":"https://github.com/alanhoff/node-tar.gz/issues"},"bin":{"targz":"bin/targz"},"homepage":"https://github.com/alanhoff/node-tar.gz#readme","dependencies":{"bluebird":"^2.9.34","chai":"^3.2.0","commander":"^2.8.1","fstream":"^1.0.7","mocha":"^2.2.5","mout":"^0.11.0","tar":"^2.1.1"},"devDependencies":{"coveralls":"^2.11.3","istanbul":"^0.3.17","temp":"^0.8.3"},"gitHead":"2080470800d8e6dd01eeb4167c60a75d1ba50dc2","_id":"tar.gz@1.0.0","_shasum":"e4e888177bb39c60f6a438e45f37feb1cc4c3e64","_from":".","_npmVersion":"2.11.3","_nodeVersion":"0.12.7","_npmUser":{"name":"alanhoff","email":"alanhoffmeister@gmail.com"},"dist":{"shasum":"e4e888177bb39c60f6a438e45f37feb1cc4c3e64","tarball":"https://registry.npmjs.org/tar.gz/-/tar.gz-1.0.0.tgz"},"maintainers":[{"name":"alanhoff","email":"alanhoffmeister@gmail.com"}],"deprecated":"⚠️  WARNING ⚠️ tar.gz module has been deprecated and your application is vulnerable. Please use tar module instead: https://npmjs.com/tar","directories":{}},"1.0.1":{"name":"tar.gz","version":"1.0.1","description":"Pure javascript tarball tools for Node.js","main":"index.js","scripts":{"test":"mocha --tdd --bail test/**/*-test.js","travis":"istanbul cover ./node_modules/.bin/_mocha --report lcovonly -- -R spec test/**/*-test.js && cat ./coverage/lcov.info | ./node_modules/.bin/coveralls && rm -rf ./coverage"},"repository":{"type":"git","url":"git+https://github.com/alanhoff/node-tar.gz.git"},"keywords":["compression","decompression","compress","decompress","tar","tape","archive","tape","arquive","gzip","gz","tarball"],"author":{"name":"Alan Hoffmeister","email":"alanhoffmeister@gmail.com"},"license":"ISC","bugs":{"url":"https://github.com/alanhoff/node-tar.gz/issues"},"bin":{"targz":"bin/targz"},"homepage":"https://github.com/alanhoff/node-tar.gz#readme","dependencies":{"bluebird":"^2.9.34","chai":"^3.2.0","commander":"^2.8.1","fstream":"^1.0.7","mocha":"^2.2.5","mout":"^0.11.0","tar":"^2.1.1"},"devDependencies":{"coveralls":"^2.11.3","istanbul":"^0.3.17","temp":"^0.8.3"},"gitHead":"57394dd307d2761a2c73609ec0ebaddb80f16528","_id":"tar.gz@1.0.1","_shasum":"7499ebde692e3f12a95ff4befcabb6baab3e3e82","_from":".","_npmVersion":"2.11.3","_nodeVersion":"0.12.7","_npmUser":{"name":"alanhoff","email":"alanhoffmeister@gmail.com"},"dist":{"shasum":"7499ebde692e3f12a95ff4befcabb6baab3e3e82","tarball":"https://registry.npmjs.org/tar.gz/-/tar.gz-1.0.1.tgz"},"maintainers":[{"name":"alanhoff","email":"alanhoffmeister@gmail.com"}],"deprecated":"⚠️  WARNING ⚠️ tar.gz module has been deprecated and your application is vulnerable. Please use tar module instead: https://npmjs.com/tar","directories":{}},"1.0.2":{"name":"tar.gz","version":"1.0.2","description":"Pure javascript tarball tools for Node.js","main":"index.js","scripts":{"test":"mocha --tdd --bail test/**/*-test.js","travis":"istanbul cover ./node_modules/.bin/_mocha --report lcovonly -- -R spec test/**/*-test.js && cat ./coverage/lcov.info | ./node_modules/.bin/coveralls && rm -rf ./coverage"},"repository":{"type":"git","url":"git+https://github.com/alanhoff/node-tar.gz.git"},"keywords":["compression","decompression","compress","decompress","tar","tape","archive","tape","arquive","gzip","gz","tarball"],"author":{"name":"Alan Hoffmeister","email":"alanhoffmeister@gmail.com"},"license":"ISC","bugs":{"url":"https://github.com/alanhoff/node-tar.gz/issues"},"bin":{"targz":"bin/targz"},"homepage":"https://github.com/alanhoff/node-tar.gz#readme","dependencies":{"bluebird":"^2.9.34","chai":"^3.2.0","commander":"^2.8.1","fstream":"^1.0.7","mocha":"^2.2.5","mout":"^0.11.0","tar":"^2.1.1"},"devDependencies":{"coveralls":"^2.11.3","istanbul":"^0.3.17","temp":"^0.8.3"},"gitHead":"b395ef4036a53c02fdb8c1f72f02ba384afa5631","_id":"tar.gz@1.0.2","_shasum":"551e75bca286c382883187ffd06a05e70017fa01","_from":".","_npmVersion":"2.14.7","_nodeVersion":"4.2.1","_npmUser":{"name":"alanhoff","email":"alanhoffmeister@gmail.com"},"dist":{"shasum":"551e75bca286c382883187ffd06a05e70017fa01","tarball":"https://registry.npmjs.org/tar.gz/-/tar.gz-1.0.2.tgz"},"maintainers":[{"name":"alanhoff","email":"alanhoffmeister@gmail.com"}],"deprecated":"⚠️  WARNING ⚠️ tar.gz module has been deprecated and your application is vulnerable. Please use tar module instead: https://npmjs.com/tar","directories":{}},"1.0.3":{"name":"tar.gz","version":"1.0.3","description":"Pure javascript tarball tools for Node.js","main":"index.js","scripts":{"test":"mocha --tdd --bail test/**/*-test.js","travis":"istanbul cover ./node_modules/.bin/_mocha --report lcovonly -- -R spec test/**/*-test.js && cat ./coverage/lcov.info | ./node_modules/.bin/coveralls && rm -rf ./coverage"},"repository":{"type":"git","url":"git+https://github.com/alanhoff/node-tar.gz.git"},"keywords":["compression","decompression","compress","decompress","tar","tape","archive","tape","arquive","gzip","gz","tarball"],"author":{"name":"Alan Hoffmeister","email":"alanhoffmeister@gmail.com"},"license":"ISC","bugs":{"url":"https://github.com/alanhoff/node-tar.gz/issues"},"bin":{"targz":"bin/targz"},"homepage":"https://github.com/alanhoff/node-tar.gz#readme","dependencies":{"bluebird":"^2.9.34","chai":"^3.2.0","commander":"^2.8.1","fstream":"^1.0.7","mocha":"^2.2.5","mout":"^0.11.0","tar":"^2.1.1"},"devDependencies":{"coveralls":"^2.11.3","istanbul":"^0.3.17","temp":"^0.8.3"},"gitHead":"dd77f9092a84e33768468b00dca339d96aabd03a","_id":"tar.gz@1.0.3","_shasum":"df60962654f86904b63c429caceac86dcad2e150","_from":".","_npmVersion":"2.14.12","_nodeVersion":"4.2.4","_npmUser":{"name":"alanhoff","email":"alanhoffmeister@gmail.com"},"dist":{"shasum":"df60962654f86904b63c429caceac86dcad2e150","tarball":"https://registry.npmjs.org/tar.gz/-/tar.gz-1.0.3.tgz"},"maintainers":[{"name":"alanhoff","email":"alanhoffmeister@gmail.com"}],"_npmOperationalInternal":{"host":"packages-9-west.internal.npmjs.com","tmp":"tmp/tar.gz-1.0.3.tgz_1454469528440_0.9208686128258705"},"deprecated":"⚠️  WARNING ⚠️ tar.gz module has been deprecated and your application is vulnerable. Please use tar module instead: https://npmjs.com/tar","directories":{}},"1.0.5":{"name":"tar.gz","version":"1.0.5","description":"Pure javascript tarball tools for Node.js","main":"index.js","scripts":{"test":"mocha --tdd --bail test/**/*-test.js","travis":"istanbul cover ./node_modules/.bin/_mocha --report lcovonly -- -R spec test/**/*-test.js && cat ./coverage/lcov.info | ./node_modules/.bin/coveralls && rm -rf ./coverage"},"repository":{"type":"git","url":"git+https://github.com/alanhoff/node-tar.gz.git"},"keywords":["compression","decompression","compress","decompress","tar","tape","archive","tape","arquive","gzip","gz","tarball"],"author":{"name":"Alan Hoffmeister","email":"alanhoffmeister@gmail.com"},"license":"ISC","bugs":{"url":"https://github.com/alanhoff/node-tar.gz/issues"},"bin":{"targz":"bin/targz"},"homepage":"https://github.com/alanhoff/node-tar.gz#readme","dependencies":{"bluebird":"^2.9.34","commander":"^2.8.1","fstream":"^1.0.8","mout":"^0.11.0","tar":"^2.1.1"},"devDependencies":{"chai":"^3.2.0","mocha":"^2.2.5","coveralls":"^2.11.3","istanbul":"^0.3.17","temp":"^0.8.3"},"gitHead":"fc231e6ded92dc03e659c5383365a6a24f818f09","_id":"tar.gz@1.0.5","_shasum":"e1ada7e45ef2241b4b1ee58123c8f40b5d3c1bc4","_from":".","_npmVersion":"3.8.6","_nodeVersion":"6.1.0","_npmUser":{"name":"alanhoff","email":"alanhoffmeister@gmail.com"},"dist":{"shasum":"e1ada7e45ef2241b4b1ee58123c8f40b5d3c1bc4","tarball":"https://registry.npmjs.org/tar.gz/-/tar.gz-1.0.5.tgz"},"maintainers":[{"name":"alanhoff","email":"alanhoffmeister@gmail.com"}],"_npmOperationalInternal":{"host":"packages-12-west.internal.npmjs.com","tmp":"tmp/tar.gz-1.0.5.tgz_1464092495812_0.11178364558145404"},"deprecated":"⚠️  WARNING ⚠️ tar.gz module has been deprecated and your application is vulnerable. Please use tar module instead: https://npmjs.com/tar","directories":{}},"1.0.6":{"name":"tar.gz","version":"1.0.6","description":"Pure javascript tarball tools for Node.js","main":"index.js","scripts":{"test":"mocha --tdd --bail test/**/*-test.js","travis":"istanbul cover ./node_modules/.bin/_mocha --report lcovonly -- -R spec test/**/*-test.js && cat ./coverage/lcov.info | ./node_modules/.bin/coveralls && rm -rf ./coverage"},"repository":{"type":"git","url":"git+https://github.com/alanhoff/node-tar.gz.git"},"keywords":["compression","decompression","compress","decompress","tar","tape","archive","tape","arquive","gzip","gz","tarball"],"author":{"name":"Alan Hoffmeister","email":"alanhoffmeister@gmail.com"},"license":"ISC","bugs":{"url":"https://github.com/alanhoff/node-tar.gz/issues"},"bin":{"targz":"bin/targz"},"homepage":"https://github.com/alanhoff/node-tar.gz#readme","dependencies":{"bluebird":"^2.9.34","commander":"^2.8.1","fstream":"^1.0.8","mout":"^0.11.0","tar":"^2.1.1"},"devDependencies":{"chai":"^3.2.0","mocha":"^2.2.5","coveralls":"^2.11.3","istanbul":"^0.3.17","temp":"^0.8.3"},"gitHead":"7a14eb51042e4708526ea719b9501f83eaad3a33","_id":"tar.gz@1.0.6","_npmVersion":"5.4.2","_nodeVersion":"8.7.0","_npmUser":{"name":"alanhoff","email":"alanhoffmeister@gmail.com"},"dist":{"integrity":"sha512-jO4vAhyTl3KPJU0HgxJbkUVnh1Dy0ejD9ByzLIlElohBfQPFaylVc8RB6cfwg50RGBk8gcCmMqvWj6NAlNsNlg==","shasum":"94b5e911589d42c00e42d3deca1dfd06128031ab","tarball":"https://registry.npmjs.org/tar.gz/-/tar.gz-1.0.6.tgz"},"maintainers":[{"name":"alanhoff","email":"alanhoffmeister@gmail.com"}],"_npmOperationalInternal":{"host":"s3://npm-registry-packages","tmp":"tmp/tar.gz-1.0.6.tgz_1508713077898_0.37385492492467165"},"deprecated":"⚠️  WARNING ⚠️ tar.gz module has been deprecated and your application is vulnerable. Please use tar module instead: https://npmjs.com/tar","directories":{}},"1.0.7":{"name":"tar.gz","version":"1.0.7","description":"⚠️ DEPRECATED ⚠️ Pure javascript tarball tools for Node.js","main":"index.js","scripts":{"test":"mocha --tdd --bail test/**/*-test.js","travis":"istanbul cover ./node_modules/.bin/_mocha --report lcovonly -- -R spec test/**/*-test.js && cat ./coverage/lcov.info | ./node_modules/.bin/coveralls && rm -rf ./coverage"},"repository":{"type":"git","url":"git+https://github.com/alanhoff/node-tar.gz.git"},"keywords":["compression","decompression","compress","decompress","tar","tape","archive","tape","arquive","gzip","gz","tarball"],"author":{"name":"Alan Hoffmeister","email":"alanhoffmeister@gmail.com"},"license":"ISC","bugs":{"url":"https://github.com/alanhoff/node-tar.gz/issues"},"bin":{"targz":"bin/targz"},"homepage":"https://github.com/alanhoff/node-tar.gz#readme","dependencies":{"bluebird":"^2.9.34","commander":"^2.8.1","fstream":"^1.0.8","mout":"^0.11.0","tar":"^2.1.1"},"devDependencies":{"chai":"^3.2.0","mocha":"^2.2.5","coveralls":"^2.11.3","istanbul":"^0.3.17","temp":"^0.8.3"},"gitHead":"6a5dee3f5c55ce790da83ba47330115218867a4c","_id":"tar.gz@1.0.7","_npmVersion":"5.4.2","_nodeVersion":"8.7.0","_npmUser":{"name":"alanhoff","email":"alanhoffmeister@gmail.com"},"dist":{"integrity":"sha512-uhGatJvds/3diZrETqMj4RxBR779LKlIE74SsMcn5JProZsfs9j0QBwWO1RW+IWNJxS2x8Zzra1+AW6OQHWphg==","shasum":"577ef2c595faaa73452ef0415fed41113212257b","tarball":"https://registry.npmjs.org/tar.gz/-/tar.gz-1.0.7.tgz"},"maintainers":[{"name":"alanhoff","email":"alanhoffmeister@gmail.com"}],"_npmOperationalInternal":{"host":"s3://npm-registry-packages","tmp":"tmp/tar.gz-1.0.7.tgz_1508713154923_0.4489733148366213"},"deprecated":"⚠️  WARNING ⚠️ tar.gz module has been deprecated and your application is vulnerable. Please use tar module instead: https://npmjs.com/tar","directories":{}}},"readme":"# ⚠️ This module isn't maintained anymore ⚠️\n# ⚠️ Este módulo ya no se mantiene ⚠️\n# ⚠️ 该模块不再被维护 ⚠️\n\nNo one should be using this module since it's not being maintained anymore. This\nrepository and the package will still be online for research purpose only.\n\nTo interact with gzipped tarballs please use the tar module instead:\nhttps://npmjs/com/tar\n\n\n### License (ISC)\n\n```\nCopyright (c) 2015, Alan Hoffmeister <alanhoffmeister@gmail.com>\n\nPermission to use, copy, modify, and distribute this software for any\npurpose with or without fee is hereby granted, provided that the above\ncopyright notice and this permission notice appear in all copies.\n\nTHE SOFTWARE IS PROVIDED \"AS IS\" AND THE AUTHOR DISCLAIMS ALL WARRANTIES\nWITH REGARD TO THIS SOFTWARE INCLUDING ALL IMPLIED WARRANTIES OF\nMERCHANTABILITY AND FITNESS. IN NO EVENT SHALL THE AUTHOR BE LIABLE FOR\nANY SPECIAL, DIRECT, INDIRECT, OR CONSEQUENTIAL DAMAGES OR ANY DAMAGES\nWHATSOEVER RESULTING FROM LOSS OF USE, DATA OR PROFITS, WHETHER IN AN\nACTION OF CONTRACT, NEGLIGENCE OR OTHER TORTIOUS ACTION, ARISING OUT OF\nOR IN CONNECTION WITH THE USE OR PERFORMANCE OF THIS SOFTWARE.\n```\n","maintainers":[{"name":"alanhoff","email":"alanhoffmeister@gmail.com"}],"time":{"modified":"2017-12-21T12:49:45.110Z","created":"2012-12-06T17:37:47.257Z","0.0.1":"2012-12-06T17:37:50.457Z","0.1.0":"2012-12-07T03:01:38.195Z","0.1.1":"2013-07-09T02:00:23.133Z","1.0.0":"2015-08-10T00:02:54.308Z","1.0.1":"2015-08-31T13:11:16.365Z","1.0.2":"2015-10-18T22:33:18.132Z","1.0.3":"2016-02-03T03:18:50.916Z","1.0.5":"2016-05-24T12:21:37.856Z","1.0.6":"2017-10-22T22:57:57.963Z","1.0.7":"2017-10-22T22:59:14.983Z"},"author":{"name":"Alan Hoffmeister","email":"alanhoffmeister@gmail.com"},"repository":{"type":"git","url":"git+https://github.com/alanhoff/node-tar.gz.git"},"keywords":["compression","decompression","compress","decompress","tar","tape","archive","tape","arquive","gzip","gz","tarball"],"bugs":{"url":"https://github.com/alanhoff/node-tar.gz/issues"},"license":"ISC","readmeFilename":"README.md","homepage":"https://github.com/alanhoff/node-tar.gz#readme","users":{"ivangaravito":true,"mapaiva":true,"nepoxx":true,"keberox":true,"majgis":true,"roccomuso":true,"shakakira":true,"x22x22":true},"_attachments":{},"_etag":"W/\"6a7e2dea41704c9b04468954d1c4bd2e\"","_lastModified":"Sun, 27 May 2018 18:56:42 GMT"}