{"_id":"block-stream","_rev":"29-57189971a3e875abbceaf8eba13ca167","name":"block-stream","description":"a stream of blocks","dist-tags":{"latest":"0.0.9"},"versions":{"0.0.3":{"author":{"name":"Isaac Z. Schlueter","email":"i@izs.me","url":"http://blog.izs.me/"},"name":"block-stream","description":"a stream of blocks","version":"0.0.3","repository":{"type":"git","url":"git://github.com/isaacs/block-stream.git"},"engines":{"node":"0.4 || ~0.5.8 || 0.6"},"main":"block-stream.js","dependencies":{"inherits":"~1.0.0"},"devDependencies":{"tap":"0.0.10"},"scripts":{"test":"tap test/"},"_npmUser":{"name":"isaacs","email":"i@izs.me"},"_id":"block-stream@0.0.3","_engineSupported":true,"_npmVersion":"1.0.99","_nodeVersion":"v0.5.10-pre","_defaultsLoaded":true,"dist":{"shasum":"893c06ceb920d631d99a65e39bb351cb930a0b5a","tarball":"https://registry.npmjs.org/block-stream/-/block-stream-0.0.3.tgz"},"maintainers":[{"name":"isaacs","email":"i@izs.me"}],"directories":{}},"0.0.4":{"author":{"name":"Isaac Z. Schlueter","email":"i@izs.me","url":"http://blog.izs.me/"},"name":"block-stream","description":"a stream of blocks","version":"0.0.4","repository":{"type":"git","url":"git://github.com/isaacs/block-stream.git"},"engines":{"node":"0.4 || ~0.5.8 || 0.6"},"main":"block-stream.js","dependencies":{"inherits":"~1.0.0"},"devDependencies":{"tap":"0.x"},"scripts":{"test":"tap test/"},"_npmUser":{"name":"isaacs","email":"i@izs.me"},"_id":"block-stream@0.0.4","_engineSupported":true,"_npmVersion":"1.0.104","_nodeVersion":"v0.6.1-pre","_defaultsLoaded":true,"dist":{"shasum":"0d5f6d926fa01ab5ad0a2a9294d3b8bbb867f0b5","tarball":"https://registry.npmjs.org/block-stream/-/block-stream-0.0.4.tgz"},"maintainers":[{"name":"isaacs","email":"i@izs.me"}],"directories":{}},"0.0.5":{"author":{"name":"Isaac Z. Schlueter","email":"i@izs.me","url":"http://blog.izs.me/"},"name":"block-stream","description":"a stream of blocks","version":"0.0.5","repository":{"type":"git","url":"git://github.com/isaacs/block-stream.git"},"engines":{"node":"0.4 || ~0.5.8 || 0.6 || 0.7"},"main":"block-stream.js","dependencies":{"inherits":"~1.0.0"},"devDependencies":{"tap":"0.x"},"scripts":{"test":"tap test/"},"_npmUser":{"name":"isaacs","email":"i@izs.me"},"_id":"block-stream@0.0.5","optionalDependencies":{},"_engineSupported":true,"_npmVersion":"1.1.1","_nodeVersion":"v0.6.9-pre","_defaultsLoaded":true,"dist":{"shasum":"950d0218197ed1e135d222e928b05de105bd53f2","tarball":"https://registry.npmjs.org/block-stream/-/block-stream-0.0.5.tgz"},"maintainers":[{"name":"isaacs","email":"i@izs.me"}],"directories":{}},"0.0.6":{"author":{"name":"Isaac Z. Schlueter","email":"i@izs.me","url":"http://blog.izs.me/"},"name":"block-stream","description":"a stream of blocks","version":"0.0.6","repository":{"type":"git","url":"git://github.com/isaacs/block-stream.git"},"engines":{"node":"0.4 || >=0.5.8"},"main":"block-stream.js","dependencies":{"inherits":"~1.0.0"},"devDependencies":{"tap":"0.x"},"scripts":{"test":"tap test/"},"license":"BSD","_id":"block-stream@0.0.6","dist":{"shasum":"f7027aea2ecc357153fa3bad6caeaf25f391aa4f","tarball":"https://registry.npmjs.org/block-stream/-/block-stream-0.0.6.tgz"},"maintainers":[{"name":"isaacs","email":"i@izs.me"}],"directories":{}},"0.0.7":{"author":{"name":"Isaac Z. Schlueter","email":"i@izs.me","url":"http://blog.izs.me/"},"name":"block-stream","description":"a stream of blocks","version":"0.0.7","repository":{"type":"git","url":"git://github.com/isaacs/block-stream.git"},"engines":{"node":"0.4 || >=0.5.8"},"main":"block-stream.js","dependencies":{"inherits":"~2.0.0"},"devDependencies":{"tap":"0.x"},"scripts":{"test":"tap test/"},"license":"BSD","bugs":{"url":"https://github.com/isaacs/block-stream/issues"},"_id":"block-stream@0.0.7","dist":{"shasum":"9088ab5ae1e861f4d81b176b4a8046080703deed","tarball":"https://registry.npmjs.org/block-stream/-/block-stream-0.0.7.tgz"},"_from":".","_npmVersion":"1.3.4","_npmUser":{"name":"isaacs","email":"i@izs.me"},"maintainers":[{"name":"isaacs","email":"i@izs.me"}],"directories":{}},"0.0.8":{"author":{"name":"Isaac Z. Schlueter","email":"i@izs.me","url":"http://blog.izs.me/"},"name":"block-stream","description":"a stream of blocks","version":"0.0.8","repository":{"type":"git","url":"git://github.com/isaacs/block-stream.git"},"engines":{"node":"0.4 || >=0.5.8"},"main":"block-stream.js","dependencies":{"inherits":"~2.0.0"},"devDependencies":{"tap":"0.x"},"scripts":{"test":"tap test/"},"license":"ISC","gitHead":"b35520314f4763af0788d65a846bb43d9c0a8f02","bugs":{"url":"https://github.com/isaacs/block-stream/issues"},"homepage":"https://github.com/isaacs/block-stream#readme","_id":"block-stream@0.0.8","_shasum":"0688f46da2bbf9cff0c4f68225a0cb95cbe8a46b","_from":".","_npmVersion":"2.10.0","_nodeVersion":"2.0.1","_npmUser":{"name":"isaacs","email":"isaacs@npmjs.com"},"dist":{"shasum":"0688f46da2bbf9cff0c4f68225a0cb95cbe8a46b","tarball":"https://registry.npmjs.org/block-stream/-/block-stream-0.0.8.tgz"},"maintainers":[{"name":"isaacs","email":"i@izs.me"}],"directories":{}},"0.0.9":{"author":{"name":"Isaac Z. Schlueter","email":"i@izs.me","url":"http://blog.izs.me/"},"name":"block-stream","description":"a stream of blocks","version":"0.0.9","repository":{"type":"git","url":"git://github.com/isaacs/block-stream.git"},"engines":{"node":"0.4 || >=0.5.8"},"main":"block-stream.js","dependencies":{"inherits":"~2.0.0"},"devDependencies":{"tap":"^5.7.1"},"scripts":{"test":"tap test/*.js --cov"},"license":"ISC","files":["block-stream.js"],"gitHead":"321cf242ef6d130bb2e59c0565a61ded5dd2673f","bugs":{"url":"https://github.com/isaacs/block-stream/issues"},"homepage":"https://github.com/isaacs/block-stream#readme","_id":"block-stream@0.0.9","_shasum":"13ebfe778a03205cfe03751481ebb4b3300c126a","_from":".","_npmVersion":"3.8.5","_nodeVersion":"5.6.0","_npmUser":{"name":"isaacs","email":"i@izs.me"},"dist":{"shasum":"13ebfe778a03205cfe03751481ebb4b3300c126a","tarball":"https://registry.npmjs.org/block-stream/-/block-stream-0.0.9.tgz"},"maintainers":[{"name":"isaacs","email":"i@izs.me"}],"_npmOperationalInternal":{"host":"packages-16-east.internal.npmjs.com","tmp":"tmp/block-stream-0.0.9.tgz_1462149852620_0.6890447810292244"},"directories":{}}},"maintainers":[{"name":"isaacs","email":"i@izs.me"}],"time":{"modified":"2016-05-02T00:44:15.475Z","created":"2011-10-07T03:55:22.363Z","0.0.1":"2011-10-07T03:55:23.677Z","0.0.2":"2011-10-17T19:34:11.192Z","0.0.3":"2011-10-17T23:48:59.483Z","0.0.4":"2011-11-08T01:33:32.957Z","0.0.5":"2012-02-08T20:53:26.245Z","0.0.6":"2012-06-20T21:24:22.596Z","0.0.7":"2013-07-24T03:44:09.855Z","0.0.8":"2015-05-20T07:03:18.764Z","0.0.9":"2016-05-02T00:44:15.475Z"},"author":{"name":"Isaac Z. Schlueter","email":"i@izs.me","url":"http://blog.izs.me/"},"repository":{"type":"git","url":"git://github.com/isaacs/block-stream.git"},"users":{"isaacs":true,"leesei":true},"readme":"# block-stream\n\nA stream of blocks.\n\nWrite data into it, and it'll output data in buffer blocks the size you\nspecify, padding with zeroes if necessary.\n\n```javascript\nvar block = new BlockStream(512)\nfs.createReadStream(\"some-file\").pipe(block)\nblock.pipe(fs.createWriteStream(\"block-file\"))\n```\n\nWhen `.end()` or `.flush()` is called, it'll pad the block with zeroes.\n","homepage":"https://github.com/isaacs/block-stream#readme","bugs":{"url":"https://github.com/isaacs/block-stream/issues"},"license":"ISC","readmeFilename":"README.md","_attachments":{},"_etag":"W/\"180b904d25ef70d376a7f8b41ccc1497\"","_lastModified":"Sat, 26 May 2018 18:37:31 GMT"}