{"_id":"json-schema","_rev":"18-036f57f4d7f32b9b3bd636a30d9d0bf5","name":"json-schema","description":"JSON Schema validation and specifications","dist-tags":{"latest":"0.2.3"},"versions":{"0.2.0":{"name":"json-schema","version":"0.2.0","author":{"name":"Kris Zyp"},"description":"JSON Schema validation and specifications","maintainers":[{"name":"isaacs","email":"i@izs.me"}],"keywords":["json","schema"],"licenses":[{"type":"AFLv2.1","url":"http://trac.dojotoolkit.org/browser/dojo/trunk/LICENSE#L43"},{"type":"BSD","url":"http://trac.dojotoolkit.org/browser/dojo/trunk/LICENSE#L13"}],"repository":{"type":"git","url":"http://github.com/kriszyp/json-schema"},"directories":{"lib":"./lib"},"main":"./lib/validate.js","devDependencies":{"vows":"*"},"scripts":{"test":"echo TESTS DISABLED vows --spec test/*.js"},"_id":"json-schema@0.2.0","dist":{"shasum":"c17432e27bfedeef39c72c8e5cdc7243f46f70d7","tarball":"https://registry.npmjs.org/json-schema/-/json-schema-0.2.0.tgz"}},"0.2.2":{"name":"json-schema","version":"0.2.2","author":{"name":"Kris Zyp"},"description":"JSON Schema validation and specifications","maintainers":[{"name":"kriszyp","email":"kriszyp@gmail.com"}],"keywords":["json","schema"],"licenses":[{"type":"AFLv2.1","url":"http://trac.dojotoolkit.org/browser/dojo/trunk/LICENSE#L43"},{"type":"BSD","url":"http://trac.dojotoolkit.org/browser/dojo/trunk/LICENSE#L13"}],"repository":{"type":"git","url":"http://github.com/kriszyp/json-schema"},"directories":{"lib":"./lib"},"main":"./lib/validate.js","devDependencies":{"vows":"*"},"scripts":{"test":"echo TESTS DISABLED vows --spec test/*.js"},"_id":"json-schema@0.2.2","dist":{"shasum":"50354f19f603917c695f70b85afa77c3b0f23506","tarball":"https://registry.npmjs.org/json-schema/-/json-schema-0.2.2.tgz"},"_npmVersion":"1.1.59","_npmUser":{"name":"kriszyp","email":"kriszyp@gmail.com"}},"0.2.3":{"name":"json-schema","version":"0.2.3","author":{"name":"Kris Zyp"},"description":"JSON Schema validation and specifications","maintainers":[{"name":"kriszyp","email":"kriszyp@gmail.com"}],"keywords":["json","schema"],"licenses":[{"type":"AFLv2.1","url":"http://trac.dojotoolkit.org/browser/dojo/trunk/LICENSE#L43"},{"type":"BSD","url":"http://trac.dojotoolkit.org/browser/dojo/trunk/LICENSE#L13"}],"repository":{"type":"git","url":"git+ssh://git@github.com/kriszyp/json-schema.git"},"directories":{"lib":"./lib"},"main":"./lib/validate.js","devDependencies":{"vows":"*"},"scripts":{"test":"echo TESTS DISABLED vows --spec test/*.js"},"gitHead":"07ae2c618b5f581dbc108e065f4f95dcf0a1d85f","bugs":{"url":"https://github.com/kriszyp/json-schema/issues"},"homepage":"https://github.com/kriszyp/json-schema#readme","_id":"json-schema@0.2.3","_shasum":"b480c892e59a2f05954ce727bd3f2a4e882f9e13","_from":".","_npmVersion":"3.8.9","_nodeVersion":"6.1.0","_npmUser":{"name":"kriszyp","email":"kriszyp@gmail.com"},"dist":{"shasum":"b480c892e59a2f05954ce727bd3f2a4e882f9e13","tarball":"https://registry.npmjs.org/json-schema/-/json-schema-0.2.3.tgz"},"_npmOperationalInternal":{"host":"packages-12-west.internal.npmjs.com","tmp":"tmp/json-schema-0.2.3.tgz_1473699189380_0.7420965158380568"}}},"readme":"JSON Schema is a repository for the JSON Schema specification, reference schemas and a CommonJS implementation of JSON Schema (not the only JavaScript implementation of JSON Schema, JSV is another excellent JavaScript validator).\r\n\r\nCode is licensed under the AFL or BSD license as part of the Persevere \r\nproject which is administered under the Dojo foundation,\r\nand all contributions require a Dojo CLA.","maintainers":[{"name":"kriszyp","email":"kriszyp@gmail.com"}],"time":{"modified":"2017-07-05T13:48:56.981Z","created":"2012-07-06T21:43:58.134Z","0.2.0":"2012-07-06T21:43:59.303Z","0.2.2":"2012-08-23T19:40:16.761Z","0.2.3":"2016-09-12T16:53:11.378Z"},"author":{"name":"Kris Zyp"},"repository":{"type":"git","url":"git+ssh://git@github.com/kriszyp/json-schema.git"},"users":{"csardi":true,"syzer":true,"evan.lecompte":true,"ddffx":true,"mxlpitelik":true,"cwagner":true,"mojaray2k":true,"natarajanmca11":true,"kakaman":true,"kentaroutakeda":true},"homepage":"https://github.com/kriszyp/json-schema#readme","keywords":["json","schema"],"bugs":{"url":"https://github.com/kriszyp/json-schema/issues"},"readmeFilename":"README.md","_attachments":{},"_etag":"W/\"d42a0a2a4c666ff806445b29ef4d7fdf\"","_lastModified":"Sun, 27 May 2018 05:40:48 GMT"}