{"_id":"code-point-at","_rev":"3-23b345c035f8051615629c8e1e5235a2","name":"code-point-at","description":"ES2015 `String#codePointAt()` ponyfill","dist-tags":{"latest":"1.1.0"},"versions":{"1.0.0":{"name":"code-point-at","version":"1.0.0","description":"ES2015 String#codePointAt() ponyfill","license":"MIT","repository":{"type":"git","url":"https://github.com/sindresorhus/code-point-at"},"author":{"name":"Sindre Sorhus","email":"sindresorhus@gmail.com","url":"sindresorhus.com"},"engines":{"node":">=0.10.0"},"scripts":{"test":"node test.js"},"files":["index.js"],"keywords":["es2015","es6","ponyfill","polyfill","shim","string","str","code","point","at","codepoint","unicode"],"dependencies":{"number-is-nan":"^1.0.0"},"devDependencies":{"ava":"0.0.4"},"gitHead":"c2ffa4064718b37c84c73a633abeeed5b486a469","bugs":{"url":"https://github.com/sindresorhus/code-point-at/issues"},"homepage":"https://github.com/sindresorhus/code-point-at","_id":"code-point-at@1.0.0","_shasum":"f69b192d3f7d91e382e4b71bddb77878619ab0c6","_from":".","_npmVersion":"2.11.2","_nodeVersion":"0.12.5","_npmUser":{"name":"sindresorhus","email":"sindresorhus@gmail.com"},"dist":{"shasum":"f69b192d3f7d91e382e4b71bddb77878619ab0c6","tarball":"https://registry.npmjs.org/code-point-at/-/code-point-at-1.0.0.tgz"},"maintainers":[{"name":"sindresorhus","email":"sindresorhus@gmail.com"}],"directories":{}},"1.0.1":{"name":"code-point-at","version":"1.0.1","description":"ES2015 String#codePointAt() ponyfill","license":"MIT","repository":{"type":"git","url":"git+https://github.com/sindresorhus/code-point-at.git"},"author":{"name":"Sindre Sorhus","email":"sindresorhus@gmail.com","url":"sindresorhus.com"},"engines":{"node":">=0.10.0"},"scripts":{"test":"ava"},"files":["index.js"],"keywords":["es2015","ponyfill","polyfill","shim","string","str","code","point","at","codepoint","unicode"],"dependencies":{"number-is-nan":"^1.0.0"},"devDependencies":{"ava":"*"},"gitHead":"502d72c5a959275e5d90f9c6641589756af44085","bugs":{"url":"https://github.com/sindresorhus/code-point-at/issues"},"homepage":"https://github.com/sindresorhus/code-point-at#readme","_id":"code-point-at@1.0.1","_shasum":"1104cd34f9b5b45d3eba88f1babc1924e1ce35fb","_from":".","_npmVersion":"2.15.9","_nodeVersion":"4.5.0","_npmUser":{"name":"sindresorhus","email":"sindresorhus@gmail.com"},"dist":{"shasum":"1104cd34f9b5b45d3eba88f1babc1924e1ce35fb","tarball":"https://registry.npmjs.org/code-point-at/-/code-point-at-1.0.1.tgz"},"maintainers":[{"name":"sindresorhus","email":"sindresorhus@gmail.com"}],"_npmOperationalInternal":{"host":"packages-16-east.internal.npmjs.com","tmp":"tmp/code-point-at-1.0.1.tgz_1475223183649_0.724906453397125"},"directories":{}},"1.1.0":{"name":"code-point-at","version":"1.1.0","description":"ES2015 `String#codePointAt()` ponyfill","license":"MIT","repository":{"type":"git","url":"git+https://github.com/sindresorhus/code-point-at.git"},"author":{"name":"Sindre Sorhus","email":"sindresorhus@gmail.com","url":"sindresorhus.com"},"engines":{"node":">=0.10.0"},"scripts":{"test":"xo && ava"},"files":["index.js"],"keywords":["es2015","ponyfill","polyfill","shim","string","str","code","point","at","codepoint","unicode"],"devDependencies":{"ava":"*","xo":"^0.16.0"},"gitHead":"f8f21c8df2d40248fef1b36ca9076e59c0c34791","bugs":{"url":"https://github.com/sindresorhus/code-point-at/issues"},"homepage":"https://github.com/sindresorhus/code-point-at#readme","_id":"code-point-at@1.1.0","_shasum":"0d070b4d043a5bea33a2f1a40e2edb3d9a4ccf77","_from":".","_npmVersion":"2.15.9","_nodeVersion":"4.6.1","_npmUser":{"name":"sindresorhus","email":"sindresorhus@gmail.com"},"dist":{"shasum":"0d070b4d043a5bea33a2f1a40e2edb3d9a4ccf77","tarball":"https://registry.npmjs.org/code-point-at/-/code-point-at-1.1.0.tgz"},"maintainers":[{"name":"sindresorhus","email":"sindresorhus@gmail.com"}],"_npmOperationalInternal":{"host":"packages-12-west.internal.npmjs.com","tmp":"tmp/code-point-at-1.1.0.tgz_1478169780337_0.8445875702891499"},"directories":{}}},"readme":"# code-point-at [![Build Status](https://travis-ci.org/sindresorhus/code-point-at.svg?branch=master)](https://travis-ci.org/sindresorhus/code-point-at)\n\n> ES2015 [`String#codePointAt()`](https://developer.mozilla.org/en-US/docs/Web/JavaScript/Reference/Global_Objects/String/codePointAt) [ponyfill](https://ponyfill.com)\n\n\n## Install\n\n```\n$ npm install --save code-point-at\n```\n\n\n## Usage\n\n```js\nvar codePointAt = require('code-point-at');\n\ncodePointAt('🐴');\n//=> 128052\n\ncodePointAt('abc', 2);\n//=> 99\n```\n\n## API\n\n### codePointAt(input, [position])\n\n\n## License\n\nMIT © [Sindre Sorhus](https://sindresorhus.com)\n","maintainers":[{"name":"sindresorhus","email":"sindresorhus@gmail.com"}],"time":{"modified":"2016-11-03T10:43:00.563Z","created":"2015-07-16T21:51:27.313Z","1.0.0":"2015-07-16T21:51:27.313Z","1.0.1":"2016-09-30T08:13:05.732Z","1.1.0":"2016-11-03T10:43:00.563Z"},"homepage":"https://github.com/sindresorhus/code-point-at#readme","keywords":["es2015","ponyfill","polyfill","shim","string","str","code","point","at","codepoint","unicode"],"repository":{"type":"git","url":"git+https://github.com/sindresorhus/code-point-at.git"},"author":{"name":"Sindre Sorhus","email":"sindresorhus@gmail.com","url":"sindresorhus.com"},"bugs":{"url":"https://github.com/sindresorhus/code-point-at/issues"},"license":"MIT","readmeFilename":"readme.md","_attachments":{},"_etag":"W/\"188c8fd5bd0a8f187c42c3795d9a8ddf\"","_lastModified":"Sat, 26 May 2018 20:11:25 GMT"}