{"_id":"util-extend","_rev":"11-845d60e56c2ac7aa3327af3367951fdc","name":"util-extend","description":"Node's internal object extension function","dist-tags":{"latest":"1.0.3"},"versions":{"1.0.0":{"name":"util-extend","version":"1.0.0","description":"Node's internal object extension function","main":"extend.js","scripts":{"test":"node test.js"},"repository":{"type":"git","url":"git://github.com/isaacs/util-extend"},"author":"","license":"MIT","_id":"util-extend@1.0.0","dist":{"shasum":"114f0c6b5d1136fc9fc65f29a646f0837b5bea67","tarball":"https://registry.npmjs.org/util-extend/-/util-extend-1.0.0.tgz"},"_from":".","_npmVersion":"1.2.12","_npmUser":{"name":"isaacs","email":"i@izs.me"},"maintainers":[{"name":"isaacs","email":"i@izs.me"}],"directories":{}},"1.0.1":{"name":"util-extend","version":"1.0.1","description":"Node's internal object extension function","main":"extend.js","scripts":{"test":"node test.js"},"repository":{"type":"git","url":"git://github.com/isaacs/util-extend"},"author":"","license":"MIT","bugs":{"url":"https://github.com/isaacs/util-extend/issues"},"_id":"util-extend@1.0.1","dist":{"shasum":"bb703b79480293ddcdcfb3c6a9fea20f483415bc","tarball":"https://registry.npmjs.org/util-extend/-/util-extend-1.0.1.tgz"},"_from":".","_npmVersion":"1.3.4","_npmUser":{"name":"isaacs","email":"i@izs.me"},"maintainers":[{"name":"isaacs","email":"i@izs.me"}],"directories":{}},"1.0.2":{"name":"util-extend","version":"1.0.2","description":"Node's internal object extension function","main":"extend.js","scripts":{"test":"node test.js"},"repository":{"type":"git","url":"git://github.com/isaacs/util-extend.git"},"author":"","license":"ISC","gitHead":"8f27dbc5ef0c13c75dc5b6151ffc346a444045f3","bugs":{"url":"https://github.com/isaacs/util-extend/issues"},"homepage":"https://github.com/isaacs/util-extend#readme","_id":"util-extend@1.0.2","_shasum":"0329bbeaa8365bbe8755062964968869841740ae","_from":".","_npmVersion":"2.14.15","_nodeVersion":"4.0.0","_npmUser":{"name":"isaacs","email":"i@izs.me"},"dist":{"shasum":"0329bbeaa8365bbe8755062964968869841740ae","tarball":"https://registry.npmjs.org/util-extend/-/util-extend-1.0.2.tgz"},"maintainers":[{"name":"isaacs","email":"i@izs.me"}],"directories":{}},"1.0.3":{"name":"util-extend","version":"1.0.3","description":"Node's internal object extension function","main":"extend.js","scripts":{"test":"node test.js"},"repository":{"type":"git","url":"git://github.com/isaacs/util-extend.git"},"author":"","license":"MIT","gitHead":"22757dc229edbb253af63d533f27a837184f4a51","bugs":{"url":"https://github.com/isaacs/util-extend/issues"},"homepage":"https://github.com/isaacs/util-extend#readme","_id":"util-extend@1.0.3","_shasum":"a7c216d267545169637b3b6edc6ca9119e2ff93f","_from":".","_npmVersion":"2.14.15","_nodeVersion":"4.0.0","_npmUser":{"name":"isaacs","email":"i@izs.me"},"dist":{"shasum":"a7c216d267545169637b3b6edc6ca9119e2ff93f","tarball":"https://registry.npmjs.org/util-extend/-/util-extend-1.0.3.tgz"},"maintainers":[{"name":"isaacs","email":"i@izs.me"}],"directories":{}}},"readme":"# util-extend\n\nThe Node object extending function that Node uses for Node!\n\n## Usage\n\n```js\nvar extend = require('util-extend');\nfunction functionThatTakesOptions(options) {\n  var options = extend(defaults, options);\n  // now any unset options are set to the defaults.\n}\n```\n","maintainers":[{"name":"isaacs","email":"i@izs.me"}],"time":{"modified":"2016-01-10T02:22:29.145Z","created":"2013-02-23T17:59:03.639Z","1.0.0":"2013-02-23T17:59:04.954Z","1.0.1":"2013-07-22T19:45:37.062Z","1.0.2":"2016-01-10T02:20:30.060Z","1.0.3":"2016-01-10T02:22:29.145Z"},"repository":{"type":"git","url":"git://github.com/isaacs/util-extend.git"},"users":{"zhangyaochun":true,"nichoth":true},"homepage":"https://github.com/isaacs/util-extend#readme","bugs":{"url":"https://github.com/isaacs/util-extend/issues"},"license":"MIT","readmeFilename":"README.md","_attachments":{},"_etag":"W/\"5f8da6455341e5c3102eb44789c96ed2\"","_lastModified":"Sun, 27 May 2018 20:38:19 GMT"}