{"_id":"ansi","_rev":"47-813d72de5dee0db0a58318d1931e80bf","name":"ansi","description":"Advanced ANSI formatting tool for Node.js","dist-tags":{"latest":"0.3.1"},"versions":{"0.0.1":{"name":"ansi","description":"ANSI formatting tool for Node.js","keywords":["ansi","formatting","cursor","color","terminal","rgb","256","stream"],"version":"0.0.1","author":{"name":"Nathan Rajlich","email":"nathan@tootallnate.net","url":"http://tootallnate.net"},"repository":{"type":"git","url":"git://github.com/TooTallNate/ansi.js.git"},"main":"./lib/ansi.js","scripts":{"test":"mocha --reporter spec"},"dependencies":{"debug":"*"},"devDependencies":{"mocha":"*","canvas":"*"},"engines":{"node":">= 0.4.0 && < 0.7.0"},"_npmUser":{"name":"TooTallNate","email":"nathan@tootallnate.net"},"_id":"ansi@0.0.1","optionalDependencies":{},"_engineSupported":true,"_npmVersion":"1.1.0-2","_nodeVersion":"v0.6.8","_defaultsLoaded":true,"dist":{"shasum":"ce0b2850d8f805dcb551812c9008c960d604e1aa","tarball":"https://registry.npmjs.org/ansi/-/ansi-0.0.1.tgz"},"maintainers":[{"name":"TooTallNate","email":"nathan@tootallnate.net"}],"directories":{}},"0.0.2":{"name":"ansi","description":"Advanced ANSI formatting tool for Node.js","keywords":["ansi","formatting","cursor","color","terminal","rgb","256","stream"],"version":"0.0.2","author":{"name":"Nathan Rajlich","email":"nathan@tootallnate.net","url":"http://tootallnate.net"},"repository":{"type":"git","url":"git://github.com/TooTallNate/ansi.js.git"},"main":"./lib/ansi.js","scripts":{"test":"mocha --reporter spec","start":"node server.js"},"dependencies":{"debug":"*"},"devDependencies":{"mocha":"*","canvas":"*"},"engines":{"node":">= 0.4.0 && < 0.9.0"},"_npmUser":{"name":"TooTallNate","email":"nathan@tootallnate.net"},"_id":"ansi@0.0.2","optionalDependencies":{},"_engineSupported":true,"_npmVersion":"1.1.0-2","_nodeVersion":"v0.6.9","_defaultsLoaded":true,"dist":{"shasum":"444d7b2ea83bb7979376184c6dd82229e6b41d09","tarball":"https://registry.npmjs.org/ansi/-/ansi-0.0.2.tgz"},"maintainers":[{"name":"TooTallNate","email":"nathan@tootallnate.net"}],"directories":{}},"0.0.3":{"name":"ansi","description":"Advanced ANSI formatting tool for Node.js","keywords":["ansi","formatting","cursor","color","terminal","rgb","256","stream"],"version":"0.0.3","author":{"name":"Nathan Rajlich","email":"nathan@tootallnate.net","url":"http://tootallnate.net"},"repository":{"type":"git","url":"git://github.com/TooTallNate/ansi.js.git"},"main":"./lib/ansi.js","scripts":{"test":"mocha --reporter spec","start":"node server.js"},"devDependencies":{"mocha":"*","canvas":"*"},"engines":{"node":">= 0.4.0 && < 0.9.0"},"_npmUser":{"name":"TooTallNate","email":"nathan@tootallnate.net"},"_id":"ansi@0.0.3","dependencies":{},"optionalDependencies":{},"_engineSupported":true,"_npmVersion":"1.1.0-2","_nodeVersion":"v0.7.2","_defaultsLoaded":true,"dist":{"shasum":"480cb4fc9e526e7dcbaa0723e18f4aa9e89e6d47","tarball":"https://registry.npmjs.org/ansi/-/ansi-0.0.3.tgz"},"maintainers":[{"name":"TooTallNate","email":"nathan@tootallnate.net"}],"directories":{}},"0.0.4":{"name":"ansi","description":"Advanced ANSI formatting tool for Node.js","keywords":["ansi","formatting","cursor","color","terminal","rgb","256","stream"],"version":"0.0.4","author":{"name":"Nathan Rajlich","email":"nathan@tootallnate.net","url":"http://tootallnate.net"},"repository":{"type":"git","url":"git://github.com/TooTallNate/ansi.js.git"},"main":"./lib/ansi.js","scripts":{"test":"mocha --reporter spec","start":"node server.js"},"devDependencies":{"mocha":"*","canvas":"*"},"engines":{"node":">= 0.4.0 && < 0.9.0"},"_npmUser":{"name":"TooTallNate","email":"nathan@tootallnate.net"},"_id":"ansi@0.0.4","dependencies":{},"optionalDependencies":{},"_engineSupported":true,"_npmVersion":"1.1.0-2","_nodeVersion":"v0.6.10","_defaultsLoaded":true,"dist":{"shasum":"8fdff8639522fa84eb52d0857e34b89f6146d920","tarball":"https://registry.npmjs.org/ansi/-/ansi-0.0.4.tgz"},"maintainers":[{"name":"TooTallNate","email":"nathan@tootallnate.net"}],"directories":{}},"0.1.0":{"name":"ansi","description":"Advanced ANSI formatting tool for Node.js","keywords":["ansi","formatting","cursor","color","terminal","rgb","256","stream"],"version":"0.1.0","author":{"name":"Nathan Rajlich","email":"nathan@tootallnate.net","url":"http://tootallnate.net"},"repository":{"type":"git","url":"git://github.com/TooTallNate/ansi.js.git"},"main":"./lib/ansi.js","bin":{"beep":"./examples/beep/index.js","clear":"./examples/clear/index.js","imgcat":"./examples/imgcat/index.js"},"scripts":{"test":"mocha --reporter spec"},"devDependencies":{"mocha":"*","canvas":"*"},"engines":{"node":">= 0.4.0 && < 0.9.0"},"_npmUser":{"name":"tootallnate","email":"nathan@tootallnate.net"},"_id":"ansi@0.1.0","dependencies":{},"optionalDependencies":{},"_engineSupported":true,"_npmVersion":"1.1.9","_nodeVersion":"v0.6.13","_defaultsLoaded":true,"dist":{"shasum":"c757144e2207d17b8ca89e48e95922da3d5de4c6","tarball":"https://registry.npmjs.org/ansi/-/ansi-0.1.0.tgz"},"maintainers":[{"name":"TooTallNate","email":"nathan@tootallnate.net"},{"name":"tootallnate","email":"nathan@tootallnate.net"}],"directories":{}},"0.1.1":{"name":"ansi","description":"Advanced ANSI formatting tool for Node.js","keywords":["ansi","formatting","cursor","color","terminal","rgb","256","stream"],"version":"0.1.1","author":{"name":"Nathan Rajlich","email":"nathan@tootallnate.net","url":"http://tootallnate.net"},"repository":{"type":"git","url":"git://github.com/TooTallNate/ansi.js.git"},"main":"./lib/ansi.js","bin":{"beep":"./examples/beep/index.js","clear":"./examples/clear/index.js","imgcat":"./examples/imgcat/index.js","starwars":"./examples/starwars.js"},"scripts":{"test":"mocha --reporter spec"},"devDependencies":{"mocha":"*","canvas":"*"},"engines":{"node":"*"},"_npmUser":{"name":"tootallnate","email":"nathan@tootallnate.net"},"_id":"ansi@0.1.1","dependencies":{},"optionalDependencies":{},"_engineSupported":true,"_npmVersion":"1.1.18","_nodeVersion":"v0.6.15","_defaultsLoaded":true,"dist":{"shasum":"f258896cadb1103c9d6403c1c31a0793b15ea104","tarball":"https://registry.npmjs.org/ansi/-/ansi-0.1.1.tgz"},"maintainers":[{"name":"TooTallNate","email":"nathan@tootallnate.net"},{"name":"tootallnate","email":"nathan@tootallnate.net"}],"directories":{}},"0.1.2":{"name":"ansi","description":"Advanced ANSI formatting tool for Node.js","keywords":["ansi","formatting","cursor","color","terminal","rgb","256","stream"],"version":"0.1.2","author":{"name":"Nathan Rajlich","email":"nathan@tootallnate.net","url":"http://tootallnate.net"},"repository":{"type":"git","url":"git://github.com/TooTallNate/ansi.js.git"},"main":"./lib/ansi.js","bin":{"beep":"./examples/beep/index.js","clear":"./examples/clear/index.js","imgcat":"./examples/imgcat/index.js","starwars":"./examples/starwars.js"},"scripts":{"test":"mocha --reporter spec"},"devDependencies":{"mocha":"*","canvas":"*"},"engines":{"node":"*"},"_npmUser":{"name":"tootallnate","email":"nathan@tootallnate.net"},"_id":"ansi@0.1.2","dependencies":{},"optionalDependencies":{},"_engineSupported":true,"_npmVersion":"1.1.18","_nodeVersion":"v0.7.8","_defaultsLoaded":true,"dist":{"shasum":"2627e29498f06e2a1c2ece9c21e28fd494430827","tarball":"https://registry.npmjs.org/ansi/-/ansi-0.1.2.tgz"},"maintainers":[{"name":"TooTallNate","email":"nathan@tootallnate.net"},{"name":"tootallnate","email":"nathan@tootallnate.net"}],"directories":{}},"0.2.0":{"name":"ansi","description":"Advanced ANSI formatting tool for Node.js","keywords":["ansi","formatting","cursor","color","terminal","rgb","256","stream"],"version":"0.2.0","author":{"name":"Nathan Rajlich","email":"nathan@tootallnate.net","url":"http://tootallnate.net"},"repository":{"type":"git","url":"git://github.com/TooTallNate/ansi.js.git"},"main":"./lib/ansi.js","bin":{"beep":"./examples/beep/index.js","clear":"./examples/clear/index.js","starwars":"./examples/starwars.js"},"scripts":{"test":"mocha --reporter spec"},"devDependencies":{"mocha":"*"},"engines":{"node":"*"},"bugs":{"url":"https://github.com/TooTallNate/ansi.js/issues"},"_id":"ansi@0.2.0","dist":{"shasum":"9f9274f75325c3e087673cb79f29fbf3de2ff09c","tarball":"https://registry.npmjs.org/ansi/-/ansi-0.2.0.tgz"},"_from":".","_npmVersion":"1.2.25","_npmUser":{"name":"tootallnate","email":"nathan@tootallnate.net"},"maintainers":[{"name":"TooTallNate","email":"nathan@tootallnate.net"},{"name":"tootallnate","email":"nathan@tootallnate.net"}],"directories":{}},"0.2.1":{"name":"ansi","description":"Advanced ANSI formatting tool for Node.js","keywords":["ansi","formatting","cursor","color","terminal","rgb","256","stream"],"version":"0.2.1","author":{"name":"Nathan Rajlich","email":"nathan@tootallnate.net","url":"http://tootallnate.net"},"repository":{"type":"git","url":"git://github.com/TooTallNate/ansi.js.git"},"main":"./lib/ansi.js","bin":{"beep":"./examples/beep/index.js","clear":"./examples/clear/index.js","starwars":"./examples/starwars.js"},"scripts":{"test":"mocha --reporter spec"},"devDependencies":{"mocha":"*"},"engines":{"node":"*"},"bugs":{"url":"https://github.com/TooTallNate/ansi.js/issues"},"_id":"ansi@0.2.1","dist":{"shasum":"3ab568ec18cd0ab7753c83117d57dad684a1c017","tarball":"https://registry.npmjs.org/ansi/-/ansi-0.2.1.tgz"},"_from":".","_npmVersion":"1.3.5","_npmUser":{"name":"tootallnate","email":"nathan@tootallnate.net"},"maintainers":[{"name":"TooTallNate","email":"nathan@tootallnate.net"},{"name":"tootallnate","email":"nathan@tootallnate.net"}],"directories":{}},"0.3.0":{"name":"ansi","description":"Advanced ANSI formatting tool for Node.js","keywords":["ansi","formatting","cursor","color","terminal","rgb","256","stream"],"version":"0.3.0","author":{"name":"Nathan Rajlich","email":"nathan@tootallnate.net","url":"http://tootallnate.net"},"repository":{"type":"git","url":"git://github.com/TooTallNate/ansi.js.git"},"main":"./lib/ansi.js","bugs":{"url":"https://github.com/TooTallNate/ansi.js/issues"},"homepage":"https://github.com/TooTallNate/ansi.js","_id":"ansi@0.3.0","_shasum":"74b2f1f187c8553c7f95015bcb76009fb43d38e0","_from":".","_npmVersion":"1.4.9","_npmUser":{"name":"tootallnate","email":"nathan@tootallnate.net"},"maintainers":[{"name":"TooTallNate","email":"nathan@tootallnate.net"},{"name":"tootallnate","email":"nathan@tootallnate.net"}],"dist":{"shasum":"74b2f1f187c8553c7f95015bcb76009fb43d38e0","tarball":"https://registry.npmjs.org/ansi/-/ansi-0.3.0.tgz"},"directories":{}},"0.3.1":{"name":"ansi","description":"Advanced ANSI formatting tool for Node.js","license":"MIT","keywords":["ansi","formatting","cursor","color","terminal","rgb","256","stream"],"version":"0.3.1","author":{"name":"Nathan Rajlich","email":"nathan@tootallnate.net","url":"http://tootallnate.net"},"repository":{"type":"git","url":"git://github.com/TooTallNate/ansi.js.git"},"main":"./lib/ansi.js","gitHead":"4d0d4af94e0bdaa648bd7262acd3bde4b98d5246","bugs":{"url":"https://github.com/TooTallNate/ansi.js/issues"},"homepage":"https://github.com/TooTallNate/ansi.js#readme","_id":"ansi@0.3.1","scripts":{},"_shasum":"0c42d4fb17160d5a9af1e484bace1c66922c1b21","_from":".","_npmVersion":"3.3.12","_nodeVersion":"5.3.0","_npmUser":{"name":"tootallnate","email":"nathan@tootallnate.net"},"maintainers":[{"name":"TooTallNate","email":"nathan@tootallnate.net"},{"name":"tootallnate","email":"nathan@tootallnate.net"}],"dist":{"shasum":"0c42d4fb17160d5a9af1e484bace1c66922c1b21","tarball":"https://registry.npmjs.org/ansi/-/ansi-0.3.1.tgz"},"directories":{}}},"readme":"ansi.js\n=========\n### Advanced ANSI formatting tool for Node.js\n\n`ansi.js` is a module for Node.js that provides an easy-to-use API for\nwriting ANSI escape codes to `Stream` instances. ANSI escape codes are used to do\nfancy things in a terminal window, like render text in colors, delete characters,\nlines, the entire window, or hide and show the cursor, and lots more!\n\n#### Features:\n\n * 256 color support for the terminal!\n * Make a beep sound from your terminal!\n * Works with *any* writable `Stream` instance.\n * Allows you to move the cursor anywhere on the terminal window.\n * Allows you to delete existing contents from the terminal window.\n * Allows you to hide and show the cursor.\n * Converts CSS color codes and RGB values into ANSI escape codes.\n * Low-level; you are in control of when escape codes are used, it's not abstracted.\n\n\nInstallation\n------------\n\nInstall with `npm`:\n\n``` bash\n$ npm install ansi\n```\n\n\nExample\n-------\n\n``` js\nvar ansi = require('ansi')\n  , cursor = ansi(process.stdout)\n\n// You can chain your calls forever:\ncursor\n  .red()                 // Set font color to red\n  .bg.grey()             // Set background color to grey\n  .write('Hello World!') // Write 'Hello World!' to stdout\n  .bg.reset()            // Reset the bgcolor before writing the trailing \\n,\n                         //      to avoid Terminal glitches\n  .write('\\n')           // And a final \\n to wrap things up\n\n// Rendering modes are persistent:\ncursor.hex('#660000').bold().underline()\n\n// You can use the regular logging functions, text will be green:\nconsole.log('This is blood red, bold text')\n\n// To reset just the foreground color:\ncursor.fg.reset()\n\nconsole.log('This will still be bold')\n\n// to go to a location (x,y) on the console\n// note: 1-indexed, not 0-indexed:\ncursor.goto(10, 5).write('Five down, ten over')\n\n// to clear the current line:\ncursor.horizontalAbsolute(0).eraseLine().write('Starting again')\n\n// to go to a different column on the current line:\ncursor.horizontalAbsolute(5).write('column five')\n\n// Clean up after yourself!\ncursor.reset()\n```\n\n\nLicense\n-------\n\n(The MIT License)\n\nCopyright (c) 2012 Nathan Rajlich &lt;nathan@tootallnate.net&gt;\n\nPermission is hereby granted, free of charge, to any person obtaining\na copy of this software and associated documentation files (the\n'Software'), to deal in the Software without restriction, including\nwithout limitation the rights to use, copy, modify, merge, publish,\ndistribute, sublicense, and/or sell copies of the Software, and to\npermit persons to whom the Software is furnished to do so, subject to\nthe following conditions:\n\nThe above copyright notice and this permission notice shall be\nincluded in all copies or substantial portions of the Software.\n\nTHE SOFTWARE IS PROVIDED 'AS IS', WITHOUT WARRANTY OF ANY KIND,\nEXPRESS OR IMPLIED, INCLUDING BUT NOT LIMITED TO THE WARRANTIES OF\nMERCHANTABILITY, FITNESS FOR A PARTICULAR PURPOSE AND NONINFRINGEMENT.\nIN NO EVENT SHALL THE AUTHORS OR COPYRIGHT HOLDERS BE LIABLE FOR ANY\nCLAIM, DAMAGES OR OTHER LIABILITY, WHETHER IN AN ACTION OF CONTRACT,\nTORT OR OTHERWISE, ARISING FROM, OUT OF OR IN CONNECTION WITH THE\nSOFTWARE OR THE USE OR OTHER DEALINGS IN THE SOFTWARE.\n","maintainers":[{"email":"nathan@tootallnate.net","name":"tootallnate"}],"time":{"modified":"2017-05-22T20:52:28.291Z","created":"2012-01-26T10:32:11.002Z","0.0.1":"2012-01-26T10:32:12.452Z","0.0.2":"2012-01-31T18:19:31.216Z","0.0.3":"2012-02-06T20:25:13.405Z","0.0.4":"2012-02-10T07:41:17.364Z","0.1.0":"2012-03-16T20:58:37.492Z","0.1.1":"2012-04-25T22:06:51.811Z","0.1.2":"2012-04-26T04:19:47.357Z","0.2.0":"2013-06-11T00:39:54.604Z","0.2.1":"2013-08-16T15:24:18.465Z","0.3.0":"2014-05-09T17:43:08.160Z","0.3.1":"2016-01-15T00:07:45.634Z"},"author":{"name":"Nathan Rajlich","email":"nathan@tootallnate.net","url":"http://tootallnate.net"},"repository":{"type":"git","url":"git://github.com/TooTallNate/ansi.js.git"},"users":{"kastor":true,"isaacbw":true,"anticom":true,"croplio":true,"toddtreece":true,"macbre":true,"monsterkodi":true,"avil13":true,"jovaage":true,"gearcraft1":true,"zoomyzoom":true,"kaerimichi":true,"azaritech":true},"homepage":"https://github.com/TooTallNate/ansi.js#readme","keywords":["ansi","formatting","cursor","color","terminal","rgb","256","stream"],"bugs":{"url":"https://github.com/TooTallNate/ansi.js/issues"},"readmeFilename":"README.md","license":"MIT","_attachments":{},"_etag":"W/\"57a9fb7f16d03ec235f93d2e8498010a\"","_lastModified":"Sat, 26 May 2018 16:54:22 GMT"}