{"_id":"proto-list","_rev":"18-8bfaca6b37a1d3494be4cd630d4d865c","name":"proto-list","description":"A utility for managing a prototype chain","dist-tags":{"latest":"1.2.4"},"versions":{"1.0.0":{"name":"proto-list","version":"1.0.0","description":"A utility for managing a prototype chain","main":"./proto-list.js","author":{"name":"Isaac Z. Schlueter","email":"i@izs.me","url":"http://blog.izs.me/"},"scripts":{"test":"node proto-list.js"},"repository":{"type":"git","url":"git://github.com/isaacs/proto-list.git"},"license":{"type":"MIT","url":"https://github.com/isaacs/proto-list/blob/master/LICENSE"},"devDependencies":{"tap":"0"},"_npmJsonOpts":{"file":"/Users/isaacs/.npm/proto-list/1.0.0/package/package.json","wscript":false,"contributors":false,"serverjs":false},"_id":"proto-list@1.0.0","dependencies":{},"engines":{"node":"*"},"_engineSupported":true,"_npmVersion":"1.0.22","_nodeVersion":"v0.4.11-pre","_defaultsLoaded":true,"dist":{"shasum":"5b53b36f70af94ecb220194a422522586ce9f079","tarball":"https://registry.npmjs.org/proto-list/-/proto-list-1.0.0.tgz"},"maintainers":[{"name":"isaacs","email":"i@izs.me"}],"directories":{}},"1.1.0":{"name":"proto-list","version":"1.1.0","description":"A utility for managing a prototype chain","main":"./proto-list.js","author":{"name":"Isaac Z. Schlueter","email":"i@izs.me","url":"http://blog.izs.me/"},"scripts":{"test":"tap test/*.js"},"repository":{"type":"git","url":"https://github.com/isaacs/proto-list"},"license":{"type":"MIT","url":"https://github.com/isaacs/proto-list/blob/master/LICENSE"},"devDependencies":{"tap":"0"},"_id":"proto-list@1.1.0","dist":{"shasum":"f089e5125072e7642661117b66cc580e82408a18","tarball":"https://registry.npmjs.org/proto-list/-/proto-list-1.1.0.tgz"},"_npmVersion":"1.1.48","_npmUser":{"name":"isaacs","email":"i@izs.me"},"maintainers":[{"name":"isaacs","email":"i@izs.me"}],"directories":{}},"1.2.0":{"name":"proto-list","version":"1.2.0","description":"A utility for managing a prototype chain","main":"./proto-list.js","author":{"name":"Isaac Z. Schlueter","email":"i@izs.me","url":"http://blog.izs.me/"},"scripts":{"test":"tap test/*.js"},"repository":{"type":"git","url":"https://github.com/isaacs/proto-list"},"license":{"type":"MIT","url":"https://github.com/isaacs/proto-list/blob/master/LICENSE"},"devDependencies":{"tap":"0"},"_id":"proto-list@1.2.0","dist":{"shasum":"fb51e8996137753a35a5d412b359f0b6da609797","tarball":"https://registry.npmjs.org/proto-list/-/proto-list-1.2.0.tgz"},"_npmVersion":"1.1.48","_npmUser":{"name":"isaacs","email":"i@izs.me"},"maintainers":[{"name":"isaacs","email":"i@izs.me"}],"directories":{}},"1.2.1":{"name":"proto-list","version":"1.2.1","description":"A utility for managing a prototype chain","main":"./proto-list.js","author":{"name":"Isaac Z. Schlueter","email":"i@izs.me","url":"http://blog.izs.me/"},"scripts":{"test":"tap test/*.js"},"repository":{"type":"git","url":"https://github.com/isaacs/proto-list"},"license":{"type":"MIT","url":"https://github.com/isaacs/proto-list/blob/master/LICENSE"},"devDependencies":{"tap":"0"},"_id":"proto-list@1.2.1","dist":{"shasum":"2ffadc1c8fa35d3401fd8c30ada776113da0a66a","tarball":"https://registry.npmjs.org/proto-list/-/proto-list-1.2.1.tgz"},"_npmVersion":"1.1.48","_npmUser":{"name":"isaacs","email":"i@izs.me"},"maintainers":[{"name":"isaacs","email":"i@izs.me"}],"directories":{}},"1.2.2":{"name":"proto-list","version":"1.2.2","description":"A utility for managing a prototype chain","main":"./proto-list.js","author":{"name":"Isaac Z. Schlueter","email":"i@izs.me","url":"http://blog.izs.me/"},"scripts":{"test":"tap test/*.js"},"repository":{"type":"git","url":"https://github.com/isaacs/proto-list"},"license":{"type":"MIT","url":"https://github.com/isaacs/proto-list/blob/master/LICENSE"},"devDependencies":{"tap":"0"},"_id":"proto-list@1.2.2","dist":{"shasum":"48b88798261ec2c4a785720cdfec6200d57d3326","tarball":"https://registry.npmjs.org/proto-list/-/proto-list-1.2.2.tgz"},"maintainers":[{"name":"isaacs","email":"i@izs.me"},{"name":"substack","email":"mail@substack.net"}],"directories":{}},"1.2.3":{"name":"proto-list","version":"1.2.3","description":"A utility for managing a prototype chain","main":"./proto-list.js","author":{"name":"Isaac Z. Schlueter","email":"i@izs.me","url":"http://blog.izs.me/"},"scripts":{"test":"tap test/*.js"},"repository":{"type":"git","url":"https://github.com/isaacs/proto-list"},"license":{"type":"MIT","url":"https://github.com/isaacs/proto-list/blob/master/LICENSE"},"devDependencies":{"tap":"0"},"gitHead":"44d76897176861d176a53ed3f3fc5e05cdee7643","bugs":{"url":"https://github.com/isaacs/proto-list/issues"},"homepage":"https://github.com/isaacs/proto-list","_id":"proto-list@1.2.3","_shasum":"6235554a1bca1f0d15e3ca12ca7329d5def42bd9","_from":".","_npmVersion":"1.4.14","_npmUser":{"name":"isaacs","email":"i@izs.me"},"maintainers":[{"name":"isaacs","email":"i@izs.me"}],"dist":{"shasum":"6235554a1bca1f0d15e3ca12ca7329d5def42bd9","tarball":"https://registry.npmjs.org/proto-list/-/proto-list-1.2.3.tgz"},"directories":{}},"1.2.4":{"name":"proto-list","version":"1.2.4","description":"A utility for managing a prototype chain","main":"./proto-list.js","author":{"name":"Isaac Z. Schlueter","email":"i@izs.me","url":"http://blog.izs.me/"},"scripts":{"test":"tap test/*.js"},"repository":{"type":"git","url":"git+https://github.com/isaacs/proto-list.git"},"license":"ISC","devDependencies":{"tap":"0"},"gitHead":"9e4af12d4dddee2fd531f0fe0c21c9cfacb78ac0","bugs":{"url":"https://github.com/isaacs/proto-list/issues"},"homepage":"https://github.com/isaacs/proto-list#readme","_id":"proto-list@1.2.4","_shasum":"212d5bfe1318306a420f6402b8e26ff39647a849","_from":".","_npmVersion":"2.10.0","_nodeVersion":"2.0.1","_npmUser":{"name":"isaacs","email":"isaacs@npmjs.com"},"dist":{"shasum":"212d5bfe1318306a420f6402b8e26ff39647a849","tarball":"https://registry.npmjs.org/proto-list/-/proto-list-1.2.4.tgz"},"maintainers":[{"name":"isaacs","email":"i@izs.me"}],"directories":{}}},"maintainers":[{"name":"isaacs","email":"i@izs.me"}],"time":{"modified":"2015-05-21T00:58:33.471Z","created":"2011-08-07T05:04:46.168Z","1.0.0":"2011-08-07T05:04:48.249Z","1.1.0":"2012-08-13T23:31:35.627Z","1.2.0":"2012-08-13T23:48:06.555Z","1.2.1":"2012-08-14T00:48:18.379Z","1.2.2":"2012-08-15T01:41:19.429Z","1.2.3":"2014-06-10T22:02:03.447Z","1.2.4":"2015-05-21T00:58:33.471Z"},"author":{"name":"Isaac Z. Schlueter","email":"i@izs.me","url":"http://blog.izs.me/"},"repository":{"type":"git","url":"git+https://github.com/isaacs/proto-list.git"},"users":{},"readme":"A list of objects, bound by their prototype chain.\n\nUsed in npm's config stuff.\n","homepage":"https://github.com/isaacs/proto-list#readme","bugs":{"url":"https://github.com/isaacs/proto-list/issues"},"license":"ISC","readmeFilename":"README.md","_attachments":{},"_etag":"W/\"cc1bb46f33913415d8790fcb9cfd457c\"","_lastModified":"Sun, 27 May 2018 13:01:49 GMT"}