{"_id":"lodash._root","_rev":"7-09df14becbbf3970e4310d09bcf3672c","name":"lodash._root","description":"The internal lodash function `root` exported as a module.","dist-tags":{"latest":"3.0.1"},"versions":{"3.0.0":{"name":"lodash._root","version":"3.0.0","description":"The internal lodash function `root` exported as a module.","homepage":"https://lodash.com/","icon":"https://lodash.com/icon.svg","license":"MIT","author":{"name":"John-David Dalton","email":"john.david.dalton@gmail.com","url":"http://allyoucanleet.com/"},"contributors":[{"name":"John-David Dalton","email":"john.david.dalton@gmail.com","url":"http://allyoucanleet.com/"},{"name":"Blaine Bublitz","email":"blaine@iceddev.com","url":"https://github.com/phated"},{"name":"Mathias Bynens","email":"mathias@qiwi.be","url":"https://mathiasbynens.be/"}],"repository":{"type":"git","url":"git+https://github.com/lodash/lodash.git"},"scripts":{"test":"echo \"See https://travis-ci.org/lodash/lodash-cli for testing details.\""},"bugs":{"url":"https://github.com/lodash/lodash/issues"},"_id":"lodash._root@3.0.0","_shasum":"fe2fba5117f3e12c3cf7e13b3993b20f745727b7","_from":".","_npmVersion":"2.14.18","_nodeVersion":"5.5.0","_npmUser":{"name":"jdalton","email":"john.david.dalton@gmail.com"},"dist":{"shasum":"fe2fba5117f3e12c3cf7e13b3993b20f745727b7","tarball":"https://registry.npmjs.org/lodash._root/-/lodash._root-3.0.0.tgz"},"maintainers":[{"name":"jdalton","email":"john.david.dalton@gmail.com"}],"_npmOperationalInternal":{"host":"packages-9-west.internal.npmjs.com","tmp":"tmp/lodash._root-3.0.0.tgz_1454898276727_0.4872864377684891"},"directories":{}},"3.0.1":{"name":"lodash._root","version":"3.0.1","description":"The internal lodash function `root` exported as a module.","homepage":"https://lodash.com/","icon":"https://lodash.com/icon.svg","license":"MIT","author":{"name":"John-David Dalton","email":"john.david.dalton@gmail.com","url":"http://allyoucanleet.com/"},"contributors":[{"name":"John-David Dalton","email":"john.david.dalton@gmail.com","url":"http://allyoucanleet.com/"},{"name":"Blaine Bublitz","email":"blaine@iceddev.com","url":"https://github.com/phated"},{"name":"Mathias Bynens","email":"mathias@qiwi.be","url":"https://mathiasbynens.be/"}],"repository":{"type":"git","url":"git+https://github.com/lodash/lodash.git"},"scripts":{"test":"echo \"See https://travis-ci.org/lodash/lodash-cli for testing details.\""},"bugs":{"url":"https://github.com/lodash/lodash/issues"},"_id":"lodash._root@3.0.1","_shasum":"fba1c4524c19ee9a5f8136b4609f017cf4ded692","_from":".","_npmVersion":"2.14.18","_nodeVersion":"5.5.0","_npmUser":{"name":"jdalton","email":"john.david.dalton@gmail.com"},"dist":{"shasum":"fba1c4524c19ee9a5f8136b4609f017cf4ded692","tarball":"https://registry.npmjs.org/lodash._root/-/lodash._root-3.0.1.tgz"},"maintainers":[{"name":"jdalton","email":"john.david.dalton@gmail.com"},{"name":"mathias","email":"mathias@qiwi.be"},{"name":"phated","email":"blaine.bublitz@gmail.com"}],"_npmOperationalInternal":{"host":"packages-6-west.internal.npmjs.com","tmp":"tmp/lodash._root-3.0.1.tgz_1455615057559_0.24128212919458747"},"directories":{}}},"readme":"# lodash._root v3.0.1\n\nThe internal [lodash](https://lodash.com/) function `root` exported as a [Node.js](https://nodejs.org/) module.\n\n## Installation\n\nUsing npm:\n```bash\n$ {sudo -H} npm i -g npm\n$ npm i --save lodash._root\n```\n\nIn Node.js:\n```js\nvar root = require('lodash._root');\n```\n\nSee the [package source](https://github.com/lodash/lodash/blob/3.0.1-npm-packages/lodash._root) for more details.\n","maintainers":[{"name":"jdalton","email":"john.david.dalton@gmail.com"},{"name":"mathias","email":"mathias@qiwi.be"}],"time":{"modified":"2017-09-29T18:16:15.353Z","created":"2016-02-08T02:24:37.741Z","3.0.0":"2016-02-08T02:24:37.741Z","3.0.1":"2016-02-16T09:30:59.518Z"},"homepage":"https://lodash.com/","repository":{"type":"git","url":"git+https://github.com/lodash/lodash.git"},"contributors":[{"name":"John-David Dalton","email":"john.david.dalton@gmail.com","url":"http://allyoucanleet.com/"},{"name":"Blaine Bublitz","email":"blaine@iceddev.com","url":"https://github.com/phated"},{"name":"Mathias Bynens","email":"mathias@qiwi.be","url":"https://mathiasbynens.be/"}],"author":{"name":"John-David Dalton","email":"john.david.dalton@gmail.com","url":"http://allyoucanleet.com/"},"bugs":{"url":"https://github.com/lodash/lodash/issues"},"license":"MIT","readmeFilename":"README.md","_attachments":{},"_etag":"W/\"8f1c3e52500e27e33c6ce121177fd92a\"","_lastModified":"Sun, 27 May 2018 06:58:12 GMT"}