{"_id":"ecc-jsbn","_rev":"10-8b218cfb422d75ba8b21b3b888290c87","name":"ecc-jsbn","description":"ECC JS code based on JSBN","dist-tags":{"latest":"0.2.0"},"versions":{"0.0.1":{"name":"ecc-jsbn","version":"0.0.1","description":"ECC JS code based on JSBN","main":"index.js","repository":{"type":"git","url":"https://github.com/quartzjer/ecc-jsbn.git"},"keywords":["jsbn","ecc","browserify"],"author":{"name":"Jeremie Miller","email":"jeremie@jabber.org","url":"http://jeremie.com/"},"maintainers":[{"name":"quartzjer","email":"jeremie@jabber.org"}],"dependencies":{"jsbn":"git+https://github.com/rynomad/jsbn.git"},"license":"MIT","bugs":{"url":"https://github.com/quartzjer/ecc-jsbn/issues"},"homepage":"https://github.com/quartzjer/ecc-jsbn","_id":"ecc-jsbn@0.0.1","dist":{"shasum":"970577ba31b4976fb1889a298cb7451d896c466d","tarball":"https://registry.npmjs.org/ecc-jsbn/-/ecc-jsbn-0.0.1.tgz"},"_from":".","_npmVersion":"1.3.18","_npmUser":{"name":"quartzjer","email":"jeremie@jabber.org"},"directories":{}},"0.1.1":{"name":"ecc-jsbn","version":"0.1.1","description":"ECC JS code based on JSBN","main":"index.js","repository":{"type":"git","url":"git+https://github.com/quartzjer/ecc-jsbn.git"},"keywords":["jsbn","ecc","browserify"],"author":{"name":"Jeremie Miller","email":"jeremie@jabber.org","url":"http://jeremie.com/"},"maintainers":[{"name":"quartzjer","email":"jeremie@jabber.org"},{"name":"rynomad","email":"nomad.ry@gmail.com"}],"dependencies":{"jsbn":"~0.1.0"},"license":"MIT","bugs":{"url":"https://github.com/quartzjer/ecc-jsbn/issues"},"homepage":"https://github.com/quartzjer/ecc-jsbn","gitHead":"d35a360352496721030da645e8054f07efc22487","_id":"ecc-jsbn@0.1.1","scripts":{},"_shasum":"0fc73a9ed5f0d53c38193398523ef7e543777505","_from":".","_npmVersion":"2.11.2","_nodeVersion":"0.12.6","_npmUser":{"name":"quartzjer","email":"jeremie@jabber.org"},"dist":{"shasum":"0fc73a9ed5f0d53c38193398523ef7e543777505","tarball":"https://registry.npmjs.org/ecc-jsbn/-/ecc-jsbn-0.1.1.tgz"},"directories":{}},"0.1.2":{"name":"ecc-jsbn","version":"0.1.2","description":"ECC JS code based on JSBN","main":"index.js","repository":{"type":"git","url":"https://github.com/quartzjer/ecc-jsbn.git"},"keywords":["jsbn","ecc","browserify"],"author":{"name":"Jeremie Miller","email":"jeremie@jabber.org","url":"http://jeremie.com/"},"maintainers":[{"email":"duhamelantoine1995@gmail.com","name":"aduh95"},{"email":"jeremie@jabber.org","name":"quartzjer"},{"email":"nomad.ry@gmail.com","name":"rynomad"}],"dependencies":{"jsbn":"~0.1.0","safer-buffer":"^2.1.0"},"license":"MIT","bugs":{"url":"https://github.com/quartzjer/ecc-jsbn/issues"},"homepage":"https://github.com/quartzjer/ecc-jsbn","licenseText":"The MIT License (MIT)\n\nCopyright (c) 2014 Jeremie Miller\n\nPermission is hereby granted, free of charge, to any person obtaining a copy\nof this software and associated documentation files (the \"Software\"), to deal\nin the Software without restriction, including without limitation the rights\nto use, copy, modify, merge, publish, distribute, sublicense, and/or sell\ncopies of the Software, and to permit persons to whom the Software is\nfurnished to do so, subject to the following conditions:\n\nThe above copyright notice and this permission notice shall be included in all\ncopies or substantial portions of the Software.\n\nTHE SOFTWARE IS PROVIDED \"AS IS\", WITHOUT WARRANTY OF ANY KIND, EXPRESS OR\nIMPLIED, INCLUDING BUT NOT LIMITED TO THE WARRANTIES OF MERCHANTABILITY,\nFITNESS FOR A PARTICULAR PURPOSE AND NONINFRINGEMENT. IN NO EVENT SHALL THE\nAUTHORS OR COPYRIGHT HOLDERS BE LIABLE FOR ANY CLAIM, DAMAGES OR OTHER\nLIABILITY, WHETHER IN AN ACTION OF CONTRACT, TORT OR OTHERWISE, ARISING FROM,\nOUT OF OR IN CONNECTION WITH THE SOFTWARE OR THE USE OR OTHER DEALINGS IN THE\nSOFTWARE.","_id":"ecc-jsbn@0.1.2","dist":{"shasum":"3a83a904e54353287874c564b7549386849a98c9","tarball":"https://registry.npmjs.org/ecc-jsbn/-/ecc-jsbn-0.1.2.tgz","fileCount":10,"unpackedSize":27799},"_npmUser":{"name":"aduh95","email":"duhamelantoine1995@gmail.com"},"directories":{},"_npmOperationalInternal":{"host":"s3://npm-registry-packages","tmp":"tmp/ecc-jsbn_0.1.2_1532879660765_0.1527427174348932"}},"0.2.0":{"name":"ecc-jsbn","version":"0.2.0","description":"ECC JS code based on JSBN","main":"index.js","repository":{"type":"git","url":"https://github.com/quartzjer/ecc-jsbn.git"},"keywords":["jsbn","ecc","browserify"],"author":{"name":"Jeremie Miller","email":"jeremie@jabber.org","url":"http://jeremie.com/"},"maintainers":[{"email":"duhamelantoine1995@gmail.com","name":"aduh95"},{"email":"jeremie@jabber.org","name":"quartzjer"},{"email":"nomad.ry@gmail.com","name":"rynomad"}],"scripts":{"preversion":"node ./test.js"},"dependencies":{"jsbn":"~0.1.0"},"license":"MIT","bugs":{"url":"https://github.com/quartzjer/ecc-jsbn/issues"},"engines":{"node":">=6.0.0"},"homepage":"https://github.com/quartzjer/ecc-jsbn","licenseText":"The MIT License (MIT)\n\nCopyright (c) 2014 Jeremie Miller\n\nPermission is hereby granted, free of charge, to any person obtaining a copy\nof this software and associated documentation files (the \"Software\"), to deal\nin the Software without restriction, including without limitation the rights\nto use, copy, modify, merge, publish, distribute, sublicense, and/or sell\ncopies of the Software, and to permit persons to whom the Software is\nfurnished to do so, subject to the following conditions:\n\nThe above copyright notice and this permission notice shall be included in all\ncopies or substantial portions of the Software.\n\nTHE SOFTWARE IS PROVIDED \"AS IS\", WITHOUT WARRANTY OF ANY KIND, EXPRESS OR\nIMPLIED, INCLUDING BUT NOT LIMITED TO THE WARRANTIES OF MERCHANTABILITY,\nFITNESS FOR A PARTICULAR PURPOSE AND NONINFRINGEMENT. IN NO EVENT SHALL THE\nAUTHORS OR COPYRIGHT HOLDERS BE LIABLE FOR ANY CLAIM, DAMAGES OR OTHER\nLIABILITY, WHETHER IN AN ACTION OF CONTRACT, TORT OR OTHERWISE, ARISING FROM,\nOUT OF OR IN CONNECTION WITH THE SOFTWARE OR THE USE OR OTHER DEALINGS IN THE\nSOFTWARE.","_id":"ecc-jsbn@0.2.0","dist":{"shasum":"7c98afab245f6df32290473c0abee2f2d39334c7","tarball":"https://registry.npmjs.org/ecc-jsbn/-/ecc-jsbn-0.2.0.tgz","fileCount":10,"unpackedSize":26962},"_npmUser":{"name":"aduh95","email":"duhamelantoine1995@gmail.com"},"directories":{},"_npmOperationalInternal":{"host":"s3://npm-registry-packages","tmp":"tmp/ecc-jsbn_0.2.0_1532886280183_0.328701639638149"}}},"readme":"ecc-jsbn\n========\n\nECC package based on [jsbn](https://github.com/andyperlitch/jsbn) from [Tom Wu](http://www-cs-students.stanford.edu/~tjw/).\n\nThis is a subset of the same interface as the [node compiled module](https://github.com/quartzjer/ecc), but works in the browser too.\n\nAlso uses point compression now from [https://github.com/kaielvin](https://github.com/kaielvin/jsbn-ec-point-compression).\n","maintainers":[{"email":"duhamelantoine1995@gmail.com","name":"aduh95"},{"email":"jeremie@jabber.org","name":"quartzjer"},{"email":"nomad.ry@gmail.com","name":"rynomad"}],"time":{"modified":"2018-07-29T17:44:40.282Z","created":"2014-03-06T05:48:33.314Z","0.0.1":"2014-03-06T05:48:34.662Z","0.1.1":"2015-11-23T14:19:09.579Z","0.1.2":"2018-07-29T15:54:20.855Z","0.2.0":"2018-07-29T17:44:40.282Z"},"readmeFilename":"README.md","homepage":"https://github.com/quartzjer/ecc-jsbn","keywords":["jsbn","ecc","browserify"],"repository":{"type":"git","url":"https://github.com/quartzjer/ecc-jsbn.git"},"author":{"name":"Jeremie Miller","email":"jeremie@jabber.org","url":"http://jeremie.com/"},"bugs":{"url":"https://github.com/quartzjer/ecc-jsbn/issues"},"license":"MIT","users":{"mojaray2k":true},"_attachments":{},"_etag":"W/\"972b128f4c15e931ec8836237cce37e0\"","_lastModified":"Sun, 29 Jul 2018 17:44:41 GMT"}