{"_id":"npm-install-checks","_rev":"26-09796e1047f002999834b722b4d5b19e","name":"npm-install-checks","description":"checks that npm runs during the installation of a module","dist-tags":{"latest":"3.0.0"},"versions":{"0.0.1":{"name":"npm-install-checks","version":"0.0.1","description":"checks that npm runs during the installation of a module","main":"index.js","dependencies":{"npmlog":"0.0.6","semver":"~2.2.1"},"devDependencies":{"tap":"~0.4.8","rimraf":"~2.2.5","mkdirp":"~0.3.5"},"scripts":{"test":"tap test/*.js"},"repository":{"type":"git","url":"git://github.com/robertkowalski/npm-install-checks.git"},"homepage":"https://github.com/robertkowalski/npm-install-checks","keywords":["npm,","install"],"author":{"name":"Robert Kowalski","email":"rok@kowalski.gd"},"license":"BSD-2-Clause","bugs":{"url":"https://github.com/robertkowalski/npm-install-checks/issues"},"_id":"npm-install-checks@0.0.1","dist":{"shasum":"afce6685d9bc70a7a323076e81706b08c3bab359","tarball":"https://registry.npmjs.org/npm-install-checks/-/npm-install-checks-0.0.1.tgz"},"_from":".","_npmVersion":"1.3.23","_npmUser":{"name":"robertkowalski","email":"rok@kowalski.gd"},"maintainers":[{"name":"robertkowalski","email":"rok@kowalski.gd"}],"directories":{}},"1.0.0":{"name":"npm-install-checks","version":"1.0.0","description":"checks that npm runs during the installation of a module","main":"index.js","dependencies":{"npmlog":"0.0.6","semver":"~2.2.1"},"devDependencies":{"tap":"~0.4.8","rimraf":"~2.2.5","mkdirp":"~0.3.5"},"scripts":{"test":"tap test/*.js"},"repository":{"type":"git","url":"git://github.com/robertkowalski/npm-install-checks.git"},"homepage":"https://github.com/robertkowalski/npm-install-checks","keywords":["npm,","install"],"author":{"name":"Robert Kowalski","email":"rok@kowalski.gd"},"license":"BSD-2-Clause","bugs":{"url":"https://github.com/robertkowalski/npm-install-checks/issues"},"_id":"npm-install-checks@1.0.0","dist":{"shasum":"7e1469b5e0c693b2ae2a8830b5fc4e7bf76c88fd","tarball":"https://registry.npmjs.org/npm-install-checks/-/npm-install-checks-1.0.0.tgz"},"_from":".","_npmVersion":"1.3.23","_npmUser":{"name":"robertkowalski","email":"rok@kowalski.gd"},"maintainers":[{"name":"robertkowalski","email":"rok@kowalski.gd"}],"directories":{}},"1.0.1":{"name":"npm-install-checks","version":"1.0.1","description":"checks that npm runs during the installation of a module","main":"index.js","dependencies":{"npmlog":"0.0.6","semver":"^2.3.0"},"devDependencies":{"tap":"~0.4.8","rimraf":"~2.2.5","mkdirp":"~0.3.5"},"scripts":{"test":"tap test/*.js"},"repository":{"type":"git","url":"git://github.com/npm/npm-install-checks.git"},"homepage":"https://github.com/npm/npm-install-checks","keywords":["npm,","install"],"author":{"name":"Robert Kowalski","email":"rok@kowalski.gd"},"license":"BSD-2-Clause","bugs":{"url":"https://github.com/npm/npm-install-checks/issues"},"_id":"npm-install-checks@1.0.1","_shasum":"547a73dec58acfd52365012e60de9418b6405101","_from":".","_npmVersion":"1.4.10","_npmUser":{"name":"isaacs","email":"i@izs.me"},"maintainers":[{"name":"robertkowalski","email":"rok@kowalski.gd"},{"name":"isaacs","email":"i@izs.me"}],"dist":{"shasum":"547a73dec58acfd52365012e60de9418b6405101","tarball":"https://registry.npmjs.org/npm-install-checks/-/npm-install-checks-1.0.1.tgz"},"directories":{}},"1.0.2":{"name":"npm-install-checks","version":"1.0.2","description":"checks that npm runs during the installation of a module","main":"index.js","dependencies":{"npmlog":"0.1","semver":"^2.3.0"},"devDependencies":{"tap":"~0.4.8","rimraf":"~2.2.5","mkdirp":"~0.3.5"},"scripts":{"test":"tap test/*.js"},"repository":{"type":"git","url":"git://github.com/npm/npm-install-checks.git"},"homepage":"https://github.com/npm/npm-install-checks","keywords":["npm,","install"],"author":{"name":"Robert Kowalski","email":"rok@kowalski.gd"},"license":"BSD-2-Clause","bugs":{"url":"https://github.com/npm/npm-install-checks/issues"},"gitHead":"056ade7c5e3a6b3c720ca6a743c1b99a0705d29e","_id":"npm-install-checks@1.0.2","_shasum":"ebba769753fc8551308333ef411920743a6809f6","_from":".","_npmVersion":"1.4.14","_npmUser":{"name":"isaacs","email":"i@izs.me"},"maintainers":[{"name":"robertkowalski","email":"rok@kowalski.gd"},{"name":"isaacs","email":"i@izs.me"}],"dist":{"shasum":"ebba769753fc8551308333ef411920743a6809f6","tarball":"https://registry.npmjs.org/npm-install-checks/-/npm-install-checks-1.0.2.tgz"},"directories":{}},"1.0.3":{"name":"npm-install-checks","version":"1.0.3","description":"checks that npm runs during the installation of a module","main":"index.js","dependencies":{"npmlog":"0.1","semver":"^2.3.0 || 3.x"},"devDependencies":{"tap":"~0.4.8","rimraf":"~2.2.5","mkdirp":"~0.3.5"},"scripts":{"test":"tap test/*.js"},"repository":{"type":"git","url":"git://github.com/npm/npm-install-checks.git"},"homepage":"https://github.com/npm/npm-install-checks","keywords":["npm,","install"],"author":{"name":"Robert Kowalski","email":"rok@kowalski.gd"},"license":"BSD-2-Clause","bugs":{"url":"https://github.com/npm/npm-install-checks/issues"},"gitHead":"ca29c68e45e691062471eeb4875f4ec5905277c5","_id":"npm-install-checks@1.0.3","_shasum":"9301006141a8f1454ae6bfe9a2f89da91316de02","_from":".","_npmVersion":"2.0.0-alpha-5","_npmUser":{"name":"isaacs","email":"i@izs.me"},"maintainers":[{"name":"robertkowalski","email":"rok@kowalski.gd"},{"name":"isaacs","email":"i@izs.me"}],"dist":{"shasum":"9301006141a8f1454ae6bfe9a2f89da91316de02","tarball":"https://registry.npmjs.org/npm-install-checks/-/npm-install-checks-1.0.3.tgz"},"directories":{}},"1.0.4":{"name":"npm-install-checks","version":"1.0.4","description":"checks that npm runs during the installation of a module","main":"index.js","dependencies":{"npmlog":"0.1","semver":"^2.3.0 || 3.x || 4"},"devDependencies":{"tap":"~0.4.8","rimraf":"~2.2.5","mkdirp":"~0.3.5"},"scripts":{"test":"tap test/*.js"},"repository":{"type":"git","url":"git://github.com/npm/npm-install-checks.git"},"homepage":"https://github.com/npm/npm-install-checks","keywords":["npm,","install"],"author":{"name":"Robert Kowalski","email":"rok@kowalski.gd"},"license":"BSD-2-Clause","bugs":{"url":"https://github.com/npm/npm-install-checks/issues"},"gitHead":"05944f95860b0ac3769667551c4b7aa3d3fcdc32","_id":"npm-install-checks@1.0.4","_shasum":"9757c6f9d4d493c2489465da6d07a8ed416d44c8","_from":".","_npmVersion":"2.0.0-beta.3","_npmUser":{"name":"isaacs","email":"i@izs.me"},"maintainers":[{"name":"robertkowalski","email":"rok@kowalski.gd"},{"name":"isaacs","email":"i@izs.me"}],"dist":{"shasum":"9757c6f9d4d493c2489465da6d07a8ed416d44c8","tarball":"https://registry.npmjs.org/npm-install-checks/-/npm-install-checks-1.0.4.tgz"},"directories":{}},"1.0.5":{"name":"npm-install-checks","version":"1.0.5","description":"checks that npm runs during the installation of a module","main":"index.js","dependencies":{"npmlog":"0.1 || 1","semver":"^2.3.0 || 3.x || 4"},"devDependencies":{"tap":"~0.4.8","rimraf":"~2.2.5","mkdirp":"~0.3.5"},"scripts":{"test":"tap test/*.js"},"repository":{"type":"git","url":"git://github.com/npm/npm-install-checks.git"},"homepage":"https://github.com/npm/npm-install-checks","keywords":["npm,","install"],"author":{"name":"Robert Kowalski","email":"rok@kowalski.gd"},"license":"BSD-2-Clause","bugs":{"url":"https://github.com/npm/npm-install-checks/issues"},"gitHead":"c36e052a0a54ad82932689fa86fd59197277f80d","_id":"npm-install-checks@1.0.5","_shasum":"a1b5beabfd60e0535b14f763157c410cb6bdae56","_from":".","_npmVersion":"2.1.11","_nodeVersion":"0.10.33","_npmUser":{"name":"iarna","email":"me@re-becca.org"},"maintainers":[{"name":"robertkowalski","email":"rok@kowalski.gd"},{"name":"isaacs","email":"i@izs.me"},{"name":"iarna","email":"me@re-becca.org"}],"dist":{"shasum":"a1b5beabfd60e0535b14f763157c410cb6bdae56","tarball":"https://registry.npmjs.org/npm-install-checks/-/npm-install-checks-1.0.5.tgz"},"directories":{}},"1.0.6":{"name":"npm-install-checks","version":"1.0.6","description":"checks that npm runs during the installation of a module","main":"index.js","dependencies":{"npmlog":"0.1 || 1","semver":"^2.3.0 || 3.x || 4 || 5"},"devDependencies":{"mkdirp":"~0.3.5","rimraf":"~2.2.5","tap":"^1.2.0"},"scripts":{"test":"tap test/*.js"},"repository":{"type":"git","url":"git://github.com/npm/npm-install-checks.git"},"homepage":"https://github.com/npm/npm-install-checks","keywords":["npm,","install"],"author":{"name":"Robert Kowalski","email":"rok@kowalski.gd"},"license":"BSD-2-Clause","bugs":{"url":"https://github.com/npm/npm-install-checks/issues"},"gitHead":"f28aebca7f5df0ddb13161b0f04d069004f6c367","_id":"npm-install-checks@1.0.6","_shasum":"8d4c1e852806e4e2d66601ab787be5841550d0cb","_from":".","_npmVersion":"2.13.1","_nodeVersion":"2.3.1","_npmUser":{"name":"othiym23","email":"ogd@aoaioxxysz.net"},"dist":{"shasum":"8d4c1e852806e4e2d66601ab787be5841550d0cb","tarball":"https://registry.npmjs.org/npm-install-checks/-/npm-install-checks-1.0.6.tgz"},"maintainers":[{"name":"robertkowalski","email":"rok@kowalski.gd"},{"name":"isaacs","email":"isaacs@npmjs.com"},{"name":"iarna","email":"me@re-becca.org"},{"name":"othiym23","email":"ogd@aoaioxxysz.net"}],"directories":{}},"2.0.0":{"name":"npm-install-checks","version":"2.0.0","description":"checks that npm runs during the installation of a module","main":"index.js","dependencies":{"npmlog":"0.1 || 1","semver":"^2.3.0 || 3.x || 4 || 5"},"devDependencies":{"mkdirp":"~0.3.5","rimraf":"~2.2.5","tap":"^1.2.0"},"scripts":{"test":"tap test/*.js"},"repository":{"type":"git","url":"git://github.com/npm/npm-install-checks.git"},"homepage":"https://github.com/npm/npm-install-checks","keywords":["npm,","install"],"author":{"name":"Robert Kowalski","email":"rok@kowalski.gd"},"license":"BSD-2-Clause","bugs":{"url":"https://github.com/npm/npm-install-checks/issues"},"gitHead":"7027d5f40bcca73479a7d85dc00cbdb7d53d7e8a","_id":"npm-install-checks@2.0.0","_shasum":"2a517f34f47e1e4aff9432fd62b6debdca150085","_from":".","_npmVersion":"3.1.2","_nodeVersion":"0.10.40","_npmUser":{"name":"iarna","email":"me@re-becca.org"},"dist":{"shasum":"2a517f34f47e1e4aff9432fd62b6debdca150085","tarball":"https://registry.npmjs.org/npm-install-checks/-/npm-install-checks-2.0.0.tgz"},"maintainers":[{"name":"robertkowalski","email":"rok@kowalski.gd"},{"name":"isaacs","email":"isaacs@npmjs.com"},{"name":"iarna","email":"me@re-becca.org"},{"name":"othiym23","email":"ogd@aoaioxxysz.net"}],"directories":{}},"2.0.1":{"name":"npm-install-checks","version":"2.0.1","description":"checks that npm runs during the installation of a module","main":"index.js","dependencies":{"npmlog":"0.1 || 1","semver":"^2.3.0 || 3.x || 4 || 5"},"devDependencies":{"mkdirp":"~0.3.5","rimraf":"~2.2.5","tap":"^1.2.0"},"scripts":{"test":"tap test/*.js"},"repository":{"type":"git","url":"git://github.com/npm/npm-install-checks.git"},"homepage":"https://github.com/npm/npm-install-checks","keywords":["npm,","install"],"author":{"name":"Robert Kowalski","email":"rok@kowalski.gd"},"license":"BSD-2-Clause","bugs":{"url":"https://github.com/npm/npm-install-checks/issues"},"gitHead":"1e9474f30490cd7621e976e91fa611d35e644f64","_id":"npm-install-checks@2.0.1","_shasum":"a93540b53f04fa9d916d2733d6541f6db7d88e46","_from":".","_npmVersion":"3.3.4","_nodeVersion":"4.0.0","_npmUser":{"name":"iarna","email":"me@re-becca.org"},"dist":{"shasum":"a93540b53f04fa9d916d2733d6541f6db7d88e46","tarball":"https://registry.npmjs.org/npm-install-checks/-/npm-install-checks-2.0.1.tgz"},"maintainers":[{"name":"robertkowalski","email":"rok@kowalski.gd"},{"name":"isaacs","email":"isaacs@npmjs.com"},{"name":"iarna","email":"me@re-becca.org"},{"name":"othiym23","email":"ogd@aoaioxxysz.net"}],"directories":{}},"3.0.0":{"name":"npm-install-checks","version":"3.0.0","description":"checks that npm runs during the installation of a module","main":"index.js","dependencies":{"semver":"^2.3.0 || 3.x || 4 || 5"},"devDependencies":{"mkdirp":"~0.3.5","rimraf":"~2.2.5","standard":"^5.4.1","tap":"^5.0.1"},"scripts":{"test":"standard && tap --coverage test/*.js"},"repository":{"type":"git","url":"git://github.com/npm/npm-install-checks.git"},"homepage":"https://github.com/npm/npm-install-checks","keywords":["npm,","install"],"author":{"name":"Robert Kowalski","email":"rok@kowalski.gd"},"license":"BSD-2-Clause","bugs":{"url":"https://github.com/npm/npm-install-checks/issues"},"gitHead":"49d3ea33262de10f99ac6968e621be416f572774","_id":"npm-install-checks@3.0.0","_shasum":"d4aecdfd51a53e3723b7b2f93b2ee28e307bc0d7","_from":".","_npmVersion":"3.5.3","_nodeVersion":"4.2.2","_npmUser":{"name":"iarna","email":"me@re-becca.org"},"dist":{"shasum":"d4aecdfd51a53e3723b7b2f93b2ee28e307bc0d7","tarball":"https://registry.npmjs.org/npm-install-checks/-/npm-install-checks-3.0.0.tgz"},"maintainers":[{"name":"robertkowalski","email":"rok@kowalski.gd"},{"name":"isaacs","email":"isaacs@npmjs.com"},{"name":"iarna","email":"me@re-becca.org"},{"name":"othiym23","email":"ogd@aoaioxxysz.net"}],"directories":{}},"1.0.7":{"name":"npm-install-checks","version":"1.0.7","description":"checks that npm runs during the installation of a module","main":"index.js","dependencies":{"npmlog":"0.1 || 1 || 2","semver":"^2.3.0 || 3.x || 4 || 5"},"devDependencies":{"mkdirp":"~0.3.5","rimraf":"~2.2.5","tap":"^1.2.0"},"scripts":{"test":"tap test/*.js"},"repository":{"type":"git","url":"git://github.com/npm/npm-install-checks.git"},"homepage":"https://github.com/npm/npm-install-checks","keywords":["npm,","install"],"author":{"name":"Robert Kowalski","email":"rok@kowalski.gd"},"license":"BSD-2-Clause","bugs":{"url":"https://github.com/npm/npm-install-checks/issues"},"gitHead":"4882a47d954ceeec567db87219bbc31f64af191e","_id":"npm-install-checks@1.0.7","_shasum":"6d91aeda0ac96801f1ed7aadee116a6c0a086a57","_from":".","_npmVersion":"2.14.19","_nodeVersion":"4.2.4","_npmUser":{"name":"zkat","email":"kat@sykosomatic.org"},"dist":{"shasum":"6d91aeda0ac96801f1ed7aadee116a6c0a086a57","tarball":"https://registry.npmjs.org/npm-install-checks/-/npm-install-checks-1.0.7.tgz"},"maintainers":[{"name":"iarna","email":"me@re-becca.org"},{"name":"isaacs","email":"i@izs.me"},{"name":"othiym23","email":"ogd@aoaioxxysz.net"},{"name":"robertkowalski","email":"rok@kowalski.gd"},{"name":"zkat","email":"kat@sykosomatic.org"}],"_npmOperationalInternal":{"host":"packages-6-west.internal.npmjs.com","tmp":"tmp/npm-install-checks-1.0.7.tgz_1455329001145_0.8577833492308855"},"directories":{}}},"readme":"# npm-install-checks\n\nA package that contains checks that npm runs during the installation.\n\n## API\n\n### .checkEngine(target, npmVer, nodeVer, force, strict, cb)\nCheck if node/npm version is supported by the package.\n\nError type: `ENOTSUP`\n\n### .checkPlatform(target, force, cb)\nCheck if OS/Arch is supported by the package.\n\nError type: `EBADPLATFORM`\n\n### .checkCycle(target, ancestors, cb)\nCheck for cyclic dependencies.\n\nError type: `ECYCLE`\n\n### .checkGit(folder, cb)\nCheck if a folder is a .git folder.\n\nError type: `EISGIT`\n","maintainers":[{"email":"kzm@sykosomatic.org","name":"zkat"},{"email":"ogd@aoaioxxysz.net","name":"othiym23"},{"email":"rok@kowalski.gd","name":"robertkowalski"},{"email":"i@izs.me","name":"isaacs"},{"email":"me@re-becca.org","name":"iarna"}],"time":{"modified":"2017-10-13T22:50:24.456Z","created":"2014-01-12T15:44:09.077Z","0.0.1":"2014-01-12T15:44:09.077Z","1.0.0":"2014-01-13T20:01:15.796Z","1.0.1":"2014-05-13T01:12:51.094Z","1.0.2":"2014-06-06T04:29:17.168Z","1.0.3":"2014-07-23T21:18:48.460Z","1.0.4":"2014-09-11T07:11:20.782Z","1.0.5":"2015-01-07T18:44:43.931Z","1.0.6":"2015-07-16T23:46:22.059Z","2.0.0":"2015-07-23T09:46:08.974Z","2.0.1":"2015-09-17T23:41:37.425Z","3.0.0":"2016-01-12T19:47:29.913Z","1.0.7":"2016-02-13T02:03:22.719Z"},"homepage":"https://github.com/npm/npm-install-checks","keywords":["npm,","install"],"repository":{"type":"git","url":"git://github.com/npm/npm-install-checks.git"},"author":{"name":"Robert Kowalski","email":"rok@kowalski.gd"},"bugs":{"url":"https://github.com/npm/npm-install-checks/issues"},"license":"BSD-2-Clause","readmeFilename":"README.md","_attachments":{},"_etag":"W/\"9bddfba7cbfff48173fd71db772fb7c2\"","_lastModified":"Sun, 27 May 2018 10:39:22 GMT"}